epoch,mAP_depth,mAP_edge,mAP_fusion,mAP_image,mAP_text,medium,similarity_depth,similarity_edge,similarity_fusion,similarity_image,similarity_text,step,test_any_modality_top1_acc,test_any_modality_top5_acc,test_loss_depth,test_loss_edge,test_loss_fusion,test_loss_image,test_loss_text,test_top1_acc_depth,test_top1_acc_edge,test_top1_acc_fusion,test_top1_acc_image,test_top1_acc_text,test_top5_acc_depth,test_top5_acc_edge,test_top5_acc_fusion,test_top5_acc_image,test_top5_acc_text,test_total_loss_epoch,test_total_loss_step,total_loss_epoch,total_loss_step,train_loss_depth_epoch,train_loss_depth_step,train_loss_edge_epoch,train_loss_edge_step,train_loss_fusion_epoch,train_loss_fusion_step,train_loss_image_epoch,train_loss_image_step,train_loss_text_epoch,train_loss_text_step,train_top1_acc_depth,train_top1_acc_edge,train_top1_acc_fusion,train_top1_acc_image,train_top1_acc_text,val_any_modality_top1_acc,val_any_modality_top5_acc,val_loss_depth,val_loss_edge,val_loss_fusion,val_loss_image,val_loss_text,val_top1_acc_depth,val_top1_acc_edge,val_top1_acc_fusion,val_top1_acc_image,val_top1_acc_text,val_top5_acc_depth,val_top5_acc_edge,val_top5_acc_fusion,val_top5_acc_image,val_top5_acc_text,val_total_loss_epoch,val_total_loss_step
0,,,,,,,,,,,,0,,,,,,,,,,,,,,,,,,,,,72.87996673583984,,8.983930587768555,,8.731112480163574,,37.20098876953125,,9.188651084899902,,8.775283813476562,,,,,,,,,,,,,,,,,,,,,,,,
0,,,,,,,,,,,,1,,,,,,,,,,,,,,,,,,,,,70.40107727050781,,9.610771179199219,,9.135558128356934,,33.47593307495117,,9.664666175842285,,8.514148712158203,,,,,,,,,,,,,,,,,,,,,,,,
0,,,,,,,,,,,,2,,,,,,,,,,,,,,,,,,,,,67.26815795898438,,8.906902313232422,,8.514463424682617,,32.669681549072266,,8.888866424560547,,8.288249015808105,,,,,,,,,,,,,,,,,,,,,,,,
0,,,,,,,,,,,,3,,,,,,,,,,,,,,,,,,,,,58.688480377197266,,8.164499282836914,,7.994288444519043,,26.211040496826172,,8.253962516784668,,8.064690589904785,,,,,,,,,,,,,,,,,,,,,,,,
0,,,,,,,,,,,,4,,,,,,,,,,,,,,,,,,,,,58.949005126953125,,8.495965003967285,,7.956875801086426,,26.006105422973633,,8.566749572753906,,7.923308372497559,,,,,,,,,,,,,,,,,,,,,,,,
0,,,,,,,,,,,,5,,,,,,,,,,,,,,,,,,,,,53.38113021850586,,8.236207962036133,,7.862575531005859,,21.291419982910156,,8.298575401306152,,7.692352294921875,,,,,,,,,,,,,,,,,,,,,,,,
0,,,,,,,,,,,,6,,,,,,,,,,,,,,,,,,,,,52.31800842285156,,7.8233160972595215,,7.604001998901367,,21.264253616333008,,7.964958190917969,,7.661476135253906,,,,,,,,,,,,,,,,,,,,,,,,
0,,,,,,,,,,,,7,,,,,,,,,,,,,,,,,,,,,50.524410247802734,,7.884463310241699,,7.647148132324219,,19.531044006347656,,7.911975383758545,,7.549778938293457,,,,,,,,,,,,,,,,,,,,,,,,
0,,,,,,,,,,,,8,,,,,,,,,,,,,,,,,,,,,48.46653747558594,,8.000460624694824,,7.698274612426758,,17.242515563964844,,8.003786087036133,,7.521500587463379,,,,,,,,,,,,,,,,,,,,,,,,
0,,,,,,,,,,,,9,,,,,,,,,,,,,,,,,,,,,49.746360778808594,,7.778300762176514,,7.501827239990234,,19.201141357421875,,7.787833213806152,,7.477258205413818,,,,,,,,,,,,,,,,,,,,,,,,
0,,,,,,,,,,,,10,,,,,,,,,,,,,,,,,,,,,45.55451965332031,,7.523506164550781,,7.429636001586914,,15.530614852905273,,7.6619110107421875,,7.408851623535156,,,,,,,,,,,,,,,,,,,,,,,,
0,,,,,,,,,,,,11,,,,,,,,,,,,,,,,,,,,,44.61469650268555,,7.640237808227539,,7.463566780090332,,14.358882904052734,,7.788397789001465,,7.363612174987793,,,,,,,,,,,,,,,,,,,,,,,,
0,,,,,,,,,,,,12,,,,,,,,,,,,,,,,,,,,,44.63855743408203,,7.6175689697265625,,7.453601837158203,,14.554479598999023,,7.648262977600098,,7.364645004272461,,,,,,,,,,,,,,,,,,,,,,,,
0,,,,,,,,,,,,13,,,,,,,,,,,,,,,,,,,,,42.18214416503906,,7.521028518676758,,7.373139381408691,,12.376829147338867,,7.5796051025390625,,7.331541061401367,,,,,,,,,,,,,,,,,,,,,,,,
0,,,,,,,,,,,,14,,,,,,,,,,,,,,,,,,,,,43.136474609375,,7.442985534667969,,7.271136283874512,,13.63482666015625,,7.50754976272583,,7.279975414276123,,,,,,,,,,,,,,,,,,,,,,,,
0,,,,,,,,,,,,15,,,,,,,,,,,,,,,,,,,,,42.31428527832031,,7.454011917114258,,7.345824241638184,,12.804975509643555,,7.430577278137207,,7.278897285461426,,,,,,,,,,,,,,,,,,,,,,,,
0,,,,,,,,,,,,16,,,,,,,,,,,,,,,,,,,,,31.660959243774414,,5.725751876831055,,5.504799842834473,,9.424928665161133,,5.6003875732421875,,5.40509033203125,,,,,,,,,,,,,,,,,,,,,,,,
,,,,,,,,,,,,0,,,,,,,,,,,,,,,,,,,,,,,,,,,,,,,,,,,,,,,,,,,,,,,,,,,,,,,30.193784713745117
0,,,,,,,,,,,,16,,,,,,,,,,,,,,,,,,,,,,,,,,,,,,,,,,,,,0.02500000037252903,0.10000000149011612,5.831393241882324,5.630249500274658,7.303579330444336,5.89327335357666,5.5352888107299805,0.004999999888241291,0.004999999888241291,0.004999999888241291,0.004999999888241291,0.004999999888241291,0.02500000037252903,0.019999999552965164,0.02500000037252903,0.029999999329447746,0.02500000037252903,30.193784713745117,
0,,,,,,16540.0,,,,,,16,,,,,,,,,,,,,,,,,,,,52.61695098876953,,8.045670509338379,,7.7896833419799805,,20.97469711303711,,8.110247611999512,,7.696654319763184,,0.0028415960259735584,0.002660217462107539,0.0032648122869431973,0.0036577994469553232,0.0028718258254230022,,,,,,,,,,,,,,,,,,,
1,,,,,,,,,,,,17,,,,,,,,,,,,,,,,,,,,,40.10904312133789,,7.399719715118408,,7.280635833740234,,10.8063325881958,,7.425292015075684,,7.197063446044922,,,,,,,,,,,,,,,,,,,,,,,,
1,,,,,,,,,,,,18,,,,,,,,,,,,,,,,,,,,,39.87028503417969,,7.311631202697754,,7.2249226570129395,,10.785741806030273,,7.337940692901611,,7.210052490234375,,,,,,,,,,,,,,,,,,,,,,,,
1,,,,,,,,,,,,19,,,,,,,,,,,,,,,,,,,,,39.44710159301758,,7.285778522491455,,7.1787590980529785,,10.432743072509766,,7.33880090713501,,7.211020469665527,,,,,,,,,,,,,,,,,,,,,,,,
1,,,,,,,,,,,,20,,,,,,,,,,,,,,,,,,,,,39.182247161865234,,7.308732032775879,,7.224793910980225,,10.183481216430664,,7.326424598693848,,7.138814926147461,,,,,,,,,,,,,,,,,,,,,,,,
1,,,,,,,,,,,,21,,,,,,,,,,,,,,,,,,,,,39.025299072265625,,7.3111042976379395,,7.198338031768799,,9.94607162475586,,7.386305809020996,,7.183478832244873,,,,,,,,,,,,,,,,,,,,,,,,
1,,,,,,,,,,,,22,,,,,,,,,,,,,,,,,,,,,38.46306610107422,,7.2600908279418945,,7.151727199554443,,9.588069915771484,,7.29555606842041,,7.167623519897461,,,,,,,,,,,,,,,,,,,,,,,,
1,,,,,,,,,,,,23,,,,,,,,,,,,,,,,,,,,,38.340057373046875,,7.25717306137085,,7.157392501831055,,9.422643661499023,,7.3111042976379395,,7.191745758056641,,,,,,,,,,,,,,,,,,,,,,,,
1,,,,,,,,,,,,24,,,,,,,,,,,,,,,,,,,,,38.0162353515625,,7.231751441955566,,7.176104545593262,,9.184122085571289,,7.297401428222656,,7.126853942871094,,,,,,,,,,,,,,,,,,,,,,,,
1,,,,,,,,,,,,25,,,,,,,,,,,,,,,,,,,,,37.870155334472656,,7.278806686401367,,7.148906707763672,,8.968155860900879,,7.339882850646973,,7.134403228759766,,,,,,,,,,,,,,,,,,,,,,,,
1,,,,,,,,,,,,26,,,,,,,,,,,,,,,,,,,,,37.89909362792969,,7.215654373168945,,7.135896682739258,,9.141073226928711,,7.261571407318115,,7.144899368286133,,,,,,,,,,,,,,,,,,,,,,,,
1,,,,,,,,,,,,27,,,,,,,,,,,,,,,,,,,,,37.72667694091797,,7.236712455749512,,7.127002716064453,,8.96018123626709,,7.275179862976074,,7.127599716186523,,,,,,,,,,,,,,,,,,,,,,,,
1,,,,,,,,,,,,28,,,,,,,,,,,,,,,,,,,,,37.305328369140625,,7.18983268737793,,7.101546287536621,,8.71342945098877,,7.200475215911865,,7.100045680999756,,,,,,,,,,,,,,,,,,,,,,,,
1,,,,,,,,,,,,29,,,,,,,,,,,,,,,,,,,,,37.24430465698242,,7.229887962341309,,7.1346940994262695,,8.55868911743164,,7.214349746704102,,7.106684684753418,,,,,,,,,,,,,,,,,,,,,,,,
1,,,,,,,,,,,,30,,,,,,,,,,,,,,,,,,,,,37.03710174560547,,7.220147132873535,,7.143169403076172,,8.291608810424805,,7.225432395935059,,7.156744956970215,,,,,,,,,,,,,,,,,,,,,,,,
1,,,,,,,,,,,,31,,,,,,,,,,,,,,,,,,,,,37.10456848144531,,7.181764125823975,,7.120372772216797,,8.449295997619629,,7.248565673828125,,7.104571342468262,,,,,,,,,,,,,,,,,,,,,,,,
1,,,,,,,,,,,,32,,,,,,,,,,,,,,,,,,,,,36.83464431762695,,7.170960426330566,,7.123289585113525,,8.212267875671387,,7.2116241455078125,,7.116503715515137,,,,,,,,,,,,,,,,,,,,,,,,
1,,,,,,,,,,,,33,,,,,,,,,,,,,,,,,,,,,27.401874542236328,,5.280193328857422,,5.206578254699707,,6.435003280639648,,5.241254806518555,,5.238844871520996,,,,,,,,,,,,,,,,,,,,,,,,
,,,,,,,,,,,,1,,,,,,,,,,,,,,,,,,,,,,,,,,,,,,,,,,,,,,,,,,,,,,,,,,,,,,,27.591867446899414
1,,,,,,,,,,,,33,,,,,,,,,,,,,,,,,,,,,,,,,,,,,,,,,,,,,0.019999999552965164,0.10499999672174454,5.571815013885498,5.463937759399414,5.532953262329102,5.616278171539307,5.406882286071777,0.004999999888241291,0.0,0.004999999888241291,0.004999999888241291,0.004999999888241291,0.02500000037252903,0.029999999329447746,0.02500000037252903,0.02500000037252903,0.02500000037252903,27.591867446899414,
1,,,,,,16540.0,,,,,,33,,,,,,,,,,,,,,,,,,,,38.11519241333008,,7.2369771003723145,,7.145758152008057,,9.325224876403809,,7.2741379737854,,7.133094787597656,,0.00344619108363986,0.0030532043892890215,0.0034764206502586603,0.003869407344609499,0.0041112457402050495,,,,,,,,,,,,,,,,,,,
2,,,,,,,,,,,,34,,,,,,,,,,,,,,,,,,,,,36.58445739746094,,7.186235427856445,,7.085108757019043,,8.076187133789062,,7.181992530822754,,7.054932594299316,,,,,,,,,,,,,,,,,,,,,,,,
2,,,,,,,,,,,,35,,,,,,,,,,,,,,,,,,,,,36.617576599121094,,7.155184745788574,,7.094136714935303,,8.07491683959961,,7.202922344207764,,7.090412616729736,,,,,,,,,,,,,,,,,,,,,,,,
2,,,,,,,,,,,,36,,,,,,,,,,,,,,,,,,,,,36.40746307373047,,7.125768661499023,,7.099109649658203,,7.995401382446289,,7.124157905578613,,7.06302547454834,,,,,,,,,,,,,,,,,,,,,,,,
2,,,,,,,,,,,,37,,,,,,,,,,,,,,,,,,,,,36.33551025390625,,7.130547523498535,,7.071769714355469,,7.963369369506836,,7.107317924499512,,7.062502861022949,,,,,,,,,,,,,,,,,,,,,,,,
2,,,,,,,,,,,,38,,,,,,,,,,,,,,,,,,,,,36.278953552246094,,7.118658065795898,,7.10066032409668,,7.820591926574707,,7.156736373901367,,7.082308292388916,,,,,,,,,,,,,,,,,,,,,,,,
2,,,,,,,,,,,,39,,,,,,,,,,,,,,,,,,,,,36.30426025390625,,7.162881851196289,,7.07689094543457,,7.8498735427856445,,7.138540267944336,,7.076073169708252,,,,,,,,,,,,,,,,,,,,,,,,
2,,,,,,,,,,,,40,,,,,,,,,,,,,,,,,,,,,36.16658020019531,,7.123567581176758,,7.068762302398682,,7.769615173339844,,7.133194923400879,,7.071442127227783,,,,,,,,,,,,,,,,,,,,,,,,
2,,,,,,,,,,,,41,,,,,,,,,,,,,,,,,,,,,36.05792999267578,,7.108109474182129,,7.056665420532227,,7.71422004699707,,7.121067047119141,,7.057866096496582,,,,,,,,,,,,,,,,,,,,,,,,
2,,,,,,,,,,,,42,,,,,,,,,,,,,,,,,,,,,36.115638732910156,,7.139507293701172,,7.0720953941345215,,7.684638977050781,,7.141425132751465,,7.077969074249268,,,,,,,,,,,,,,,,,,,,,,,,
2,,,,,,,,,,,,43,,,,,,,,,,,,,,,,,,,,,35.907772064208984,,7.082265853881836,,7.058506488800049,,7.618614196777344,,7.113987922668457,,7.034398078918457,,,,,,,,,,,,,,,,,,,,,,,,
2,,,,,,,,,,,,44,,,,,,,,,,,,,,,,,,,,,35.997276306152344,,7.125075340270996,,7.0735673904418945,,7.624302864074707,,7.118680000305176,,7.05565071105957,,,,,,,,,,,,,,,,,,,,,,,,
2,,,,,,,,,,,,45,,,,,,,,,,,,,,,,,,,,,35.831329345703125,,7.082551956176758,,7.063141822814941,,7.545026779174805,,7.109956741333008,,7.0306549072265625,,,,,,,,,,,,,,,,,,,,,,,,
2,,,,,,,,,,,,46,,,,,,,,,,,,,,,,,,,,,35.83354187011719,,7.090415000915527,,7.0585455894470215,,7.5476202964782715,,7.091715335845947,,7.045243740081787,,,,,,,,,,,,,,,,,,,,,,,,
2,,,,,,,,,,,,47,,,,,,,,,,,,,,,,,,,,,35.841896057128906,,7.094793319702148,,7.05142068862915,,7.5261383056640625,,7.133881092071533,,7.035661697387695,,,,,,,,,,,,,,,,,,,,,,,,
2,,,,,,,,,,,,48,,,,,,,,,,,,,,,,,,,,,35.79375457763672,,7.084423065185547,,7.063968181610107,,7.483355522155762,,7.121210098266602,,7.040798187255859,,,,,,,,,,,,,,,,,,,,,,,,
2,,,,,,,,,,,,49,,,,,,,,,,,,,,,,,,,,,35.78929138183594,,7.092410087585449,,7.053348541259766,,7.52072811126709,,7.0927629470825195,,7.0300421714782715,,,,,,,,,,,,,,,,,,,,,,,,
2,,,,,,,,,,,,50,,,,,,,,,,,,,,,,,,,,,26.312793731689453,,5.213669776916504,,5.178116798400879,,5.597921371459961,,5.206526279449463,,5.116559982299805,,,,,,,,,,,,,,,,,,,,,,,,
,,,,,,,,,,,,2,,,,,,,,,,,,,,,,,,,,,,,,,,,,,,,,,,,,,,,,,,,,,,,,,,,,,,,27.025863647460938
2,,,,,,,,,,,,50,,,,,,,,,,,,,,,,,,,,,,,,,,,,,,,,,,,,,0.02500000037252903,0.10000000149011612,5.449481964111328,5.387660026550293,5.375855922698975,5.4628496170043945,5.3500165939331055,0.004999999888241291,0.004999999888241291,0.004999999888241291,0.004999999888241291,0.004999999888241291,0.02500000037252903,0.029999999329447746,0.02500000037252903,0.02500000037252903,0.02500000037252903,27.025863647460938,
2,,,,,,16540.0,,,,,,50,,,,,,,,,,,,,,,,,,,,36.02398681640625,,7.100930213928223,,7.053870677947998,,7.718224048614502,,7.112449645996094,,7.038511276245117,,0.0036577992141246796,0.00396009674295783,0.0027811366599053144,0.0043530832044780254,0.0035973398480564356,,,,,,,,,,,,,,,,,,,
3,,,,,,,,,,,,51,,,,,,,,,,,,,,,,,,,,,35.74987030029297,,7.081381797790527,,7.054227828979492,,7.464820861816406,,7.122872829437256,,7.0265703201293945,,,,,,,,,,,,,,,,,,,,,,,,
3,,,,,,,,,,,,52,,,,,,,,,,,,,,,,,,,,,35.69316482543945,,7.071976661682129,,7.057249546051025,,7.447483062744141,,7.105107307434082,,7.011348724365234,,,,,,,,,,,,,,,,,,,,,,,,
3,,,,,,,,,,,,53,,,,,,,,,,,,,,,,,,,,,35.56205368041992,,7.0724921226501465,,7.047033786773682,,7.375184059143066,,7.053755760192871,,7.013587474822998,,,,,,,,,,,,,,,,,,,,,,,,
3,,,,,,,,,,,,54,,,,,,,,,,,,,,,,,,,,,35.57222366333008,,7.047022819519043,,7.0210981369018555,,7.42772912979126,,7.08050537109375,,6.995866775512695,,,,,,,,,,,,,,,,,,,,,,,,
3,,,,,,,,,,,,55,,,,,,,,,,,,,,,,,,,,,35.5419921875,,7.069207191467285,,7.022488594055176,,7.353715896606445,,7.093455791473389,,7.003125190734863,,,,,,,,,,,,,,,,,,,,,,,,
3,,,,,,,,,,,,56,,,,,,,,,,,,,,,,,,,,,35.49127197265625,,7.082630634307861,,7.033819675445557,,7.331461429595947,,7.054730415344238,,6.988631725311279,,,,,,,,,,,,,,,,,,,,,,,,
3,,,,,,,,,,,,57,,,,,,,,,,,,,,,,,,,,,35.518409729003906,,7.072829246520996,,7.026768207550049,,7.326472282409668,,7.088356018066406,,7.003984451293945,,,,,,,,,,,,,,,,,,,,,,,,
3,,,,,,,,,,,,58,,,,,,,,,,,,,,,,,,,,,35.4699592590332,,7.030670166015625,,7.0347490310668945,,7.365087032318115,,7.052521705627441,,6.986933708190918,,,,,,,,,,,,,,,,,,,,,,,,
3,,,,,,,,,,,,59,,,,,,,,,,,,,,,,,,,,,35.52111053466797,,7.053327560424805,,7.03281831741333,,7.337046146392822,,7.069308280944824,,7.028609275817871,,,,,,,,,,,,,,,,,,,,,,,,
3,,,,,,,,,,,,60,,,,,,,,,,,,,,,,,,,,,35.478580474853516,,7.041110038757324,,7.045597553253174,,7.309726238250732,,7.075492858886719,,7.006652355194092,,,,,,,,,,,,,,,,,,,,,,,,
3,,,,,,,,,,,,61,,,,,,,,,,,,,,,,,,,,,35.411354064941406,,7.0268683433532715,,7.02711820602417,,7.304189682006836,,7.0472412109375,,7.005937576293945,,,,,,,,,,,,,,,,,,,,,,,,
3,,,,,,,,,,,,62,,,,,,,,,,,,,,,,,,,,,35.37889862060547,,7.031121253967285,,7.013115406036377,,7.290190696716309,,7.054462432861328,,6.9900102615356445,,,,,,,,,,,,,,,,,,,,,,,,
3,,,,,,,,,,,,63,,,,,,,,,,,,,,,,,,,,,35.392120361328125,,7.02342414855957,,7.000025749206543,,7.315960884094238,,7.041043281555176,,7.0116682052612305,,,,,,,,,,,,,,,,,,,,,,,,
3,,,,,,,,,,,,64,,,,,,,,,,,,,,,,,,,,,35.37481689453125,,7.020891189575195,,6.999839782714844,,7.3014068603515625,,7.056513786315918,,6.9961652755737305,,,,,,,,,,,,,,,,,,,,,,,,
3,,,,,,,,,,,,65,,,,,,,,,,,,,,,,,,,,,35.33484649658203,,7.006828308105469,,7.02841329574585,,7.287271499633789,,7.032092094421387,,6.980240821838379,,,,,,,,,,,,,,,,,,,,,,,,
3,,,,,,,,,,,,66,,,,,,,,,,,,,,,,,,,,,35.351776123046875,,7.024177551269531,,7.000365257263184,,7.313694953918457,,7.048430919647217,,6.96510648727417,,,,,,,,,,,,,,,,,,,,,,,,
3,,,,,,,,,,,,67,,,,,,,,,,,,,,,,,,,,,25.857513427734375,,5.102465629577637,,5.1300153732299805,,5.326664924621582,,5.162127494812012,,5.136239051818848,,,,,,,,,,,,,,,,,,,,,,,,
,,,,,,,,,,,,3,,,,,,,,,,,,,,,,,,,,,,,,,,,,,,,,,,,,,,,,,,,,,,,,,,,,,,,26.702558517456055
3,,,,,,,,,,,,67,,,,,,,,,,,,,,,,,,,,,,,,,,,,,,,,,,,,,0.03500000014901161,0.11999999731779099,5.346166610717773,5.329807281494141,5.329011917114258,5.388711929321289,5.308859825134277,0.004999999888241291,0.004999999888241291,0.004999999888241291,0.014999999664723873,0.004999999888241291,0.029999999329447746,0.03500000014901161,0.02500000037252903,0.02500000037252903,0.029999999329447746,26.702558517456055,
3,,,,,,16540.0,,,,,,67,,,,,,,,,,,,,,,,,,,,35.3993034362793,,7.028904438018799,,7.009895324707031,,7.327910423278809,,7.049274444580078,,6.983314514160156,,0.004262394737452269,0.003899636911228299,0.0031741235870867968,0.004564691800624132,0.0041112457402050495,,,,,,,,,,,,,,,,,,,
4,,,,,,,,,,,,68,,,,,,,,,,,,,,,,,,,,,35.26863098144531,,7.028135299682617,,6.992468357086182,,7.252468585968018,,7.010041236877441,,6.985518932342529,,,,,,,,,,,,,,,,,,,,,,,,
4,,,,,,,,,,,,69,,,,,,,,,,,,,,,,,,,,,35.214115142822266,,7.012503147125244,,6.99967098236084,,7.222540855407715,,7.022420406341553,,6.956979274749756,,,,,,,,,,,,,,,,,,,,,,,,
4,,,,,,,,,,,,70,,,,,,,,,,,,,,,,,,,,,35.21602249145508,,6.993426322937012,,6.992217540740967,,7.245094299316406,,7.035848617553711,,6.949434280395508,,,,,,,,,,,,,,,,,,,,,,,,
4,,,,,,,,,,,,71,,,,,,,,,,,,,,,,,,,,,35.082542419433594,,6.965240001678467,,6.9666547775268555,,7.217081069946289,,6.993618011474609,,6.939948081970215,,,,,,,,,,,,,,,,,,,,,,,,
4,,,,,,,,,,,,72,,,,,,,,,,,,,,,,,,,,,35.123226165771484,,6.968967437744141,,6.960676670074463,,7.22251033782959,,7.028947830200195,,6.942123889923096,,,,,,,,,,,,,,,,,,,,,,,,
4,,,,,,,,,,,,73,,,,,,,,,,,,,,,,,,,,,35.12635040283203,,6.983599662780762,,6.971065521240234,,7.221990585327148,,7.001436233520508,,6.9482598304748535,,,,,,,,,,,,,,,,,,,,,,,,
4,,,,,,,,,,,,74,,,,,,,,,,,,,,,,,,,,,35.1235466003418,,6.955893039703369,,6.992302894592285,,7.187778472900391,,7.026052474975586,,6.961518287658691,,,,,,,,,,,,,,,,,,,,,,,,
4,,,,,,,,,,,,75,,,,,,,,,,,,,,,,,,,,,35.137725830078125,,6.9764251708984375,,7.004306793212891,,7.249421119689941,,6.986725807189941,,6.920846939086914,,,,,,,,,,,,,,,,,,,,,,,,
4,,,,,,,,,,,,76,,,,,,,,,,,,,,,,,,,,,35.072669982910156,,6.9615631103515625,,6.988353252410889,,7.192658424377441,,7.006111145019531,,6.923983573913574,,,,,,,,,,,,,,,,,,,,,,,,
4,,,,,,,,,,,,77,,,,,,,,,,,,,,,,,,,,,35.113983154296875,,6.979070663452148,,6.9864349365234375,,7.19511604309082,,7.025907516479492,,6.927453994750977,,,,,,,,,,,,,,,,,,,,,,,,
4,,,,,,,,,,,,78,,,,,,,,,,,,,,,,,,,,,35.115333557128906,,6.965048789978027,,6.970959186553955,,7.250012397766113,,6.997014045715332,,6.93229866027832,,,,,,,,,,,,,,,,,,,,,,,,
4,,,,,,,,,,,,79,,,,,,,,,,,,,,,,,,,,,35.020118713378906,,6.944506645202637,,6.967350482940674,,7.177831649780273,,7.0093994140625,,6.921029090881348,,,,,,,,,,,,,,,,,,,,,,,,
4,,,,,,,,,,,,80,,,,,,,,,,,,,,,,,,,,,35.01274108886719,,6.964566707611084,,6.95583438873291,,7.190974235534668,,6.999338150024414,,6.902026176452637,,,,,,,,,,,,,,,,,,,,,,,,
4,,,,,,,,,,,,81,,,,,,,,,,,,,,,,,,,,,34.94231414794922,,6.958361625671387,,6.94510555267334,,7.166925430297852,,6.98781156539917,,6.8841094970703125,,,,,,,,,,,,,,,,,,,,,,,,
4,,,,,,,,,,,,82,,,,,,,,,,,,,,,,,,,,,34.95421600341797,,6.952927589416504,,6.976013660430908,,7.150835037231445,,6.966557025909424,,6.907880783081055,,,,,,,,,,,,,,,,,,,,,,,,
4,,,,,,,,,,,,83,,,,,,,,,,,,,,,,,,,,,34.92217254638672,,6.907615661621094,,6.953591346740723,,7.1867451667785645,,6.977141380310059,,6.897078514099121,,,,,,,,,,,,,,,,,,,,,,,,
4,,,,,,,,,,,,84,,,,,,,,,,,,,,,,,,,,,25.46065902709961,,5.0138444900512695,,5.064742088317871,,5.292354106903076,,5.081235885620117,,5.008481025695801,,,,,,,,,,,,,,,,,,,,,,,,
,,,,,,,,,,,,4,,,,,,,,,,,,,,,,,,,,,,,,,,,,,,,,,,,,,,,,,,,,,,,,,,,,,,,26.280601501464844
4,,,,,,,,,,,,84,,,,,,,,,,,,,,,,,,,,,,,,,,,,,,,,,,,,,0.054999999701976776,0.14000000059604645,5.183858871459961,5.249296188354492,5.315127372741699,5.304434776306152,5.227884292602539,0.014999999664723873,0.004999999888241291,0.004999999888241291,0.014999999664723873,0.014999999664723873,0.04500000178813934,0.03500000014901161,0.019999999552965164,0.02500000037252903,0.03500000014901161,26.280601501464844,
4,,,,,,16540.0,,,,,,84,,,,,,,,,,,,,,,,,,,,34.999534606933594,,6.951416969299316,,6.958408355712891,,7.190054893493652,,6.986506938934326,,6.913145065307617,,0.006106408778578043,0.0054715839214622974,0.002902055624872446,0.00586457084864378,0.006045949179679155,,,,,,,,,,,,,,,,,,,
5,,,,,,,,,,,,85,,,,,,,,,,,,,,,,,,,,,34.930965423583984,,6.941275596618652,,6.9809980392456055,,7.169148921966553,,6.968562126159668,,6.870981216430664,,,,,,,,,,,,,,,,,,,,,,,,
5,,,,,,,,,,,,86,,,,,,,,,,,,,,,,,,,,,34.8759651184082,,6.914101600646973,,6.941072940826416,,7.18099308013916,,6.984822750091553,,6.854973793029785,,,,,,,,,,,,,,,,,,,,,,,,
5,,,,,,,,,,,,87,,,,,,,,,,,,,,,,,,,,,34.86945343017578,,6.9112396240234375,,6.94785213470459,,7.16605281829834,,6.99183464050293,,6.852474212646484,,,,,,,,,,,,,,,,,,,,,,,,
5,,,,,,,,,,,,88,,,,,,,,,,,,,,,,,,,,,34.78801727294922,,6.908627986907959,,6.916757583618164,,7.145593643188477,,6.95469856262207,,6.862340927124023,,,,,,,,,,,,,,,,,,,,,,,,
5,,,,,,,,,,,,89,,,,,,,,,,,,,,,,,,,,,34.73261260986328,,6.838376045227051,,6.92855978012085,,7.1767168045043945,,6.9541120529174805,,6.834845066070557,,,,,,,,,,,,,,,,,,,,,,,,
5,,,,,,,,,,,,90,,,,,,,,,,,,,,,,,,,,,34.72383499145508,,6.890108585357666,,6.926644325256348,,7.156418800354004,,6.929755210876465,,6.82090950012207,,,,,,,,,,,,,,,,,,,,,,,,
5,,,,,,,,,,,,91,,,,,,,,,,,,,,,,,,,,,34.73015594482422,,6.890816688537598,,6.921030044555664,,7.178337097167969,,6.9544267654418945,,6.7855448722839355,,,,,,,,,,,,,,,,,,,,,,,,
5,,,,,,,,,,,,92,,,,,,,,,,,,,,,,,,,,,34.58857727050781,,6.854240417480469,,6.884166717529297,,7.152894020080566,,6.911855697631836,,6.7854204177856445,,,,,,,,,,,,,,,,,,,,,,,,
5,,,,,,,,,,,,93,,,,,,,,,,,,,,,,,,,,,34.72669219970703,,6.893840789794922,,6.9204020500183105,,7.1562700271606445,,6.966237545013428,,6.789942741394043,,,,,,,,,,,,,,,,,,,,,,,,
5,,,,,,,,,,,,94,,,,,,,,,,,,,,,,,,,,,34.705711364746094,,6.933445930480957,,6.899518966674805,,7.164436340332031,,6.941269874572754,,6.7670416831970215,,,,,,,,,,,,,,,,,,,,,,,,
5,,,,,,,,,,,,95,,,,,,,,,,,,,,,,,,,,,34.604713439941406,,6.883586883544922,,6.871425628662109,,7.1523051261901855,,6.939061164855957,,6.758335113525391,,,,,,,,,,,,,,,,,,,,,,,,
5,,,,,,,,,,,,96,,,,,,,,,,,,,,,,,,,,,34.60539627075195,,6.884654998779297,,6.892144680023193,,7.140450477600098,,6.920775413513184,,6.767368316650391,,,,,,,,,,,,,,,,,,,,,,,,
5,,,,,,,,,,,,97,,,,,,,,,,,,,,,,,,,,,34.5992431640625,,6.895063877105713,,6.887106895446777,,7.126715660095215,,6.93934440612793,,6.751012802124023,,,,,,,,,,,,,,,,,,,,,,,,
5,,,,,,,,,,,,98,,,,,,,,,,,,,,,,,,,,,34.52780532836914,,6.856256484985352,,6.843971252441406,,7.138031959533691,,6.925996780395508,,6.763547420501709,,,,,,,,,,,,,,,,,,,,,,,,
5,,,,,,,,,,,,99,,,,,,,,,,,,,,,,,,,,,34.563072204589844,,6.891946315765381,,6.88114070892334,,7.147621154785156,,6.916747093200684,,6.725618362426758,,,,,,,,,,,,,,,,,,,,,,,,
5,,,,,,,,,,,,100,,,,,,,,,,,,,,,,,,,,,34.528724670410156,,6.8476080894470215,,6.866277694702148,,7.142647743225098,,6.93804407119751,,6.734145164489746,,,,,,,,,,,,,,,,,,,,,,,,
5,,,,,,,,,,,,101,,,,,,,,,,,,,,,,,,,,,24.84600067138672,,5.043459892272949,,4.873253345489502,,5.246166229248047,,4.981288909912109,,4.701831817626953,,,,,,,,,,,,,,,,,,,,,,,,
,,,,,,,,,,,,5,,,,,,,,,,,,,,,,,,,,,,,,,,,,,,,,,,,,,,,,,,,,,,,,,,,,,,,25.585041046142578
5,,,,,,,,,,,,101,,,,,,,,,,,,,,,,,,,,,,,,,,,,,,,,,,,,,0.07500000298023224,0.25,5.042089939117432,5.050668239593506,5.304999351501465,5.186275482177734,5.001008033752441,0.019999999552965164,0.009999999776482582,0.004999999888241291,0.009999999776482582,0.03500000014901161,0.07500000298023224,0.04500000178813934,0.029999999329447746,0.05000000074505806,0.10999999940395355,25.585041046142578,
5,,,,,,16540.0,,,,,,101,,,,,,,,,,,,,,,,,,,,34.600929260253906,,6.872286796569824,,6.887637138366699,,7.137901782989502,,6.927565097808838,,6.775537014007568,,0.009794437326490879,0.008706167340278625,0.0030532043892890215,0.006771462969481945,0.011880289763212204,,,,,,,,,,,,,,,,,,,
6,,,,,,,,,,,,102,,,,,,,,,,,,,,,,,,,,,34.41027069091797,,6.836812496185303,,6.835258960723877,,7.14692497253418,,6.901485443115234,,6.689789295196533,,,,,,,,,,,,,,,,,,,,,,,,
6,,,,,,,,,,,,103,,,,,,,,,,,,,,,,,,,,,34.29452133178711,,6.85604190826416,,6.814223289489746,,7.114041805267334,,6.896420001983643,,6.613794326782227,,,,,,,,,,,,,,,,,,,,,,,,
6,,,,,,,,,,,,104,,,,,,,,,,,,,,,,,,,,,34.39225769042969,,6.8383564949035645,,6.830138206481934,,7.146024227142334,,6.891060829162598,,6.686678886413574,,,,,,,,,,,,,,,,,,,,,,,,
6,,,,,,,,,,,,105,,,,,,,,,,,,,,,,,,,,,34.281700134277344,,6.847232818603516,,6.820301055908203,,7.108085632324219,,6.882820129394531,,6.623260498046875,,,,,,,,,,,,,,,,,,,,,,,,
6,,,,,,,,,,,,106,,,,,,,,,,,,,,,,,,,,,34.26438903808594,,6.831792831420898,,6.8447675704956055,,7.146417617797852,,6.880107879638672,,6.561305999755859,,,,,,,,,,,,,,,,,,,,,,,,
6,,,,,,,,,,,,107,,,,,,,,,,,,,,,,,,,,,34.21479415893555,,6.818552017211914,,6.799683094024658,,7.144598960876465,,6.8652753829956055,,6.5866851806640625,,,,,,,,,,,,,,,,,,,,,,,,
6,,,,,,,,,,,,108,,,,,,,,,,,,,,,,,,,,,34.298118591308594,,6.821027755737305,,6.827888488769531,,7.152586936950684,,6.869021415710449,,6.627592086791992,,,,,,,,,,,,,,,,,,,,,,,,
6,,,,,,,,,,,,109,,,,,,,,,,,,,,,,,,,,,34.25658416748047,,6.818768501281738,,6.806865692138672,,7.135642051696777,,6.903558731079102,,6.591748237609863,,,,,,,,,,,,,,,,,,,,,,,,
6,,,,,,,,,,,,110,,,,,,,,,,,,,,,,,,,,,34.04419708251953,,6.781940460205078,,6.781697750091553,,7.114299297332764,,6.847996711730957,,6.5182647705078125,,,,,,,,,,,,,,,,,,,,,,,,
6,,,,,,,,,,,,111,,,,,,,,,,,,,,,,,,,,,34.09657669067383,,6.788201332092285,,6.774818420410156,,7.106838226318359,,6.836895942687988,,6.5898237228393555,,,,,,,,,,,,,,,,,,,,,,,,
6,,,,,,,,,,,,112,,,,,,,,,,,,,,,,,,,,,33.97952651977539,,6.761571884155273,,6.754500389099121,,7.134419918060303,,6.842153549194336,,6.486881732940674,,,,,,,,,,,,,,,,,,,,,,,,
6,,,,,,,,,,,,113,,,,,,,,,,,,,,,,,,,,,34.077186584472656,,6.800069332122803,,6.797100067138672,,7.127344131469727,,6.834414482116699,,6.518256187438965,,,,,,,,,,,,,,,,,,,,,,,,
6,,,,,,,,,,,,114,,,,,,,,,,,,,,,,,,,,,33.96742248535156,,6.763052940368652,,6.744650840759277,,7.161567211151123,,6.817677021026611,,6.480474472045898,,,,,,,,,,,,,,,,,,,,,,,,
6,,,,,,,,,,,,115,,,,,,,,,,,,,,,,,,,,,33.98539352416992,,6.769237518310547,,6.746264457702637,,7.089057922363281,,6.835540771484375,,6.545293807983398,,,,,,,,,,,,,,,,,,,,,,,,
6,,,,,,,,,,,,116,,,,,,,,,,,,,,,,,,,,,34.08149719238281,,6.775610446929932,,6.79824686050415,,7.126289367675781,,6.844660758972168,,6.536687850952148,,,,,,,,,,,,,,,,,,,,,,,,
6,,,,,,,,,,,,117,,,,,,,,,,,,,,,,,,,,,33.938594818115234,,6.791423797607422,,6.734185218811035,,7.095448017120361,,6.837348937988281,,6.480191230773926,,,,,,,,,,,,,,,,,,,,,,,,
6,,,,,,,,,,,,118,,,,,,,,,,,,,,,,,,,,,24.529693603515625,,4.922886848449707,,4.821037292480469,,5.245802879333496,,4.974213600158691,,4.565752029418945,,,,,,,,,,,,,,,,,,,,,,,,
,,,,,,,,,,,,6,,,,,,,,,,,,,,,,,,,,,,,,,,,,,,,,,,,,,,,,,,,,,,,,,,,,,,,24.656925201416016
6,,,,,,,,,,,,118,,,,,,,,,,,,,,,,,,,,,,,,,,,,,,,,,,,,,0.0949999988079071,0.32499998807907104,4.883530616760254,4.788326263427734,5.298224449157715,4.969541549682617,4.717301368713379,0.02500000037252903,0.029999999329447746,0.004999999888241291,0.019999999552965164,0.019999999552965164,0.09000000357627869,0.10999999940395355,0.02500000037252903,0.07500000298023224,0.14000000059604645,24.65692710876465,
6,,,,,,16540.0,,,,,,118,,,,,,,,,,,,,,,,,,,,34.07059860229492,,6.7884674072265625,,6.77579927444458,,7.11034631729126,,6.843850612640381,,6.552133083343506,,0.013875453732907772,0.015024185180664062,0.0031438933219760656,0.011426844634115696,0.021795645356178284,,,,,,,,,,,,,,,,,,,
7,,,,,,,,,,,,119,,,,,,,,,,,,,,,,,,,,,33.802528381347656,,6.769961357116699,,6.688821792602539,,7.130624771118164,,6.805065631866455,,6.408054351806641,,,,,,,,,,,,,,,,,,,,,,,,
7,,,,,,,,,,,,120,,,,,,,,,,,,,,,,,,,,,33.76284408569336,,6.72596549987793,,6.721543312072754,,7.11785364151001,,6.785747528076172,,6.411733150482178,,,,,,,,,,,,,,,,,,,,,,,,
7,,,,,,,,,,,,121,,,,,,,,,,,,,,,,,,,,,33.54824447631836,,6.72671365737915,,6.638666152954102,,7.095117568969727,,6.759596824645996,,6.328149795532227,,,,,,,,,,,,,,,,,,,,,,,,
7,,,,,,,,,,,,122,,,,,,,,,,,,,,,,,,,,,33.59246826171875,,6.705616474151611,,6.662030220031738,,7.097888469696045,,6.798257827758789,,6.328674793243408,,,,,,,,,,,,,,,,,,,,,,,,
7,,,,,,,,,,,,123,,,,,,,,,,,,,,,,,,,,,33.65084457397461,,6.716636657714844,,6.686659812927246,,7.125580310821533,,6.761133670806885,,6.360835552215576,,,,,,,,,,,,,,,,,,,,,,,,
7,,,,,,,,,,,,124,,,,,,,,,,,,,,,,,,,,,33.608001708984375,,6.700976371765137,,6.724271774291992,,7.107201099395752,,6.762564182281494,,6.312985420227051,,,,,,,,,,,,,,,,,,,,,,,,
7,,,,,,,,,,,,125,,,,,,,,,,,,,,,,,,,,,33.64860916137695,,6.735132217407227,,6.661066055297852,,7.103469371795654,,6.78458833694458,,6.364355564117432,,,,,,,,,,,,,,,,,,,,,,,,
7,,,,,,,,,,,,126,,,,,,,,,,,,,,,,,,,,,33.52640914916992,,6.703033447265625,,6.688634872436523,,7.092911720275879,,6.731889724731445,,6.309938430786133,,,,,,,,,,,,,,,,,,,,,,,,
7,,,,,,,,,,,,127,,,,,,,,,,,,,,,,,,,,,33.59339141845703,,6.671721935272217,,6.6736531257629395,,7.1278181076049805,,6.742853164672852,,6.377346515655518,,,,,,,,,,,,,,,,,,,,,,,,
7,,,,,,,,,,,,128,,,,,,,,,,,,,,,,,,,,,33.56922149658203,,6.735994338989258,,6.67476749420166,,7.078161239624023,,6.782367706298828,,6.297932147979736,,,,,,,,,,,,,,,,,,,,,,,,
7,,,,,,,,,,,,129,,,,,,,,,,,,,,,,,,,,,33.64657974243164,,6.710196495056152,,6.707726955413818,,7.094493389129639,,6.757287979125977,,6.376875877380371,,,,,,,,,,,,,,,,,,,,,,,,
7,,,,,,,,,,,,130,,,,,,,,,,,,,,,,,,,,,33.575286865234375,,6.71639347076416,,6.66126823425293,,7.0779571533203125,,6.770586013793945,,6.349081993103027,,,,,,,,,,,,,,,,,,,,,,,,
7,,,,,,,,,,,,131,,,,,,,,,,,,,,,,,,,,,33.34811782836914,,6.6609883308410645,,6.613208770751953,,7.101414203643799,,6.748238563537598,,6.224266052246094,,,,,,,,,,,,,,,,,,,,,,,,
7,,,,,,,,,,,,132,,,,,,,,,,,,,,,,,,,,,33.461605072021484,,6.720376491546631,,6.667657852172852,,7.098493576049805,,6.746873378753662,,6.228203296661377,,,,,,,,,,,,,,,,,,,,,,,,
7,,,,,,,,,,,,133,,,,,,,,,,,,,,,,,,,,,33.35785675048828,,6.662596702575684,,6.619802474975586,,7.139030933380127,,6.725603103637695,,6.210822105407715,,,,,,,,,,,,,,,,,,,,,,,,
7,,,,,,,,,,,,134,,,,,,,,,,,,,,,,,,,,,33.34967803955078,,6.650391578674316,,6.624677658081055,,7.107660293579102,,6.694796085357666,,6.272151470184326,,,,,,,,,,,,,,,,,,,,,,,,
7,,,,,,,,,,,,135,,,,,,,,,,,,,,,,,,,,,23.987751007080078,,4.764745712280273,,4.772370338439941,,5.230751991271973,,4.865252494812012,,4.354632377624512,,,,,,,,,,,,,,,,,,,,,,,,
,,,,,,,,,,,,7,,,,,,,,,,,,,,,,,,,,,,,,,,,,,,,,,,,,,,,,,,,,,,,,,,,,,,,23.821128845214844
7,,,,,,,,,,,,135,,,,,,,,,,,,,,,,,,,,,,,,,,,,,,,,,,,,,0.1550000011920929,0.4399999976158142,4.701750755310059,4.553684711456299,5.2874908447265625,4.767319679260254,4.5108819007873535,0.029999999329447746,0.05000000074505806,0.009999999776482582,0.029999999329447746,0.054999999701976776,0.13500000536441803,0.16500000655651093,0.029999999329447746,0.125,0.1850000023841858,23.821128845214844,
7,,,,,,16540.0,,,,,,135,,,,,,,,,,,,,,,,,,,,33.47477340698242,,6.688724040985107,,6.651759624481201,,7.088293552398682,,6.741970539093018,,6.3040266036987305,,0.019074970856308937,0.024818621575832367,0.0033857314847409725,0.018379684537649155,0.03301088139414787,,,,,,,,,,,,,,,,,,,
8,,,,,,,,,,,,136,,,,,,,,,,,,,,,,,,,,,33.26380157470703,,6.679746627807617,,6.617262840270996,,7.093671798706055,,6.704677581787109,,6.168442249298096,,,,,,,,,,,,,,,,,,,,,,,,
8,,,,,,,,,,,,137,,,,,,,,,,,,,,,,,,,,,33.214576721191406,,6.663376808166504,,6.609594821929932,,7.072329521179199,,6.695007801055908,,6.174267768859863,,,,,,,,,,,,,,,,,,,,,,,,
8,,,,,,,,,,,,138,,,,,,,,,,,,,,,,,,,,,33.1354866027832,,6.64539098739624,,6.566176414489746,,7.117225646972656,,6.675004482269287,,6.131690502166748,,,,,,,,,,,,,,,,,,,,,,,,
8,,,,,,,,,,,,139,,,,,,,,,,,,,,,,,,,,,33.01624298095703,,6.6246562004089355,,6.5407328605651855,,7.100609302520752,,6.644104957580566,,6.106139183044434,,,,,,,,,,,,,,,,,,,,,,,,
8,,,,,,,,,,,,140,,,,,,,,,,,,,,,,,,,,,33.06989288330078,,6.638800621032715,,6.558387756347656,,7.1015191078186035,,6.6685075759887695,,6.102677345275879,,,,,,,,,,,,,,,,,,,,,,,,
8,,,,,,,,,,,,141,,,,,,,,,,,,,,,,,,,,,33.00310516357422,,6.569995880126953,,6.533200740814209,,7.096624851226807,,6.684750556945801,,6.118530750274658,,,,,,,,,,,,,,,,,,,,,,,,
8,,,,,,,,,,,,142,,,,,,,,,,,,,,,,,,,,,33.19614791870117,,6.571028709411621,,6.613969802856445,,7.075655937194824,,6.710572719573975,,6.224923133850098,,,,,,,,,,,,,,,,,,,,,,,,
8,,,,,,,,,,,,143,,,,,,,,,,,,,,,,,,,,,32.95258712768555,,6.586670398712158,,6.568027496337891,,7.07596492767334,,6.656470775604248,,6.065455436706543,,,,,,,,,,,,,,,,,,,,,,,,
8,,,,,,,,,,,,144,,,,,,,,,,,,,,,,,,,,,32.996307373046875,,6.601566314697266,,6.542065620422363,,7.108129501342773,,6.658792495727539,,6.085754871368408,,,,,,,,,,,,,,,,,,,,,,,,
8,,,,,,,,,,,,145,,,,,,,,,,,,,,,,,,,,,32.949092864990234,,6.592416763305664,,6.506269931793213,,7.0977678298950195,,6.635322570800781,,6.117316722869873,,,,,,,,,,,,,,,,,,,,,,,,
8,,,,,,,,,,,,146,,,,,,,,,,,,,,,,,,,,,32.974365234375,,6.594928741455078,,6.550315856933594,,7.053796291351318,,6.70635986328125,,6.068963527679443,,,,,,,,,,,,,,,,,,,,,,,,
8,,,,,,,,,,,,147,,,,,,,,,,,,,,,,,,,,,33.00212860107422,,6.638848781585693,,6.580465316772461,,7.059136390686035,,6.664478778839111,,6.059198379516602,,,,,,,,,,,,,,,,,,,,,,,,
8,,,,,,,,,,,,148,,,,,,,,,,,,,,,,,,,,,32.849510192871094,,6.569880962371826,,6.502571105957031,,7.073154449462891,,6.634824752807617,,6.0690765380859375,,,,,,,,,,,,,,,,,,,,,,,,
8,,,,,,,,,,,,149,,,,,,,,,,,,,,,,,,,,,32.87568664550781,,6.58981990814209,,6.5220794677734375,,7.0765886306762695,,6.61324405670166,,6.07395601272583,,,,,,,,,,,,,,,,,,,,,,,,
8,,,,,,,,,,,,150,,,,,,,,,,,,,,,,,,,,,32.85744857788086,,6.555352210998535,,6.530455589294434,,7.076027870178223,,6.630658149719238,,6.064956188201904,,,,,,,,,,,,,,,,,,,,,,,,
8,,,,,,,,,,,,151,,,,,,,,,,,,,,,,,,,,,32.75840759277344,,6.551576614379883,,6.452511787414551,,7.074898719787598,,6.6612162590026855,,6.018204689025879,,,,,,,,,,,,,,,,,,,,,,,,
8,,,,,,,,,,,,152,,,,,,,,,,,,,,,,,,,,,23.43132781982422,,4.612339973449707,,4.547287940979004,,5.2495527267456055,,4.742279052734375,,4.279869079589844,,,,,,,,,,,,,,,,,,,,,,,,
,,,,,,,,,,,,8,,,,,,,,,,,,,,,,,,,,,,,,,,,,,,,,,,,,,,,,,,,,,,,,,,,,,,,23.10589599609375
8,,,,,,,,,,,,152,,,,,,,,,,,,,,,,,,,,,,,,,,,,,,,,,,,,,0.14000000059604645,0.5099999904632568,4.552351951599121,4.315188407897949,5.272976875305176,4.612086296081543,4.353293418884277,0.03500000014901161,0.05999999865889549,0.004999999888241291,0.03999999910593033,0.04500000178813934,0.1550000011920929,0.23000000417232513,0.03999999910593033,0.1599999964237213,0.23000000417232513,23.10589599609375,
8,,,,,,16540.0,,,,,,152,,,,,,,,,,,,,,,,,,,,32.91686248779297,,6.5858378410339355,,6.530745029449463,,7.067262172698975,,6.647112846374512,,6.085900783538818,,0.027992743998765945,0.036426842212677,0.0027811366599053144,0.02500000037252903,0.04836759343743324,,,,,,,,,,,,,,,,,,,
9,,,,,,,,,,,,153,,,,,,,,,,,,,,,,,,,,,32.53944778442383,,6.514253616333008,,6.41274881362915,,7.0756635665893555,,6.6109724044799805,,5.925809383392334,,,,,,,,,,,,,,,,,,,,,,,,
9,,,,,,,,,,,,154,,,,,,,,,,,,,,,,,,,,,32.62079620361328,,6.58066463470459,,6.454498767852783,,7.083944320678711,,6.6032867431640625,,5.8983988761901855,,,,,,,,,,,,,,,,,,,,,,,,
9,,,,,,,,,,,,155,,,,,,,,,,,,,,,,,,,,,32.62725830078125,,6.533456802368164,,6.45412015914917,,7.102436065673828,,6.613455772399902,,5.923786640167236,,,,,,,,,,,,,,,,,,,,,,,,
9,,,,,,,,,,,,156,,,,,,,,,,,,,,,,,,,,,32.50975036621094,,6.502573490142822,,6.458590507507324,,7.0718889236450195,,6.565081596374512,,5.911616325378418,,,,,,,,,,,,,,,,,,,,,,,,
9,,,,,,,,,,,,157,,,,,,,,,,,,,,,,,,,,,32.571834564208984,,6.518216133117676,,6.452592849731445,,7.0802178382873535,,6.589392185211182,,5.931417465209961,,,,,,,,,,,,,,,,,,,,,,,,
9,,,,,,,,,,,,158,,,,,,,,,,,,,,,,,,,,,32.553138732910156,,6.541604518890381,,6.420316696166992,,7.088366985321045,,6.542510032653809,,5.960341453552246,,,,,,,,,,,,,,,,,,,,,,,,
9,,,,,,,,,,,,159,,,,,,,,,,,,,,,,,,,,,32.587120056152344,,6.511785507202148,,6.471651554107666,,7.076773643493652,,6.577064514160156,,5.949845314025879,,,,,,,,,,,,,,,,,,,,,,,,
9,,,,,,,,,,,,160,,,,,,,,,,,,,,,,,,,,,32.609458923339844,,6.531035423278809,,6.456830978393555,,7.060068607330322,,6.606403350830078,,5.9551191329956055,,,,,,,,,,,,,,,,,,,,,,,,
9,,,,,,,,,,,,161,,,,,,,,,,,,,,,,,,,,,32.53010940551758,,6.570774555206299,,6.462909698486328,,7.06974983215332,,6.528065204620361,,5.8986101150512695,,,,,,,,,,,,,,,,,,,,,,,,
9,,,,,,,,,,,,162,,,,,,,,,,,,,,,,,,,,,32.372623443603516,,6.464947700500488,,6.389695167541504,,7.050545692443848,,6.533442497253418,,5.933993816375732,,,,,,,,,,,,,,,,,,,,,,,,
9,,,,,,,,,,,,163,,,,,,,,,,,,,,,,,,,,,32.41353988647461,,6.529819488525391,,6.4339094161987305,,7.072815895080566,,6.519289493560791,,5.857707977294922,,,,,,,,,,,,,,,,,,,,,,,,
9,,,,,,,,,,,,164,,,,,,,,,,,,,,,,,,,,,32.54682159423828,,6.504326820373535,,6.445986747741699,,7.07927131652832,,6.587881088256836,,5.929358005523682,,,,,,,,,,,,,,,,,,,,,,,,
9,,,,,,,,,,,,165,,,,,,,,,,,,,,,,,,,,,32.44148254394531,,6.481395721435547,,6.421642303466797,,7.090237617492676,,6.550415992736816,,5.897791862487793,,,,,,,,,,,,,,,,,,,,,,,,
9,,,,,,,,,,,,166,,,,,,,,,,,,,,,,,,,,,32.43003845214844,,6.484299659729004,,6.445675849914551,,7.051517009735107,,6.545716285705566,,5.902831077575684,,,,,,,,,,,,,,,,,,,,,,,,
9,,,,,,,,,,,,167,,,,,,,,,,,,,,,,,,,,,32.26141357421875,,6.419188499450684,,6.386618614196777,,7.050971984863281,,6.515077590942383,,5.889555931091309,,,,,,,,,,,,,,,,,,,,,,,,
9,,,,,,,,,,,,168,,,,,,,,,,,,,,,,,,,,,32.40243148803711,,6.4534406661987305,,6.4343461990356445,,7.064692497253418,,6.512112617492676,,5.937837600708008,,,,,,,,,,,,,,,,,,,,,,,,
9,,,,,,,,,,,,169,,,,,,,,,,,,,,,,,,,,,22.971837997436523,,4.666916370391846,,4.477431297302246,,5.17872428894043,,4.668871879577637,,3.9798941612243652,,,,,,,,,,,,,,,,,,,,,,,,
,,,,,,,,,,,,9,,,,,,,,,,,,,,,,,,,,,,,,,,,,,,,,,,,,,,,,,,,,,,,,,,,,,,,22.509702682495117
9,,,,,,,,,,,,169,,,,,,,,,,,,,,,,,,,,,,,,,,,,,,,,,,,,,0.22499999403953552,0.5550000071525574,4.411938190460205,4.107300758361816,5.260072708129883,4.484160423278809,4.2462310791015625,0.054999999701976776,0.07500000298023224,0.009999999776482582,0.04500000178813934,0.07999999821186066,0.16500000655651093,0.27000001072883606,0.03500000014901161,0.1550000011920929,0.23999999463558197,22.509702682495117,
9,,,,,,16540.0,,,,,,169,,,,,,,,,,,,,,,,,,,,32.41120529174805,,6.491488456726074,,6.419145584106445,,7.055205821990967,,6.544650077819824,,5.900712490081787,,0.036577995866537094,0.046977024525403976,0.00296251499094069,0.03325272351503372,0.06481257826089859,,,,,,,,,,,,,,,,,,,
10,,,,,,,,,,,,170,,,,,,,,,,,,,,,,,,,,,32.07558822631836,,6.428450584411621,,6.372414588928223,,7.062751770019531,,6.480899810791016,,5.731071472167969,,,,,,,,,,,,,,,,,,,,,,,,
10,,,,,,,,,,,,171,,,,,,,,,,,,,,,,,,,,,32.099491119384766,,6.390762805938721,,6.352963447570801,,7.057156562805176,,6.5083537101745605,,5.790256023406982,,,,,,,,,,,,,,,,,,,,,,,,
10,,,,,,,,,,,,172,,,,,,,,,,,,,,,,,,,,,31.9824161529541,,6.408921718597412,,6.313520431518555,,7.070507049560547,,6.469202995300293,,5.7202630043029785,,,,,,,,,,,,,,,,,,,,,,,,
10,,,,,,,,,,,,173,,,,,,,,,,,,,,,,,,,,,32.09183883666992,,6.412204742431641,,6.353785037994385,,7.0501861572265625,,6.505804061889648,,5.7698588371276855,,,,,,,,,,,,,,,,,,,,,,,,
10,,,,,,,,,,,,174,,,,,,,,,,,,,,,,,,,,,32.03047561645508,,6.397553443908691,,6.354146957397461,,7.072997093200684,,6.460411071777344,,5.745367527008057,,,,,,,,,,,,,,,,,,,,,,,,
10,,,,,,,,,,,,175,,,,,,,,,,,,,,,,,,,,,31.891799926757812,,6.331906318664551,,6.3217926025390625,,7.0537261962890625,,6.467260360717773,,5.717113018035889,,,,,,,,,,,,,,,,,,,,,,,,
10,,,,,,,,,,,,176,,,,,,,,,,,,,,,,,,,,,32.053794860839844,,6.436453819274902,,6.361594200134277,,7.050461769104004,,6.478021144866943,,5.7272629737854,,,,,,,,,,,,,,,,,,,,,,,,
10,,,,,,,,,,,,177,,,,,,,,,,,,,,,,,,,,,31.931812286376953,,6.401060104370117,,6.251708984375,,7.080169677734375,,6.418818473815918,,5.780054092407227,,,,,,,,,,,,,,,,,,,,,,,,
10,,,,,,,,,,,,178,,,,,,,,,,,,,,,,,,,,,31.858285903930664,,6.355984210968018,,6.289983749389648,,7.044849395751953,,6.431108474731445,,5.736360549926758,,,,,,,,,,,,,,,,,,,,,,,,
10,,,,,,,,,,,,179,,,,,,,,,,,,,,,,,,,,,31.877696990966797,,6.36995267868042,,6.317444801330566,,7.054415702819824,,6.4380598068237305,,5.697821617126465,,,,,,,,,,,,,,,,,,,,,,,,
10,,,,,,,,,,,,180,,,,,,,,,,,,,,,,,,,,,32.07664489746094,,6.425445079803467,,6.355953693389893,,7.05236291885376,,6.489292144775391,,5.753589630126953,,,,,,,,,,,,,,,,,,,,,,,,
10,,,,,,,,,,,,181,,,,,,,,,,,,,,,,,,,,,32.09829330444336,,6.393723964691162,,6.357407093048096,,7.093305587768555,,6.4590654373168945,,5.794791221618652,,,,,,,,,,,,,,,,,,,,,,,,
10,,,,,,,,,,,,182,,,,,,,,,,,,,,,,,,,,,31.737682342529297,,6.343013763427734,,6.287799835205078,,7.037046432495117,,6.445959568023682,,5.623862266540527,,,,,,,,,,,,,,,,,,,,,,,,
10,,,,,,,,,,,,183,,,,,,,,,,,,,,,,,,,,,31.956544876098633,,6.412703514099121,,6.299662113189697,,7.058082580566406,,6.463493824005127,,5.722602367401123,,,,,,,,,,,,,,,,,,,,,,,,
10,,,,,,,,,,,,184,,,,,,,,,,,,,,,,,,,,,31.9923038482666,,6.41129207611084,,6.324810028076172,,7.057651519775391,,6.4274444580078125,,5.771105766296387,,,,,,,,,,,,,,,,,,,,,,,,
10,,,,,,,,,,,,185,,,,,,,,,,,,,,,,,,,,,32.051448822021484,,6.433758735656738,,6.303584575653076,,7.046435832977295,,6.458379745483398,,5.809289932250977,,,,,,,,,,,,,,,,,,,,,,,,
10,,,,,,,,,,,,186,,,,,,,,,,,,,,,,,,,,,22.996288299560547,,4.5771331787109375,,4.612848281860352,,5.153231620788574,,4.618325233459473,,4.034748077392578,,,,,,,,,,,,,,,,,,,,,,,,
,,,,,,,,,,,,10,,,,,,,,,,,,,,,,,,,,,,,,,,,,,,,,,,,,,,,,,,,,,,,,,,,,,,,21.869165420532227
10,,,,,,,,,,,,186,,,,,,,,,,,,,,,,,,,,,,,,,,,,,,,,,,,,,0.26499998569488525,0.5950000286102295,4.210212707519531,3.9452710151672363,5.240664482116699,4.2988739013671875,4.174141883850098,0.05999999865889549,0.0949999988079071,0.009999999776482582,0.07000000029802322,0.07500000298023224,0.20000000298023224,0.28999999165534973,0.04500000178813934,0.20999999344348907,0.26499998569488525,21.869165420532227,
10,,,,,,16540.0,,,,,,186,,,,,,,,,,,,,,,,,,,,31.903076171875,,6.379909038543701,,6.310000419616699,,7.040908336639404,,6.445204257965088,,5.727053165435791,,0.04785368964076042,0.05994558334350586,0.003990326542407274,0.044679563492536545,0.07899032533168793,,,,,,,,,,,,,,,,,,,
11,,,,,,,,,,,,187,,,,,,,,,,,,,,,,,,,,,31.499544143676758,,6.291331768035889,,6.215799331665039,,7.051189422607422,,6.371854782104492,,5.569369316101074,,,,,,,,,,,,,,,,,,,,,,,,
11,,,,,,,,,,,,188,,,,,,,,,,,,,,,,,,,,,31.659393310546875,,6.319284915924072,,6.271252632141113,,7.033069610595703,,6.385303497314453,,5.650481224060059,,,,,,,,,,,,,,,,,,,,,,,,
11,,,,,,,,,,,,189,,,,,,,,,,,,,,,,,,,,,31.42034339904785,,6.245055198669434,,6.252223491668701,,7.035797119140625,,6.3264665603637695,,5.560800552368164,,,,,,,,,,,,,,,,,,,,,,,,
11,,,,,,,,,,,,190,,,,,,,,,,,,,,,,,,,,,31.46395492553711,,6.299312591552734,,6.21735954284668,,7.048964500427246,,6.327583312988281,,5.570735454559326,,,,,,,,,,,,,,,,,,,,,,,,
11,,,,,,,,,,,,191,,,,,,,,,,,,,,,,,,,,,31.489234924316406,,6.294854164123535,,6.225742340087891,,7.047206401824951,,6.29609489440918,,5.625336170196533,,,,,,,,,,,,,,,,,,,,,,,,
11,,,,,,,,,,,,192,,,,,,,,,,,,,,,,,,,,,31.548126220703125,,6.290248870849609,,6.221991539001465,,7.045772552490234,,6.404204368591309,,5.585910320281982,,,,,,,,,,,,,,,,,,,,,,,,
11,,,,,,,,,,,,193,,,,,,,,,,,,,,,,,,,,,31.667438507080078,,6.349228858947754,,6.291547775268555,,7.031496047973633,,6.412775039672852,,5.582390308380127,,,,,,,,,,,,,,,,,,,,,,,,
11,,,,,,,,,,,,194,,,,,,,,,,,,,,,,,,,,,31.675321578979492,,6.303772926330566,,6.322895050048828,,7.036525726318359,,6.36899471282959,,5.643133163452148,,,,,,,,,,,,,,,,,,,,,,,,
11,,,,,,,,,,,,195,,,,,,,,,,,,,,,,,,,,,31.619491577148438,,6.349220275878906,,6.240522861480713,,7.029181003570557,,6.384613990783691,,5.615954399108887,,,,,,,,,,,,,,,,,,,,,,,,
11,,,,,,,,,,,,196,,,,,,,,,,,,,,,,,,,,,31.366262435913086,,6.213901996612549,,6.156392574310303,,7.065626621246338,,6.316522598266602,,5.613819122314453,,,,,,,,,,,,,,,,,,,,,,,,
11,,,,,,,,,,,,197,,,,,,,,,,,,,,,,,,,,,31.593738555908203,,6.317225456237793,,6.294184684753418,,7.024277687072754,,6.396764755249023,,5.561286449432373,,,,,,,,,,,,,,,,,,,,,,,,
11,,,,,,,,,,,,198,,,,,,,,,,,,,,,,,,,,,31.28934097290039,,6.232913017272949,,6.172486782073975,,7.043478012084961,,6.302076816558838,,5.538384437561035,,,,,,,,,,,,,,,,,,,,,,,,
11,,,,,,,,,,,,199,,,,,,,,,,,,,,,,,,,,,31.35643768310547,,6.238519668579102,,6.1897454261779785,,7.051125526428223,,6.32526159286499,,5.551784515380859,,,,,,,,,,,,,,,,,,,,,,,,
11,,,,,,,,,,,,200,,,,,,,,,,,,,,,,,,,,,31.384862899780273,,6.269041061401367,,6.226316928863525,,7.04161262512207,,6.330933570861816,,5.516959190368652,,,,,,,,,,,,,,,,,,,,,,,,
11,,,,,,,,,,,,201,,,,,,,,,,,,,,,,,,,,,31.393573760986328,,6.291982650756836,,6.214454650878906,,7.0587544441223145,,6.349926948547363,,5.47845458984375,,,,,,,,,,,,,,,,,,,,,,,,
11,,,,,,,,,,,,202,,,,,,,,,,,,,,,,,,,,,31.555736541748047,,6.3219757080078125,,6.221365928649902,,7.044524669647217,,6.364282608032227,,5.603585243225098,,,,,,,,,,,,,,,,,,,,,,,,
11,,,,,,,,,,,,203,,,,,,,,,,,,,,,,,,,,,21.88612937927246,,4.344295501708984,,4.399270057678223,,5.205221176147461,,4.388184547424316,,3.549159049987793,,,,,,,,,,,,,,,,,,,,,,,,
,,,,,,,,,,,,11,,,,,,,,,,,,,,,,,,,,,,,,,,,,,,,,,,,,,,,,,,,,,,,,,,,,,,,21.32118034362793
11,,,,,,,,,,,,203,,,,,,,,,,,,,,,,,,,,,,,,,,,,,,,,,,,,,0.3050000071525574,0.6600000262260437,4.017394065856934,3.8001036643981934,5.217535018920898,4.167181968688965,4.118965148925781,0.07999999821186066,0.11999999731779099,0.014999999664723873,0.07999999821186066,0.07999999821186066,0.2750000059604645,0.32499998807907104,0.07500000298023224,0.27000001072883606,0.2849999964237213,21.321178436279297,
11,,,,,,16540.0,,,,,,203,,,,,,,,,,,,,,,,,,,,31.408262252807617,,6.270897388458252,,6.21609354019165,,7.0257039070129395,,6.335438251495361,,5.560126781463623,,0.06254535168409348,0.07327690720558167,0.003990326542407274,0.057466745376586914,0.09425634890794754,,,,,,,,,,,,,,,,,,,
12,,,,,,,,,,,,204,,,,,,,,,,,,,,,,,,,,,30.985607147216797,,6.177175045013428,,6.168345928192139,,7.051779747009277,,6.241045951843262,,5.34726095199585,,,,,,,,,,,,,,,,,,,,,,,,
12,,,,,,,,,,,,205,,,,,,,,,,,,,,,,,,,,,31.020427703857422,,6.227484703063965,,6.074592590332031,,7.033567905426025,,6.272702693939209,,5.41208028793335,,,,,,,,,,,,,,,,,,,,,,,,
12,,,,,,,,,,,,206,,,,,,,,,,,,,,,,,,,,,30.983789443969727,,6.1804399490356445,,6.148740768432617,,7.053733825683594,,6.263588905334473,,5.337286949157715,,,,,,,,,,,,,,,,,,,,,,,,
12,,,,,,,,,,,,207,,,,,,,,,,,,,,,,,,,,,31.088403701782227,,6.195271015167236,,6.155527114868164,,7.041774749755859,,6.289015769958496,,5.406815528869629,,,,,,,,,,,,,,,,,,,,,,,,
12,,,,,,,,,,,,208,,,,,,,,,,,,,,,,,,,,,31.167156219482422,,6.239870071411133,,6.182879447937012,,7.054774284362793,,6.253962993621826,,5.435667514801025,,,,,,,,,,,,,,,,,,,,,,,,
12,,,,,,,,,,,,209,,,,,,,,,,,,,,,,,,,,,31.05917739868164,,6.227124214172363,,6.176571846008301,,7.011497497558594,,6.253566265106201,,5.390417098999023,,,,,,,,,,,,,,,,,,,,,,,,
12,,,,,,,,,,,,210,,,,,,,,,,,,,,,,,,,,,31.106380462646484,,6.199003219604492,,6.184415817260742,,7.041855812072754,,6.2561750411987305,,5.424930572509766,,,,,,,,,,,,,,,,,,,,,,,,
12,,,,,,,,,,,,211,,,,,,,,,,,,,,,,,,,,,30.902790069580078,,6.1334757804870605,,6.108928203582764,,7.055546760559082,,6.220935344696045,,5.383904933929443,,,,,,,,,,,,,,,,,,,,,,,,
12,,,,,,,,,,,,212,,,,,,,,,,,,,,,,,,,,,30.775352478027344,,6.087158679962158,,6.056295394897461,,7.0338826179504395,,6.189023017883301,,5.408992767333984,,,,,,,,,,,,,,,,,,,,,,,,
12,,,,,,,,,,,,213,,,,,,,,,,,,,,,,,,,,,31.02189064025879,,6.213600158691406,,6.13953971862793,,7.0343017578125,,6.236264228820801,,5.398184776306152,,,,,,,,,,,,,,,,,,,,,,,,
12,,,,,,,,,,,,214,,,,,,,,,,,,,,,,,,,,,31.10346221923828,,6.189941883087158,,6.172657012939453,,6.996319770812988,,6.281440734863281,,5.4631028175354,,,,,,,,,,,,,,,,,,,,,,,,
12,,,,,,,,,,,,215,,,,,,,,,,,,,,,,,,,,,31.100749969482422,,6.208202362060547,,6.189884185791016,,7.023674964904785,,6.223831653594971,,5.455157279968262,,,,,,,,,,,,,,,,,,,,,,,,
12,,,,,,,,,,,,216,,,,,,,,,,,,,,,,,,,,,31.05417251586914,,6.182268142700195,,6.142225742340088,,7.044122695922852,,6.281789779663086,,5.403767108917236,,,,,,,,,,,,,,,,,,,,,,,,
12,,,,,,,,,,,,217,,,,,,,,,,,,,,,,,,,,,30.96636962890625,,6.153515815734863,,6.133294105529785,,7.041775226593018,,6.204023361206055,,5.4337615966796875,,,,,,,,,,,,,,,,,,,,,,,,
12,,,,,,,,,,,,218,,,,,,,,,,,,,,,,,,,,,31.05315399169922,,6.155546188354492,,6.139859676361084,,7.010130882263184,,6.205240249633789,,5.542377471923828,,,,,,,,,,,,,,,,,,,,,,,,
12,,,,,,,,,,,,219,,,,,,,,,,,,,,,,,,,,,30.798009872436523,,6.125685691833496,,6.112220764160156,,7.02629280090332,,6.155597686767578,,5.378211975097656,,,,,,,,,,,,,,,,,,,,,,,,
12,,,,,,,,,,,,220,,,,,,,,,,,,,,,,,,,,,21.605602264404297,,4.262224197387695,,4.204616546630859,,5.116583824157715,,4.304737091064453,,3.7174386978149414,,,,,,,,,,,,,,,,,,,,,,,,
,,,,,,,,,,,,12,,,,,,,,,,,,,,,,,,,,,,,,,,,,,,,,,,,,,,,,,,,,,,,,,,,,,,,20.74718475341797
12,,,,,,,,,,,,220,,,,,,,,,,,,,,,,,,,,,,,,,,,,,,,,,,,,,0.32499998807907104,0.6549999713897705,3.831986427307129,3.6837406158447266,5.190439224243164,3.949613094329834,4.091404438018799,0.10499999672174454,0.11500000208616257,0.029999999329447746,0.0949999988079071,0.09000000357627869,0.3149999976158142,0.33500000834465027,0.07999999821186066,0.28999999165534973,0.2849999964237213,20.74718475341797,
12,,,,,,16540.0,,,,,,220,,,,,,,,,,,,,,,,,,,,30.922964096069336,,6.162888050079346,,6.1245927810668945,,7.016598701477051,,6.221016883850098,,5.397870063781738,,0.079111248254776,0.08754534274339676,0.003808947978541255,0.07212817668914795,0.11287786811590195,,,,,,,,,,,,,,,,,,,
13,,,,,,,,,,,,221,,,,,,,,,,,,,,,,,,,,,30.746618270874023,,6.1015706062316895,,6.052227020263672,,7.048431396484375,,6.247802734375,,5.296586990356445,,,,,,,,,,,,,,,,,,,,,,,,
13,,,,,,,,,,,,222,,,,,,,,,,,,,,,,,,,,,30.575607299804688,,6.1339640617370605,,6.063747406005859,,7.021454811096191,,6.173823356628418,,5.182616233825684,,,,,,,,,,,,,,,,,,,,,,,,
13,,,,,,,,,,,,223,,,,,,,,,,,,,,,,,,,,,30.73697280883789,,6.170194625854492,,6.083685874938965,,7.001476764678955,,6.162611484527588,,5.319003105163574,,,,,,,,,,,,,,,,,,,,,,,,
13,,,,,,,,,,,,224,,,,,,,,,,,,,,,,,,,,,30.568946838378906,,6.037428855895996,,6.039144515991211,,7.04190731048584,,6.120870590209961,,5.3295979499816895,,,,,,,,,,,,,,,,,,,,,,,,
13,,,,,,,,,,,,225,,,,,,,,,,,,,,,,,,,,,30.644161224365234,,6.096393585205078,,6.034773826599121,,7.050652503967285,,6.1724162101745605,,5.2899250984191895,,,,,,,,,,,,,,,,,,,,,,,,
13,,,,,,,,,,,,226,,,,,,,,,,,,,,,,,,,,,30.464935302734375,,6.0656914710998535,,6.030428886413574,,7.021904468536377,,6.135051727294922,,5.211859226226807,,,,,,,,,,,,,,,,,,,,,,,,
13,,,,,,,,,,,,227,,,,,,,,,,,,,,,,,,,,,30.581775665283203,,6.077942848205566,,6.0214433670043945,,6.9998884201049805,,6.127166748046875,,5.355335235595703,,,,,,,,,,,,,,,,,,,,,,,,
13,,,,,,,,,,,,228,,,,,,,,,,,,,,,,,,,,,30.386594772338867,,6.06138801574707,,5.979413032531738,,7.011541366577148,,6.062368392944336,,5.271883964538574,,,,,,,,,,,,,,,,,,,,,,,,
13,,,,,,,,,,,,229,,,,,,,,,,,,,,,,,,,,,30.595890045166016,,6.074997901916504,,6.073360919952393,,7.02103328704834,,6.175756454467773,,5.2507405281066895,,,,,,,,,,,,,,,,,,,,,,,,
13,,,,,,,,,,,,230,,,,,,,,,,,,,,,,,,,,,30.331327438354492,,6.01917028427124,,5.960562705993652,,7.025155544281006,,6.090929985046387,,5.235507011413574,,,,,,,,,,,,,,,,,,,,,,,,
13,,,,,,,,,,,,231,,,,,,,,,,,,,,,,,,,,,30.324504852294922,,6.04468297958374,,6.079855918884277,,7.003925800323486,,6.094860076904297,,5.101179122924805,,,,,,,,,,,,,,,,,,,,,,,,
13,,,,,,,,,,,,232,,,,,,,,,,,,,,,,,,,,,30.457069396972656,,6.0399322509765625,,6.0754876136779785,,6.9947404861450195,,6.116848945617676,,5.2300615310668945,,,,,,,,,,,,,,,,,,,,,,,,
13,,,,,,,,,,,,233,,,,,,,,,,,,,,,,,,,,,30.441041946411133,,6.031935214996338,,6.008981704711914,,7.040172100067139,,6.103447914123535,,5.256505012512207,,,,,,,,,,,,,,,,,,,,,,,,
13,,,,,,,,,,,,234,,,,,,,,,,,,,,,,,,,,,30.626026153564453,,6.100323677062988,,6.114475727081299,,7.020786285400391,,6.1355485916137695,,5.254892349243164,,,,,,,,,,,,,,,,,,,,,,,,
13,,,,,,,,,,,,235,,,,,,,,,,,,,,,,,,,,,30.561119079589844,,6.095571517944336,,6.076664924621582,,6.99637508392334,,6.147535800933838,,5.244972229003906,,,,,,,,,,,,,,,,,,,,,,,,
13,,,,,,,,,,,,236,,,,,,,,,,,,,,,,,,,,,30.310213088989258,,5.981294631958008,,5.9919023513793945,,7.033785343170166,,6.067883014678955,,5.235349655151367,,,,,,,,,,,,,,,,,,,,,,,,
13,,,,,,,,,,,,237,,,,,,,,,,,,,,,,,,,,,21.55923080444336,,4.285844326019287,,4.315125465393066,,5.149584770202637,,4.350619792938232,,3.458057403564453,,,,,,,,,,,,,,,,,,,,,,,,
,,,,,,,,,,,,13,,,,,,,,,,,,,,,,,,,,,,,,,,,,,,,,,,,,,,,,,,,,,,,,,,,,,,,20.442535400390625
13,,,,,,,,,,,,237,,,,,,,,,,,,,,,,,,,,,,,,,,,,,,,,,,,,,0.33000001311302185,0.7099999785423279,3.730645179748535,3.600759506225586,5.1634721755981445,3.8785367012023926,4.069120407104492,0.10499999672174454,0.12999999523162842,0.03999999910593033,0.09000000357627869,0.09000000357627869,0.3499999940395355,0.36500000953674316,0.07999999821186066,0.30000001192092896,0.2849999964237213,20.442535400390625,
13,,,,,,16540.0,,,,,,237,,,,,,,,,,,,,,,,,,,,30.437517166137695,,6.053945541381836,,6.0265889167785645,,7.003178119659424,,6.1166181564331055,,5.237185955047607,,0.09353084117174149,0.10129988193511963,0.004806529730558395,0.08636638522148132,0.13425029814243317,,,,,,,,,,,,,,,,,,,
14,,,,,,,,,,,,238,,,,,,,,,,,,,,,,,,,,,30.179645538330078,,5.9835968017578125,,5.97485876083374,,6.991135597229004,,6.062365531921387,,5.167688846588135,,,,,,,,,,,,,,,,,,,,,,,,
14,,,,,,,,,,,,239,,,,,,,,,,,,,,,,,,,,,30.241065979003906,,6.016029357910156,,5.976161003112793,,7.019210338592529,,6.089086055755615,,5.14057731628418,,,,,,,,,,,,,,,,,,,,,,,,
14,,,,,,,,,,,,240,,,,,,,,,,,,,,,,,,,,,30.034687042236328,,5.945113182067871,,5.969887733459473,,6.99276065826416,,6.03270149230957,,5.094225883483887,,,,,,,,,,,,,,,,,,,,,,,,
14,,,,,,,,,,,,241,,,,,,,,,,,,,,,,,,,,,30.203289031982422,,6.015293121337891,,6.033713340759277,,7.019275188446045,,6.057390213012695,,5.077617645263672,,,,,,,,,,,,,,,,,,,,,,,,
14,,,,,,,,,,,,242,,,,,,,,,,,,,,,,,,,,,30.224853515625,,6.051175117492676,,6.0216827392578125,,7.007335186004639,,6.029353618621826,,5.1153059005737305,,,,,,,,,,,,,,,,,,,,,,,,
14,,,,,,,,,,,,243,,,,,,,,,,,,,,,,,,,,,29.75893211364746,,5.877503871917725,,5.8957600593566895,,7.001352310180664,,5.925860404968262,,5.058455944061279,,,,,,,,,,,,,,,,,,,,,,,,
14,,,,,,,,,,,,244,,,,,,,,,,,,,,,,,,,,,30.093273162841797,,6.0066752433776855,,5.901944160461426,,7.005751609802246,,6.074934482574463,,5.103964805603027,,,,,,,,,,,,,,,,,,,,,,,,
14,,,,,,,,,,,,245,,,,,,,,,,,,,,,,,,,,,30.169031143188477,,5.971922874450684,,5.987793922424316,,7.014902114868164,,6.040743827819824,,5.153670310974121,,,,,,,,,,,,,,,,,,,,,,,,
14,,,,,,,,,,,,246,,,,,,,,,,,,,,,,,,,,,29.854957580566406,,5.939081192016602,,5.916317939758301,,6.999520301818848,,5.983127593994141,,5.016912937164307,,,,,,,,,,,,,,,,,,,,,,,,
14,,,,,,,,,,,,247,,,,,,,,,,,,,,,,,,,,,29.938583374023438,,5.865024089813232,,5.960552215576172,,7.019281387329102,,5.94606876373291,,5.147656440734863,,,,,,,,,,,,,,,,,,,,,,,,
14,,,,,,,,,,,,248,,,,,,,,,,,,,,,,,,,,,29.990081787109375,,5.966155052185059,,5.9569091796875,,6.999455451965332,,5.970918655395508,,5.096643924713135,,,,,,,,,,,,,,,,,,,,,,,,
14,,,,,,,,,,,,249,,,,,,,,,,,,,,,,,,,,,30.135969161987305,,6.001126289367676,,5.990612506866455,,6.983785152435303,,5.994928359985352,,5.165515422821045,,,,,,,,,,,,,,,,,,,,,,,,
14,,,,,,,,,,,,250,,,,,,,,,,,,,,,,,,,,,29.851516723632812,,5.895129203796387,,5.8428826332092285,,6.9949469566345215,,5.998453617095947,,5.12010383605957,,,,,,,,,,,,,,,,,,,,,,,,
14,,,,,,,,,,,,251,,,,,,,,,,,,,,,,,,,,,30.11932373046875,,5.977823257446289,,6.0208868980407715,,7.008209705352783,,6.005674362182617,,5.106729030609131,,,,,,,,,,,,,,,,,,,,,,,,
14,,,,,,,,,,,,252,,,,,,,,,,,,,,,,,,,,,29.820117950439453,,5.911022186279297,,5.892966270446777,,6.988903522491455,,5.960371017456055,,5.0668535232543945,,,,,,,,,,,,,,,,,,,,,,,,
14,,,,,,,,,,,,253,,,,,,,,,,,,,,,,,,,,,30.160249710083008,,5.994503021240234,,5.993594169616699,,7.0017991065979,,6.029501438140869,,5.140852928161621,,,,,,,,,,,,,,,,,,,,,,,,
14,,,,,,,,,,,,254,,,,,,,,,,,,,,,,,,,,,21.215723037719727,,4.276851654052734,,4.218288421630859,,5.104328632354736,,4.364100456237793,,3.25215482711792,,,,,,,,,,,,,,,,,,,,,,,,
,,,,,,,,,,,,14,,,,,,,,,,,,,,,,,,,,,,,,,,,,,,,,,,,,,,,,,,,,,,,,,,,,,,,19.954654693603516
14,,,,,,,,,,,,254,,,,,,,,,,,,,,,,,,,,,,,,,,,,,,,,,,,,,0.3700000047683716,0.7250000238418579,3.5631277561187744,3.4866445064544678,5.12470817565918,3.6856725215911865,4.0945024490356445,0.13500000536441803,0.12999999523162842,0.03500000014901161,0.11500000208616257,0.07500000298023224,0.4350000023841858,0.4000000059604645,0.09000000357627869,0.3400000035762787,0.28999999165534973,19.954654693603516,
14,,,,,,16540.0,,,,,,254,,,,,,,,,,,,,,,,,,,,29.965164184570312,,5.947664737701416,,5.942119598388672,,6.985069274902344,,5.997044563293457,,5.093268871307373,,0.11191052943468094,0.115840382874012,0.004746070131659508,0.10610640048980713,0.14785368740558624,,,,,,,,,,,,,,,,,,,
15,,,,,,,,,,,,255,,,,,,,,,,,,,,,,,,,,,29.60348892211914,,5.910955429077148,,5.926351547241211,,6.980315685272217,,5.90667724609375,,4.879188060760498,,,,,,,,,,,,,,,,,,,,,,,,
15,,,,,,,,,,,,256,,,,,,,,,,,,,,,,,,,,,29.62628173828125,,5.869436740875244,,5.806736946105957,,6.992377281188965,,5.955198287963867,,5.002532482147217,,,,,,,,,,,,,,,,,,,,,,,,
15,,,,,,,,,,,,257,,,,,,,,,,,,,,,,,,,,,29.844898223876953,,5.960853576660156,,5.933095932006836,,7.010015487670898,,5.971959590911865,,4.968973636627197,,,,,,,,,,,,,,,,,,,,,,,,
15,,,,,,,,,,,,258,,,,,,,,,,,,,,,,,,,,,29.659439086914062,,5.8639140129089355,,5.8998870849609375,,6.977709770202637,,5.988020420074463,,4.929908752441406,,,,,,,,,,,,,,,,,,,,,,,,
15,,,,,,,,,,,,259,,,,,,,,,,,,,,,,,,,,,29.739810943603516,,5.917125701904297,,5.916337966918945,,7.000059127807617,,5.931234359741211,,4.975053787231445,,,,,,,,,,,,,,,,,,,,,,,,
15,,,,,,,,,,,,260,,,,,,,,,,,,,,,,,,,,,29.36887550354004,,5.841719150543213,,5.8066935539245605,,6.994801044464111,,5.884585857391357,,4.841075897216797,,,,,,,,,,,,,,,,,,,,,,,,
15,,,,,,,,,,,,261,,,,,,,,,,,,,,,,,,,,,29.819355010986328,,5.918042182922363,,5.881858825683594,,6.982392311096191,,5.953326225280762,,5.083734512329102,,,,,,,,,,,,,,,,,,,,,,,,
15,,,,,,,,,,,,262,,,,,,,,,,,,,,,,,,,,,29.589887619018555,,5.867987632751465,,5.891993045806885,,6.995883464813232,,5.895877838134766,,4.938146114349365,,,,,,,,,,,,,,,,,,,,,,,,
15,,,,,,,,,,,,263,,,,,,,,,,,,,,,,,,,,,29.254907608032227,,5.752878665924072,,5.837575912475586,,6.986989974975586,,5.808004856109619,,4.869458198547363,,,,,,,,,,,,,,,,,,,,,,,,
15,,,,,,,,,,,,264,,,,,,,,,,,,,,,,,,,,,29.539264678955078,,5.870815277099609,,5.793968200683594,,6.984071731567383,,5.889438629150391,,5.000970840454102,,,,,,,,,,,,,,,,,,,,,,,,
15,,,,,,,,,,,,265,,,,,,,,,,,,,,,,,,,,,29.853931427001953,,5.944211006164551,,5.894885063171387,,6.975131511688232,,5.9162068367004395,,5.123497486114502,,,,,,,,,,,,,,,,,,,,,,,,
15,,,,,,,,,,,,266,,,,,,,,,,,,,,,,,,,,,29.672151565551758,,5.872292518615723,,5.900423049926758,,7.007627487182617,,5.936975479125977,,4.954833030700684,,,,,,,,,,,,,,,,,,,,,,,,
15,,,,,,,,,,,,267,,,,,,,,,,,,,,,,,,,,,29.33626937866211,,5.754566192626953,,5.793945789337158,,6.976819038391113,,5.8619794845581055,,4.948958396911621,,,,,,,,,,,,,,,,,,,,,,,,
15,,,,,,,,,,,,268,,,,,,,,,,,,,,,,,,,,,29.583023071289062,,5.886410713195801,,5.905590057373047,,6.968070030212402,,5.894577503204346,,4.928372383117676,,,,,,,,,,,,,,,,,,,,,,,,
15,,,,,,,,,,,,269,,,,,,,,,,,,,,,,,,,,,29.550565719604492,,5.882741451263428,,5.817405700683594,,6.975438594818115,,5.863755226135254,,5.011224269866943,,,,,,,,,,,,,,,,,,,,,,,,
15,,,,,,,,,,,,270,,,,,,,,,,,,,,,,,,,,,29.532207489013672,,5.880582332611084,,5.929018020629883,,6.9807538986206055,,5.876992225646973,,4.864862442016602,,,,,,,,,,,,,,,,,,,,,,,,
15,,,,,,,,,,,,271,,,,,,,,,,,,,,,,,,,,,20.512269973754883,,4.095191955566406,,4.146522521972656,,5.079906463623047,,4.119013786315918,,3.0716350078582764,,,,,,,,,,,,,,,,,,,,,,,,
,,,,,,,,,,,,15,,,,,,,,,,,,,,,,,,,,,,,,,,,,,,,,,,,,,,,,,,,,,,,,,,,,,,,19.617355346679688
15,,,,,,,,,,,,271,,,,,,,,,,,,,,,,,,,,,,,,,,,,,,,,,,,,,0.3499999940395355,0.7250000238418579,3.4515578746795654,3.4224939346313477,5.070300102233887,3.604158878326416,4.068845748901367,0.15000000596046448,0.14000000059604645,0.04500000178813934,0.12999999523162842,0.07500000298023224,0.41999998688697815,0.39500001072883606,0.09000000357627869,0.3449999988079071,0.30000001192092896,19.617355346679688,
15,,,,,,16540.0,,,,,,271,,,,,,,,,,,,,,,,,,,,29.51270294189453,,5.857875823974609,,5.854720115661621,,6.968793869018555,,5.891548156738281,,4.939761638641357,,0.12762999534606934,0.12566505372524261,0.005501813720911741,0.12382103502750397,0.1701027750968933,,,,,,,,,,,,,,,,,,,
16,,,,,,,,,,,,272,,,,,,,,,,,,,,,,,,,,,29.076311111450195,,5.759925365447998,,5.727748870849609,,6.9664154052734375,,5.796604156494141,,4.825617790222168,,,,,,,,,,,,,,,,,,,,,,,,
16,,,,,,,,,,,,273,,,,,,,,,,,,,,,,,,,,,29.46978759765625,,5.885310173034668,,5.864919185638428,,7.006040573120117,,5.892339706420898,,4.8211774826049805,,,,,,,,,,,,,,,,,,,,,,,,
16,,,,,,,,,,,,274,,,,,,,,,,,,,,,,,,,,,29.28359603881836,,5.846616268157959,,5.884164333343506,,6.989721298217773,,5.83868408203125,,4.724409103393555,,,,,,,,,,,,,,,,,,,,,,,,
16,,,,,,,,,,,,275,,,,,,,,,,,,,,,,,,,,,29.201438903808594,,5.771358489990234,,5.82710599899292,,6.959240913391113,,5.812039375305176,,4.831693172454834,,,,,,,,,,,,,,,,,,,,,,,,
16,,,,,,,,,,,,276,,,,,,,,,,,,,,,,,,,,,29.31769561767578,,5.791807651519775,,5.850831985473633,,7.002946853637695,,5.856176376342773,,4.815932273864746,,,,,,,,,,,,,,,,,,,,,,,,
16,,,,,,,,,,,,277,,,,,,,,,,,,,,,,,,,,,29.076129913330078,,5.743483543395996,,5.793427467346191,,6.961383819580078,,5.793741226196289,,4.784093856811523,,,,,,,,,,,,,,,,,,,,,,,,
16,,,,,,,,,,,,278,,,,,,,,,,,,,,,,,,,,,29.111530303955078,,5.757332801818848,,5.795434951782227,,6.949265480041504,,5.796551704406738,,4.812943458557129,,,,,,,,,,,,,,,,,,,,,,,,
16,,,,,,,,,,,,279,,,,,,,,,,,,,,,,,,,,,29.261280059814453,,5.7816267013549805,,5.808108806610107,,6.9973554611206055,,5.7431230545043945,,4.931064605712891,,,,,,,,,,,,,,,,,,,,,,,,
16,,,,,,,,,,,,280,,,,,,,,,,,,,,,,,,,,,29.230316162109375,,5.760894775390625,,5.800628185272217,,6.990761756896973,,5.829195022583008,,4.848837375640869,,,,,,,,,,,,,,,,,,,,,,,,
16,,,,,,,,,,,,281,,,,,,,,,,,,,,,,,,,,,29.04604721069336,,5.706692695617676,,5.790077209472656,,6.979580879211426,,5.749528884887695,,4.820168495178223,,,,,,,,,,,,,,,,,,,,,,,,
16,,,,,,,,,,,,282,,,,,,,,,,,,,,,,,,,,,29.024330139160156,,5.740537643432617,,5.7949066162109375,,6.938256740570068,,5.740870475769043,,4.809758186340332,,,,,,,,,,,,,,,,,,,,,,,,
16,,,,,,,,,,,,283,,,,,,,,,,,,,,,,,,,,,28.91033363342285,,5.665335655212402,,5.715014457702637,,6.971898555755615,,5.711919784545898,,4.846164226531982,,,,,,,,,,,,,,,,,,,,,,,,
16,,,,,,,,,,,,284,,,,,,,,,,,,,,,,,,,,,29.289005279541016,,5.808876991271973,,5.855332374572754,,6.955326557159424,,5.829811096191406,,4.839661121368408,,,,,,,,,,,,,,,,,,,,,,,,
16,,,,,,,,,,,,285,,,,,,,,,,,,,,,,,,,,,28.900846481323242,,5.746068477630615,,5.725274085998535,,6.93488073348999,,5.709286689758301,,4.785336494445801,,,,,,,,,,,,,,,,,,,,,,,,
16,,,,,,,,,,,,286,,,,,,,,,,,,,,,,,,,,,29.00685691833496,,5.691348075866699,,5.789751052856445,,6.967216968536377,,5.70760440826416,,4.850937366485596,,,,,,,,,,,,,,,,,,,,,,,,
16,,,,,,,,,,,,287,,,,,,,,,,,,,,,,,,,,,29.053831100463867,,5.768555164337158,,5.764993667602539,,6.937229156494141,,5.687693119049072,,4.895359992980957,,,,,,,,,,,,,,,,,,,,,,,,
16,,,,,,,,,,,,288,,,,,,,,,,,,,,,,,,,,,20.135543823242188,,3.9605190753936768,,3.9604368209838867,,5.115225791931152,,4.0127739906311035,,3.08658766746521,,,,,,,,,,,,,,,,,,,,,,,,
,,,,,,,,,,,,16,,,,,,,,,,,,,,,,,,,,,,,,,,,,,,,,,,,,,,,,,,,,,,,,,,,,,,,19.305591583251953
16,,,,,,,,,,,,288,,,,,,,,,,,,,,,,,,,,,,,,,,,,,,,,,,,,,0.3700000047683716,0.7599999904632568,3.336557626724243,3.3383426666259766,5.014178276062012,3.5075385570526123,4.108975887298584,0.17499999701976776,0.1599999964237213,0.02500000037252903,0.13500000536441803,0.09000000357627869,0.4749999940395355,0.4300000071525574,0.0949999988079071,0.3700000047683716,0.27000001072883606,19.305591583251953,
16,,,,,,16540.0,,,,,,288,,,,,,,,,,,,,,,,,,,,29.056270599365234,,5.747099876403809,,5.78188943862915,,6.9517340660095215,,5.764270782470703,,4.811275482177734,,0.14851872622966766,0.13935913145542145,0.005925030447542667,0.1439540535211563,0.1875755786895752,,,,,,,,,,,,,,,,,,,
17,,,,,,,,,,,,289,,,,,,,,,,,,,,,,,,,,,28.87134552001953,,5.673625469207764,,5.755948066711426,,6.979083061218262,,5.782252311706543,,4.680434226989746,,,,,,,,,,,,,,,,,,,,,,,,
17,,,,,,,,,,,,290,,,,,,,,,,,,,,,,,,,,,28.6052188873291,,5.629675388336182,,5.679189682006836,,6.95020866394043,,5.651034355163574,,4.695111274719238,,,,,,,,,,,,,,,,,,,,,,,,
17,,,,,,,,,,,,291,,,,,,,,,,,,,,,,,,,,,28.814777374267578,,5.73155403137207,,5.770915985107422,,6.979201316833496,,5.739383220672607,,4.593722820281982,,,,,,,,,,,,,,,,,,,,,,,,
17,,,,,,,,,,,,292,,,,,,,,,,,,,,,,,,,,,28.864702224731445,,5.79082727432251,,5.753547668457031,,6.970921039581299,,5.799933910369873,,4.549473762512207,,,,,,,,,,,,,,,,,,,,,,,,
17,,,,,,,,,,,,293,,,,,,,,,,,,,,,,,,,,,28.559173583984375,,5.637922286987305,,5.709606170654297,,6.938593864440918,,5.612655162811279,,4.66039514541626,,,,,,,,,,,,,,,,,,,,,,,,
17,,,,,,,,,,,,294,,,,,,,,,,,,,,,,,,,,,28.876399993896484,,5.663939476013184,,5.725264549255371,,6.982491493225098,,5.746468544006348,,4.758237361907959,,,,,,,,,,,,,,,,,,,,,,,,
17,,,,,,,,,,,,295,,,,,,,,,,,,,,,,,,,,,28.22450828552246,,5.510529518127441,,5.612926959991455,,6.974393367767334,,5.491850852966309,,4.634807109832764,,,,,,,,,,,,,,,,,,,,,,,,
17,,,,,,,,,,,,296,,,,,,,,,,,,,,,,,,,,,28.505355834960938,,5.6471405029296875,,5.711183071136475,,6.928214073181152,,5.624817848205566,,4.594001770019531,,,,,,,,,,,,,,,,,,,,,,,,
17,,,,,,,,,,,,297,,,,,,,,,,,,,,,,,,,,,28.408729553222656,,5.61370849609375,,5.635735511779785,,6.93527889251709,,5.5615458488464355,,4.662461757659912,,,,,,,,,,,,,,,,,,,,,,,,
17,,,,,,,,,,,,298,,,,,,,,,,,,,,,,,,,,,28.692489624023438,,5.609292507171631,,5.739567279815674,,6.94240665435791,,5.6649603843688965,,4.736264228820801,,,,,,,,,,,,,,,,,,,,,,,,
17,,,,,,,,,,,,299,,,,,,,,,,,,,,,,,,,,,28.588298797607422,,5.634979248046875,,5.668854713439941,,6.938729286193848,,5.648683547973633,,4.697052001953125,,,,,,,,,,,,,,,,,,,,,,,,
17,,,,,,,,,,,,300,,,,,,,,,,,,,,,,,,,,,28.741535186767578,,5.6606316566467285,,5.781461715698242,,6.935822010040283,,5.666522979736328,,4.697097301483154,,,,,,,,,,,,,,,,,,,,,,,,
17,,,,,,,,,,,,301,,,,,,,,,,,,,,,,,,,,,28.73910903930664,,5.689273834228516,,5.679304122924805,,6.948439598083496,,5.660984039306641,,4.761106967926025,,,,,,,,,,,,,,,,,,,,,,,,
17,,,,,,,,,,,,302,,,,,,,,,,,,,,,,,,,,,28.96038818359375,,5.743234157562256,,5.740567684173584,,6.9538655281066895,,5.749262809753418,,4.773458480834961,,,,,,,,,,,,,,,,,,,,,,,,
17,,,,,,,,,,,,303,,,,,,,,,,,,,,,,,,,,,28.598222732543945,,5.635030746459961,,5.715853691101074,,6.962164402008057,,5.619748592376709,,4.665425777435303,,,,,,,,,,,,,,,,,,,,,,,,
17,,,,,,,,,,,,304,,,,,,,,,,,,,,,,,,,,,28.612789154052734,,5.599040508270264,,5.673086166381836,,6.9152727127075195,,5.654759407043457,,4.770631790161133,,,,,,,,,,,,,,,,,,,,,,,,
17,,,,,,,,,,,,305,,,,,,,,,,,,,,,,,,,,,20.369531631469727,,4.1540374755859375,,4.0286455154418945,,5.081760883331299,,4.032626152038574,,3.0724616050720215,,,,,,,,,,,,,,,,,,,,,,,,
,,,,,,,,,,,,17,,,,,,,,,,,,,,,,,,,,,,,,,,,,,,,,,,,,,,,,,,,,,,,,,,,,,,,18.880325317382812
17,,,,,,,,,,,,305,,,,,,,,,,,,,,,,,,,,,,,,,,,,,,,,,,,,,0.4300000071525574,0.7950000166893005,3.1736936569213867,3.245242118835449,4.9385151863098145,3.423403739929199,4.099471092224121,0.23000000417232513,0.16500000655651093,0.02500000037252903,0.1550000011920929,0.11999999731779099,0.5099999904632568,0.46000000834465027,0.11500000208616257,0.41999998688697815,0.2800000011920929,18.880325317382812,
17,,,,,,16540.0,,,,,,305,,,,,,,,,,,,,,,,,,,,28.588186264038086,,5.640249252319336,,5.693709373474121,,6.934552192687988,,5.65176248550415,,4.667913913726807,,0.16363361477851868,0.15610641241073608,0.00710399029776454,0.16665659844875336,0.20519950985908508,,,,,,,,,,,,,,,,,,,
18,,,,,,,,,,,,306,,,,,,,,,,,,,,,,,,,,,27.842609405517578,,5.441717147827148,,5.539812088012695,,6.907464027404785,,5.4732561111450195,,4.480359077453613,,,,,,,,,,,,,,,,,,,,,,,,
18,,,,,,,,,,,,307,,,,,,,,,,,,,,,,,,,,,27.94091033935547,,5.4591779708862305,,5.526268482208252,,6.941836357116699,,5.473752021789551,,4.5398759841918945,,,,,,,,,,,,,,,,,,,,,,,,
18,,,,,,,,,,,,308,,,,,,,,,,,,,,,,,,,,,28.19923210144043,,5.55910587310791,,5.589994430541992,,6.962926864624023,,5.518463134765625,,4.5687408447265625,,,,,,,,,,,,,,,,,,,,,,,,
18,,,,,,,,,,,,309,,,,,,,,,,,,,,,,,,,,,28.32232093811035,,5.6011457443237305,,5.684206008911133,,6.923641204833984,,5.575764179229736,,4.537563800811768,,,,,,,,,,,,,,,,,,,,,,,,
18,,,,,,,,,,,,310,,,,,,,,,,,,,,,,,,,,,28.406917572021484,,5.598976135253906,,5.693009376525879,,6.973415374755859,,5.607516288757324,,4.534000396728516,,,,,,,,,,,,,,,,,,,,,,,,
18,,,,,,,,,,,,311,,,,,,,,,,,,,,,,,,,,,28.40133285522461,,5.62264347076416,,5.683956146240234,,6.972193717956543,,5.567248344421387,,4.555289268493652,,,,,,,,,,,,,,,,,,,,,,,,
18,,,,,,,,,,,,312,,,,,,,,,,,,,,,,,,,,,28.093215942382812,,5.544743061065674,,5.635432720184326,,6.918684959411621,,5.5037946701049805,,4.490558624267578,,,,,,,,,,,,,,,,,,,,,,,,
18,,,,,,,,,,,,313,,,,,,,,,,,,,,,,,,,,,28.27105140686035,,5.577610492706299,,5.653274059295654,,6.942277908325195,,5.543878555297852,,4.554009914398193,,,,,,,,,,,,,,,,,,,,,,,,
18,,,,,,,,,,,,314,,,,,,,,,,,,,,,,,,,,,28.179040908813477,,5.54185676574707,,5.633719444274902,,6.928736209869385,,5.541617393493652,,4.5331130027771,,,,,,,,,,,,,,,,,,,,,,,,
18,,,,,,,,,,,,315,,,,,,,,,,,,,,,,,,,,,28.24089813232422,,5.593221664428711,,5.633855819702148,,6.891533851623535,,5.581618309020996,,4.540670394897461,,,,,,,,,,,,,,,,,,,,,,,,
18,,,,,,,,,,,,316,,,,,,,,,,,,,,,,,,,,,28.066190719604492,,5.531386375427246,,5.556473731994629,,6.9435858726501465,,5.505141735076904,,4.52960205078125,,,,,,,,,,,,,,,,,,,,,,,,
18,,,,,,,,,,,,317,,,,,,,,,,,,,,,,,,,,,28.08384895324707,,5.499243259429932,,5.586414337158203,,6.882444381713867,,5.57839298248291,,4.537353515625,,,,,,,,,,,,,,,,,,,,,,,,
18,,,,,,,,,,,,318,,,,,,,,,,,,,,,,,,,,,28.617835998535156,,5.7102274894714355,,5.745870113372803,,6.9414753913879395,,5.662810802459717,,4.557451248168945,,,,,,,,,,,,,,,,,,,,,,,,
18,,,,,,,,,,,,319,,,,,,,,,,,,,,,,,,,,,28.169851303100586,,5.546142578125,,5.663728713989258,,6.9137701988220215,,5.5500030517578125,,4.4962053298950195,,,,,,,,,,,,,,,,,,,,,,,,
18,,,,,,,,,,,,320,,,,,,,,,,,,,,,,,,,,,28.126127243041992,,5.525320053100586,,5.647266864776611,,6.909821033477783,,5.543490886688232,,4.500228404998779,,,,,,,,,,,,,,,,,,,,,,,,
18,,,,,,,,,,,,321,,,,,,,,,,,,,,,,,,,,,28.52489471435547,,5.633124351501465,,5.731711387634277,,6.915985107421875,,5.629046440124512,,4.615028381347656,,,,,,,,,,,,,,,,,,,,,,,,
18,,,,,,,,,,,,322,,,,,,,,,,,,,,,,,,,,,20.02939224243164,,4.136330604553223,,4.071794509887695,,5.088649749755859,,3.8863186836242676,,2.8462986946105957,,,,,,,,,,,,,,,,,,,,,,,,
,,,,,,,,,,,,18,,,,,,,,,,,,,,,,,,,,,,,,,,,,,,,,,,,,,,,,,,,,,,,,,,,,,,,18.609472274780273
18,,,,,,,,,,,,322,,,,,,,,,,,,,,,,,,,,,,,,,,,,,,,,,,,,,0.41499999165534973,0.8050000071525574,3.1235594749450684,3.2397994995117188,4.846612930297852,3.3482351303100586,4.051264762878418,0.19499999284744263,0.16500000655651093,0.03999999910593033,0.20000000298023224,0.10499999672174454,0.5149999856948853,0.4950000047683716,0.10999999940395355,0.42500001192092896,0.3050000071525574,18.609472274780273,
18,,,,,,16540.0,,,,,,322,,,,,,,,,,,,,,,,,,,,28.14066505432129,,5.548160076141357,,5.623042106628418,,6.912001609802246,,5.537762641906738,,4.5196943283081055,,0.18201328814029694,0.169921413064003,0.008615477941930294,0.1850060373544693,0.22766022384166718,,,,,,,,,,,,,,,,,,,
19,,,,,,,,,,,,323,,,,,,,,,,,,,,,,,,,,,27.79725456237793,,5.487100124359131,,5.577563285827637,,6.887918472290039,,5.495665550231934,,4.349008560180664,,,,,,,,,,,,,,,,,,,,,,,,
19,,,,,,,,,,,,324,,,,,,,,,,,,,,,,,,,,,27.523406982421875,,5.374897480010986,,5.533261299133301,,6.8918561935424805,,5.376387596130371,,4.3470048904418945,,,,,,,,,,,,,,,,,,,,,,,,
19,,,,,,,,,,,,325,,,,,,,,,,,,,,,,,,,,,27.847776412963867,,5.446402072906494,,5.609783172607422,,6.894933223724365,,5.442102432250977,,4.454555511474609,,,,,,,,,,,,,,,,,,,,,,,,
19,,,,,,,,,,,,326,,,,,,,,,,,,,,,,,,,,,27.59178352355957,,5.383922100067139,,5.529186248779297,,6.901166915893555,,5.427280902862549,,4.350226879119873,,,,,,,,,,,,,,,,,,,,,,,,
19,,,,,,,,,,,,327,,,,,,,,,,,,,,,,,,,,,27.888160705566406,,5.526463985443115,,5.533285140991211,,6.921401023864746,,5.44704008102417,,4.459968566894531,,,,,,,,,,,,,,,,,,,,,,,,
19,,,,,,,,,,,,328,,,,,,,,,,,,,,,,,,,,,27.703208923339844,,5.405481338500977,,5.5255842208862305,,6.884099006652832,,5.404839515686035,,4.483203887939453,,,,,,,,,,,,,,,,,,,,,,,,
19,,,,,,,,,,,,329,,,,,,,,,,,,,,,,,,,,,27.709291458129883,,5.495365142822266,,5.572125434875488,,6.892034530639648,,5.42511510848999,,4.324650764465332,,,,,,,,,,,,,,,,,,,,,,,,
19,,,,,,,,,,,,330,,,,,,,,,,,,,,,,,,,,,27.659603118896484,,5.461738586425781,,5.521937370300293,,6.897089958190918,,5.364610195159912,,4.4142255783081055,,,,,,,,,,,,,,,,,,,,,,,,
19,,,,,,,,,,,,331,,,,,,,,,,,,,,,,,,,,,27.777435302734375,,5.545324325561523,,5.567928314208984,,6.862383842468262,,5.433018684387207,,4.368778228759766,,,,,,,,,,,,,,,,,,,,,,,,
19,,,,,,,,,,,,332,,,,,,,,,,,,,,,,,,,,,27.85329818725586,,5.462810516357422,,5.537226676940918,,6.894305229187012,,5.500526428222656,,4.458428382873535,,,,,,,,,,,,,,,,,,,,,,,,
19,,,,,,,,,,,,333,,,,,,,,,,,,,,,,,,,,,27.867488861083984,,5.484890937805176,,5.58867883682251,,6.864021301269531,,5.480436325073242,,4.449460983276367,,,,,,,,,,,,,,,,,,,,,,,,
19,,,,,,,,,,,,334,,,,,,,,,,,,,,,,,,,,,27.946178436279297,,5.488795280456543,,5.624311447143555,,6.8926005363464355,,5.4867353439331055,,4.453736305236816,,,,,,,,,,,,,,,,,,,,,,,,
19,,,,,,,,,,,,335,,,,,,,,,,,,,,,,,,,,,27.791717529296875,,5.475094795227051,,5.491093635559082,,6.887554168701172,,5.42854118347168,,4.509434700012207,,,,,,,,,,,,,,,,,,,,,,,,
19,,,,,,,,,,,,336,,,,,,,,,,,,,,,,,,,,,27.891246795654297,,5.469146251678467,,5.5847320556640625,,6.90602970123291,,5.485869407653809,,4.445468902587891,,,,,,,,,,,,,,,,,,,,,,,,
19,,,,,,,,,,,,337,,,,,,,,,,,,,,,,,,,,,27.61075782775879,,5.415575981140137,,5.514042377471924,,6.900022983551025,,5.414911270141602,,4.366204738616943,,,,,,,,,,,,,,,,,,,,,,,,
19,,,,,,,,,,,,338,,,,,,,,,,,,,,,,,,,,,27.82593536376953,,5.428032398223877,,5.567187309265137,,6.897274017333984,,5.420752048492432,,4.512688636779785,,,,,,,,,,,,,,,,,,,,,,,,
19,,,,,,,,,,,,339,,,,,,,,,,,,,,,,,,,,,18.88103485107422,,3.768080711364746,,3.8183913230895996,,4.9785566329956055,,3.8243467807769775,,2.4916605949401855,,,,,,,,,,,,,,,,,,,,,,,,
,,,,,,,,,,,,19,,,,,,,,,,,,,,,,,,,,,,,,,,,,,,,,,,,,,,,,,,,,,,,,,,,,,,,18.384031295776367
19,,,,,,,,,,,,339,,,,,,,,,,,,,,,,,,,,,,,,,,,,,,,,,,,,,0.46000000834465027,0.8050000071525574,3.0312583446502686,3.173504114151001,4.759321212768555,3.2514655590057373,4.168482780456543,0.23499999940395355,0.17000000178813934,0.03999999910593033,0.17499999701976776,0.11500000208616257,0.5049999952316284,0.4950000047683716,0.125,0.44999998807907104,0.3050000071525574,18.384031295776367,
19,,,,,,16540.0,,,,,,339,,,,,,,,,,,,,,,,,,,,27.6839656829834,,5.443487167358398,,5.538492679595947,,6.874119758605957,,5.424379825592041,,4.403486251831055,,0.19972792267799377,0.18428052961826324,0.010671100579202175,0.20317412912845612,0.24643288552761078,,,,,,,,,,,,,,,,,,,
20,,,,,,,,,,,,340,,,,,,,,,,,,,,,,,,,,,27.345653533935547,,5.425276756286621,,5.480374336242676,,6.875847816467285,,5.365338325500488,,4.19881534576416,,,,,,,,,,,,,,,,,,,,,,,,
20,,,,,,,,,,,,341,,,,,,,,,,,,,,,,,,,,,26.9566593170166,,5.298479080200195,,5.3944244384765625,,6.854305744171143,,5.239401817321777,,4.170048713684082,,,,,,,,,,,,,,,,,,,,,,,,
20,,,,,,,,,,,,342,,,,,,,,,,,,,,,,,,,,,27.532695770263672,,5.4297943115234375,,5.612837791442871,,6.840937614440918,,5.4290452003479,,4.220080375671387,,,,,,,,,,,,,,,,,,,,,,,,
20,,,,,,,,,,,,343,,,,,,,,,,,,,,,,,,,,,27.367427825927734,,5.342013359069824,,5.5270676612854,,6.887643337249756,,5.368833541870117,,4.241869926452637,,,,,,,,,,,,,,,,,,,,,,,,
20,,,,,,,,,,,,344,,,,,,,,,,,,,,,,,,,,,27.39582061767578,,5.341706275939941,,5.480363845825195,,6.863614082336426,,5.359297752380371,,4.350840091705322,,,,,,,,,,,,,,,,,,,,,,,,
20,,,,,,,,,,,,345,,,,,,,,,,,,,,,,,,,,,27.10247802734375,,5.308703422546387,,5.402682304382324,,6.8737101554870605,,5.21521520614624,,4.302166938781738,,,,,,,,,,,,,,,,,,,,,,,,
20,,,,,,,,,,,,346,,,,,,,,,,,,,,,,,,,,,27.065574645996094,,5.344531536102295,,5.377289295196533,,6.859719276428223,,5.274869918823242,,4.209165573120117,,,,,,,,,,,,,,,,,,,,,,,,
20,,,,,,,,,,,,347,,,,,,,,,,,,,,,,,,,,,27.457561492919922,,5.434613227844238,,5.488165378570557,,6.896357536315918,,5.361745834350586,,4.276679992675781,,,,,,,,,,,,,,,,,,,,,,,,
20,,,,,,,,,,,,348,,,,,,,,,,,,,,,,,,,,,27.61591339111328,,5.435441017150879,,5.536588668823242,,6.8864216804504395,,5.400053977966309,,4.357409954071045,,,,,,,,,,,,,,,,,,,,,,,,
20,,,,,,,,,,,,349,,,,,,,,,,,,,,,,,,,,,27.600231170654297,,5.418241500854492,,5.527912616729736,,6.8515777587890625,,5.4243974685668945,,4.3781023025512695,,,,,,,,,,,,,,,,,,,,,,,,
20,,,,,,,,,,,,350,,,,,,,,,,,,,,,,,,,,,27.330095291137695,,5.315753936767578,,5.461399555206299,,6.860335826873779,,5.389425754547119,,4.303179740905762,,,,,,,,,,,,,,,,,,,,,,,,
20,,,,,,,,,,,,351,,,,,,,,,,,,,,,,,,,,,27.21645736694336,,5.3390350341796875,,5.410095691680908,,6.85563850402832,,5.325287818908691,,4.286400318145752,,,,,,,,,,,,,,,,,,,,,,,,
20,,,,,,,,,,,,352,,,,,,,,,,,,,,,,,,,,,27.260019302368164,,5.357009410858154,,5.4334516525268555,,6.865961074829102,,5.317448616027832,,4.286147117614746,,,,,,,,,,,,,,,,,,,,,,,,
20,,,,,,,,,,,,353,,,,,,,,,,,,,,,,,,,,,27.657146453857422,,5.405567646026611,,5.553850173950195,,6.846954822540283,,5.437626838684082,,4.413147926330566,,,,,,,,,,,,,,,,,,,,,,,,
20,,,,,,,,,,,,354,,,,,,,,,,,,,,,,,,,,,27.29360580444336,,5.307781219482422,,5.464478492736816,,6.835391044616699,,5.3537397384643555,,4.332215309143066,,,,,,,,,,,,,,,,,,,,,,,,
20,,,,,,,,,,,,355,,,,,,,,,,,,,,,,,,,,,27.14409828186035,,5.359638690948486,,5.438255786895752,,6.8081183433532715,,5.247495174407959,,4.290590286254883,,,,,,,,,,,,,,,,,,,,,,,,
20,,,,,,,,,,,,356,,,,,,,,,,,,,,,,,,,,,18.980850219726562,,3.7403018474578857,,3.838303565979004,,4.991312026977539,,3.778367519378662,,2.6325652599334717,,,,,,,,,,,,,,,,,,,,,,,,
,,,,,,,,,,,,20,,,,,,,,,,,,,,,,,,,,,,,,,,,,,,,,,,,,,,,,,,,,,,,,,,,,,,,18.166351318359375
20,,,,,,,,,,,,356,,,,,,,,,,,,,,,,,,,,,,,,,,,,,,,,,,,,,0.44999998807907104,0.8100000023841858,3.0011887550354004,3.175903081893921,4.683823585510254,3.247476816177368,4.05795955657959,0.24500000476837158,0.1550000011920929,0.04500000178813934,0.19499999284744263,0.11999999731779099,0.5600000023841858,0.5049999952316284,0.11500000208616257,0.46000000834465027,0.3050000071525574,18.166351318359375,
20,,,,,,16540.0,,,,,,356,,,,,,,,,,,,,,,,,,,,27.25505828857422,,5.351136684417725,,5.458896636962891,,6.842532157897949,,5.329556941986084,,4.272934913635254,,0.21717049181461334,0.1975513994693756,0.012031438760459423,0.22052600979804993,0.26481255888938904,,,,,,,,,,,,,,,,,,,
21,,,,,,,,,,,,357,,,,,,,,,,,,,,,,,,,,,26.919933319091797,,5.245339870452881,,5.384113311767578,,6.833491325378418,,5.284659385681152,,4.172328948974609,,,,,,,,,,,,,,,,,,,,,,,,
21,,,,,,,,,,,,358,,,,,,,,,,,,,,,,,,,,,27.320629119873047,,5.4330925941467285,,5.447078704833984,,6.849508285522461,,5.35811710357666,,4.232831954956055,,,,,,,,,,,,,,,,,,,,,,,,
21,,,,,,,,,,,,359,,,,,,,,,,,,,,,,,,,,,27.034040451049805,,5.346078395843506,,5.460573673248291,,6.8331990242004395,,5.2810444831848145,,4.113144874572754,,,,,,,,,,,,,,,,,,,,,,,,
21,,,,,,,,,,,,360,,,,,,,,,,,,,,,,,,,,,26.876407623291016,,5.291932582855225,,5.35719108581543,,6.821751594543457,,5.265860557556152,,4.13967227935791,,,,,,,,,,,,,,,,,,,,,,,,
21,,,,,,,,,,,,361,,,,,,,,,,,,,,,,,,,,,26.663726806640625,,5.232661247253418,,5.333076000213623,,6.7881879806518555,,5.219817161560059,,4.089982986450195,,,,,,,,,,,,,,,,,,,,,,,,
21,,,,,,,,,,,,362,,,,,,,,,,,,,,,,,,,,,26.888864517211914,,5.285194396972656,,5.429617404937744,,6.848949909210205,,5.214763164520264,,4.1103410720825195,,,,,,,,,,,,,,,,,,,,,,,,
21,,,,,,,,,,,,363,,,,,,,,,,,,,,,,,,,,,26.890464782714844,,5.2627058029174805,,5.449063777923584,,6.84642219543457,,5.258700370788574,,4.073572158813477,,,,,,,,,,,,,,,,,,,,,,,,
21,,,,,,,,,,,,364,,,,,,,,,,,,,,,,,,,,,26.756345748901367,,5.185344696044922,,5.355650424957275,,6.795602798461914,,5.230380058288574,,4.18936824798584,,,,,,,,,,,,,,,,,,,,,,,,
21,,,,,,,,,,,,365,,,,,,,,,,,,,,,,,,,,,26.606056213378906,,5.223049163818359,,5.3023762702941895,,6.783413887023926,,5.140816688537598,,4.156400680541992,,,,,,,,,,,,,,,,,,,,,,,,
21,,,,,,,,,,,,366,,,,,,,,,,,,,,,,,,,,,26.663284301757812,,5.212127685546875,,5.341323375701904,,6.819647789001465,,5.186318397521973,,4.103867530822754,,,,,,,,,,,,,,,,,,,,,,,,
21,,,,,,,,,,,,367,,,,,,,,,,,,,,,,,,,,,27.15241241455078,,5.36400032043457,,5.47865629196167,,6.841585159301758,,5.240801811218262,,4.2273688316345215,,,,,,,,,,,,,,,,,,,,,,,,
21,,,,,,,,,,,,368,,,,,,,,,,,,,,,,,,,,,27.240352630615234,,5.351531028747559,,5.525440216064453,,6.79280948638916,,5.3412699699401855,,4.229303359985352,,,,,,,,,,,,,,,,,,,,,,,,
21,,,,,,,,,,,,369,,,,,,,,,,,,,,,,,,,,,26.922779083251953,,5.301056861877441,,5.412606716156006,,6.75711727142334,,5.2739973068237305,,4.1780009269714355,,,,,,,,,,,,,,,,,,,,,,,,
21,,,,,,,,,,,,370,,,,,,,,,,,,,,,,,,,,,26.587120056152344,,5.234716415405273,,5.34327507019043,,6.8015031814575195,,5.132880210876465,,4.074746131896973,,,,,,,,,,,,,,,,,,,,,,,,
21,,,,,,,,,,,,371,,,,,,,,,,,,,,,,,,,,,26.973590850830078,,5.285910606384277,,5.466744899749756,,6.816374778747559,,5.271986484527588,,4.132575511932373,,,,,,,,,,,,,,,,,,,,,,,,
21,,,,,,,,,,,,372,,,,,,,,,,,,,,,,,,,,,27.1861572265625,,5.341952323913574,,5.531200408935547,,6.795254230499268,,5.305275917053223,,4.212475776672363,,,,,,,,,,,,,,,,,,,,,,,,
21,,,,,,,,,,,,373,,,,,,,,,,,,,,,,,,,,,18.0833740234375,,3.504848003387451,,3.7967138290405273,,4.859133720397949,,3.4674787521362305,,2.455200672149658,,,,,,,,,,,,,,,,,,,,,,,,
,,,,,,,,,,,,21,,,,,,,,,,,,,,,,,,,,,,,,,,,,,,,,,,,,,,,,,,,,,,,,,,,,,,,17.971088409423828
21,,,,,,,,,,,,373,,,,,,,,,,,,,,,,,,,,,,,,,,,,,,,,,,,,,0.45500001311302185,0.8450000286102295,2.926051139831543,3.1575586795806885,4.590719223022461,3.159278631210327,4.137480735778809,0.23999999463558197,0.1550000011920929,0.03999999910593033,0.23000000417232513,0.11999999731779099,0.550000011920929,0.5049999952316284,0.12999999523162842,0.44999998807907104,0.30000001192092896,17.971088409423828,
21,,,,,,16540.0,,,,,,373,,,,,,,,,,,,,,,,,,,,26.834314346313477,,5.270482063293457,,5.398374557495117,,6.795612812042236,,5.233602046966553,,4.136242866516113,,0.23252719640731812,0.2101874202489853,0.0127569530159235,0.23688030242919922,0.2867291271686554,,,,,,,,,,,,,,,,,,,
22,,,,,,,,,,,,374,,,,,,,,,,,,,,,,,,,,,26.634172439575195,,5.2634782791137695,,5.364667892456055,,6.785030364990234,,5.224262714385986,,3.9967329502105713,,,,,,,,,,,,,,,,,,,,,,,,
22,,,,,,,,,,,,375,,,,,,,,,,,,,,,,,,,,,26.681392669677734,,5.307005882263184,,5.396081447601318,,6.794754505157471,,5.174053192138672,,4.00949764251709,,,,,,,,,,,,,,,,,,,,,,,,
22,,,,,,,,,,,,376,,,,,,,,,,,,,,,,,,,,,26.46808433532715,,5.226990699768066,,5.3263702392578125,,6.817281246185303,,5.16304874420166,,3.934394121170044,,,,,,,,,,,,,,,,,,,,,,,,
22,,,,,,,,,,,,377,,,,,,,,,,,,,,,,,,,,,26.001697540283203,,5.102982521057129,,5.242663383483887,,6.753664970397949,,5.032293319702148,,3.870091438293457,,,,,,,,,,,,,,,,,,,,,,,,
22,,,,,,,,,,,,378,,,,,,,,,,,,,,,,,,,,,26.487295150756836,,5.177467346191406,,5.378053188323975,,6.784327030181885,,5.113246917724609,,4.034201145172119,,,,,,,,,,,,,,,,,,,,,,,,
22,,,,,,,,,,,,379,,,,,,,,,,,,,,,,,,,,,26.188390731811523,,5.0774641036987305,,5.239275932312012,,6.739641189575195,,5.063138008117676,,4.068872451782227,,,,,,,,,,,,,,,,,,,,,,,,
22,,,,,,,,,,,,380,,,,,,,,,,,,,,,,,,,,,26.4549617767334,,5.163961887359619,,5.323309421539307,,6.79716682434082,,5.147435665130615,,4.023089408874512,,,,,,,,,,,,,,,,,,,,,,,,
22,,,,,,,,,,,,381,,,,,,,,,,,,,,,,,,,,,26.692989349365234,,5.257369041442871,,5.39259147644043,,6.797989845275879,,5.11904764175415,,4.125993728637695,,,,,,,,,,,,,,,,,,,,,,,,
22,,,,,,,,,,,,382,,,,,,,,,,,,,,,,,,,,,26.569889068603516,,5.202973365783691,,5.3771867752075195,,6.782177925109863,,5.175020694732666,,4.032530784606934,,,,,,,,,,,,,,,,,,,,,,,,
22,,,,,,,,,,,,383,,,,,,,,,,,,,,,,,,,,,26.256061553955078,,5.071815013885498,,5.3122663497924805,,6.796348571777344,,5.058187007904053,,4.0174455642700195,,,,,,,,,,,,,,,,,,,,,,,,
22,,,,,,,,,,,,384,,,,,,,,,,,,,,,,,,,,,26.31121826171875,,5.129729270935059,,5.310869216918945,,6.793120384216309,,5.006133079528809,,4.071364879608154,,,,,,,,,,,,,,,,,,,,,,,,
22,,,,,,,,,,,,385,,,,,,,,,,,,,,,,,,,,,26.347793579101562,,5.125767230987549,,5.299140453338623,,6.762853145599365,,5.080129146575928,,4.079903602600098,,,,,,,,,,,,,,,,,,,,,,,,
22,,,,,,,,,,,,386,,,,,,,,,,,,,,,,,,,,,26.71136474609375,,5.261633396148682,,5.4044694900512695,,6.730567932128906,,5.2451863288879395,,4.069506645202637,,,,,,,,,,,,,,,,,,,,,,,,
22,,,,,,,,,,,,387,,,,,,,,,,,,,,,,,,,,,26.41954803466797,,5.181966781616211,,5.355792045593262,,6.784294128417969,,5.140324592590332,,3.9571709632873535,,,,,,,,,,,,,,,,,,,,,,,,
22,,,,,,,,,,,,388,,,,,,,,,,,,,,,,,,,,,26.384357452392578,,5.152579307556152,,5.294912815093994,,6.75945520401001,,5.106108665466309,,4.071301460266113,,,,,,,,,,,,,,,,,,,,,,,,
22,,,,,,,,,,,,389,,,,,,,,,,,,,,,,,,,,,26.927528381347656,,5.3254499435424805,,5.388058662414551,,6.761471748352051,,5.269543647766113,,4.183005332946777,,,,,,,,,,,,,,,,,,,,,,,,
22,,,,,,,,,,,,390,,,,,,,,,,,,,,,,,,,,,17.525562286376953,,3.5370993614196777,,3.5012028217315674,,4.856123924255371,,3.3095226287841797,,2.321613311767578,,,,,,,,,,,,,,,,,,,,,,,,
,,,,,,,,,,,,22,,,,,,,,,,,,,,,,,,,,,,,,,,,,,,,,,,,,,,,,,,,,,,,,,,,,,,,17.69927406311035
22,,,,,,,,,,,,390,,,,,,,,,,,,,,,,,,,,,,,,,,,,,,,,,,,,,0.4650000035762787,0.8600000143051147,2.816789150238037,3.166018486022949,4.527726173400879,3.0908384323120117,4.097901344299316,0.2549999952316284,0.1599999964237213,0.03999999910593033,0.2150000035762787,0.11500000208616257,0.5899999737739563,0.5099999904632568,0.125,0.48500001430511475,0.3050000071525574,17.69927406311035,
22,,,,,,16540.0,,,,,,390,,,,,,,,,,,,,,,,,,,,26.386676788330078,,5.173706531524658,,5.320534706115723,,6.759387016296387,,5.11513090133667,,4.017917633056641,,0.24767230451107025,0.22155380249023438,0.01417775172740221,0.2580410838127136,0.30749696493148804,,,,,,,,,,,,,,,,,,,
23,,,,,,,,,,,,391,,,,,,,,,,,,,,,,,,,,,26.26802635192871,,5.198339462280273,,5.281658172607422,,6.806262969970703,,5.077876091003418,,3.9038896560668945,,,,,,,,,,,,,,,,,,,,,,,,
23,,,,,,,,,,,,392,,,,,,,,,,,,,,,,,,,,,25.997135162353516,,5.08854341506958,,5.219143390655518,,6.720044136047363,,5.034665584564209,,3.9347376823425293,,,,,,,,,,,,,,,,,,,,,,,,
23,,,,,,,,,,,,393,,,,,,,,,,,,,,,,,,,,,26.04172134399414,,5.132228851318359,,5.2921552658081055,,6.756847858428955,,4.973552703857422,,3.8869385719299316,,,,,,,,,,,,,,,,,,,,,,,,
23,,,,,,,,,,,,394,,,,,,,,,,,,,,,,,,,,,26.199295043945312,,5.115414142608643,,5.238752365112305,,6.840363502502441,,5.044405937194824,,3.960359573364258,,,,,,,,,,,,,,,,,,,,,,,,
23,,,,,,,,,,,,395,,,,,,,,,,,,,,,,,,,,,26.24020004272461,,5.137304306030273,,5.281854152679443,,6.706456184387207,,5.10948371887207,,4.005102634429932,,,,,,,,,,,,,,,,,,,,,,,,
23,,,,,,,,,,,,396,,,,,,,,,,,,,,,,,,,,,26.05577850341797,,5.154353141784668,,5.304177284240723,,6.755433082580566,,5.027735710144043,,3.8140792846679688,,,,,,,,,,,,,,,,,,,,,,,,
23,,,,,,,,,,,,397,,,,,,,,,,,,,,,,,,,,,26.228609085083008,,5.178693771362305,,5.337691783905029,,6.784492492675781,,5.058239936828613,,3.8694915771484375,,,,,,,,,,,,,,,,,,,,,,,,
23,,,,,,,,,,,,398,,,,,,,,,,,,,,,,,,,,,25.97002410888672,,5.085835933685303,,5.264865875244141,,6.675534248352051,,5.061728477478027,,3.8820600509643555,,,,,,,,,,,,,,,,,,,,,,,,
23,,,,,,,,,,,,399,,,,,,,,,,,,,,,,,,,,,26.334732055664062,,5.217319011688232,,5.314049243927002,,6.688462257385254,,5.1370978355407715,,3.9778037071228027,,,,,,,,,,,,,,,,,,,,,,,,
23,,,,,,,,,,,,400,,,,,,,,,,,,,,,,,,,,,25.896709442138672,,5.078580379486084,,5.256372451782227,,6.667386054992676,,5.01200008392334,,3.882371187210083,,,,,,,,,,,,,,,,,,,,,,,,
23,,,,,,,,,,,,401,,,,,,,,,,,,,,,,,,,,,25.788419723510742,,5.045470237731934,,5.1864824295043945,,6.64448356628418,,4.9210004806518555,,3.9909839630126953,,,,,,,,,,,,,,,,,,,,,,,,
23,,,,,,,,,,,,402,,,,,,,,,,,,,,,,,,,,,25.92681884765625,,5.076745510101318,,5.259583473205566,,6.688235759735107,,4.991343021392822,,3.9109091758728027,,,,,,,,,,,,,,,,,,,,,,,,
23,,,,,,,,,,,,403,,,,,,,,,,,,,,,,,,,,,26.246431350708008,,5.131765842437744,,5.306905269622803,,6.781871795654297,,5.125829696655273,,3.900059223175049,,,,,,,,,,,,,,,,,,,,,,,,
23,,,,,,,,,,,,404,,,,,,,,,,,,,,,,,,,,,25.83218002319336,,5.0246076583862305,,5.2020111083984375,,6.770668983459473,,4.951953887939453,,3.8829398155212402,,,,,,,,,,,,,,,,,,,,,,,,
23,,,,,,,,,,,,405,,,,,,,,,,,,,,,,,,,,,26.293529510498047,,5.182013511657715,,5.3506903648376465,,6.653876304626465,,5.124432563781738,,3.982517719268799,,,,,,,,,,,,,,,,,,,,,,,,
23,,,,,,,,,,,,406,,,,,,,,,,,,,,,,,,,,,25.880062103271484,,5.01637077331543,,5.238590240478516,,6.7713422775268555,,4.911820888519287,,3.94193696975708,,,,,,,,,,,,,,,,,,,,,,,,
23,,,,,,,,,,,,407,,,,,,,,,,,,,,,,,,,,,17.628877639770508,,3.3691670894622803,,3.55364990234375,,4.950270652770996,,3.450986385345459,,2.3048038482666016,,,,,,,,,,,,,,,,,,,,,,,,
,,,,,,,,,,,,23,,,,,,,,,,,,,,,,,,,,,,,,,,,,,,,,,,,,,,,,,,,,,,,,,,,,,,,17.574607849121094
23,,,,,,,,,,,,407,,,,,,,,,,,,,,,,,,,,,,,,,,,,,,,,,,,,,0.47999998927116394,0.8550000190734863,2.795844078063965,3.066526412963867,4.502843379974365,3.0577545166015625,4.151638984680176,0.2849999964237213,0.1899999976158142,0.03500000014901161,0.2199999988079071,0.11999999731779099,0.5950000286102295,0.5550000071525574,0.13500000536441803,0.5049999952316284,0.32499998807907104,17.574607849121094,
23,,,,,,16540.0,,,,,,407,,,,,,,,,,,,,,,,,,,,25.995317459106445,,5.099993705749512,,5.254738807678223,,6.715179920196533,,5.020256519317627,,3.905148506164551,,0.2597641944885254,0.23518742620944977,0.01593107543885708,0.27929261326789856,0.3305622637271881,,,,,,,,,,,,,,,,,,,
24,,,,,,,,,,,,408,,,,,,,,,,,,,,,,,,,,,25.631723403930664,,5.056601524353027,,5.172191619873047,,6.753931522369385,,4.974421501159668,,3.6745786666870117,,,,,,,,,,,,,,,,,,,,,,,,
24,,,,,,,,,,,,409,,,,,,,,,,,,,,,,,,,,,25.470582962036133,,4.960995197296143,,5.170841693878174,,6.647922039031982,,4.896542549133301,,3.794281005859375,,,,,,,,,,,,,,,,,,,,,,,,
24,,,,,,,,,,,,410,,,,,,,,,,,,,,,,,,,,,25.75208854675293,,5.038517951965332,,5.25775671005249,,6.703901290893555,,4.971249580383301,,3.780663013458252,,,,,,,,,,,,,,,,,,,,,,,,
24,,,,,,,,,,,,411,,,,,,,,,,,,,,,,,,,,,25.484725952148438,,5.023733139038086,,5.202295780181885,,6.668059349060059,,4.924699783325195,,3.665938138961792,,,,,,,,,,,,,,,,,,,,,,,,
24,,,,,,,,,,,,412,,,,,,,,,,,,,,,,,,,,,25.522947311401367,,4.991313934326172,,5.17007303237915,,6.721127986907959,,4.916864395141602,,3.723567008972168,,,,,,,,,,,,,,,,,,,,,,,,
24,,,,,,,,,,,,413,,,,,,,,,,,,,,,,,,,,,25.81854820251465,,5.104371547698975,,5.311917304992676,,6.70054817199707,,4.9640278816223145,,3.7376837730407715,,,,,,,,,,,,,,,,,,,,,,,,
24,,,,,,,,,,,,414,,,,,,,,,,,,,,,,,,,,,25.617782592773438,,5.006791114807129,,5.253637790679932,,6.685546398162842,,4.895325660705566,,3.7764806747436523,,,,,,,,,,,,,,,,,,,,,,,,
24,,,,,,,,,,,,415,,,,,,,,,,,,,,,,,,,,,25.47855567932129,,4.960186958312988,,5.196737289428711,,6.665126800537109,,4.886975288391113,,3.769529104232788,,,,,,,,,,,,,,,,,,,,,,,,
24,,,,,,,,,,,,416,,,,,,,,,,,,,,,,,,,,,25.416336059570312,,4.916208267211914,,5.082536697387695,,6.71768856048584,,4.851168155670166,,3.8487331867218018,,,,,,,,,,,,,,,,,,,,,,,,
24,,,,,,,,,,,,417,,,,,,,,,,,,,,,,,,,,,25.865074157714844,,5.048269271850586,,5.183040618896484,,6.685959815979004,,5.007847309112549,,3.939957618713379,,,,,,,,,,,,,,,,,,,,,,,,
24,,,,,,,,,,,,418,,,,,,,,,,,,,,,,,,,,,25.589401245117188,,4.955212116241455,,5.2031474113464355,,6.725686073303223,,4.901986122131348,,3.8033697605133057,,,,,,,,,,,,,,,,,,,,,,,,
24,,,,,,,,,,,,419,,,,,,,,,,,,,,,,,,,,,25.416553497314453,,4.886007785797119,,5.162125110626221,,6.647894859313965,,4.885437965393066,,3.8350889682769775,,,,,,,,,,,,,,,,,,,,,,,,
24,,,,,,,,,,,,420,,,,,,,,,,,,,,,,,,,,,25.51105499267578,,4.951975345611572,,5.152886867523193,,6.6562395095825195,,4.884775638580322,,3.8651790618896484,,,,,,,,,,,,,,,,,,,,,,,,
24,,,,,,,,,,,,421,,,,,,,,,,,,,,,,,,,,,26.250072479248047,,5.160865783691406,,5.303746223449707,,6.785611152648926,,5.058277130126953,,3.941572427749634,,,,,,,,,,,,,,,,,,,,,,,,
24,,,,,,,,,,,,422,,,,,,,,,,,,,,,,,,,,,25.960418701171875,,5.12778377532959,,5.292878150939941,,6.608648777008057,,5.104019641876221,,3.8270883560180664,,,,,,,,,,,,,,,,,,,,,,,,
24,,,,,,,,,,,,423,,,,,,,,,,,,,,,,,,,,,25.841772079467773,,5.043733596801758,,5.185193061828613,,6.725814342498779,,4.9622578620910645,,3.9247729778289795,,,,,,,,,,,,,,,,,,,,,,,,
24,,,,,,,,,,,,424,,,,,,,,,,,,,,,,,,,,,16.84819793701172,,3.2413949966430664,,3.404994010925293,,4.702630043029785,,3.1540706157684326,,2.3451085090637207,,,,,,,,,,,,,,,,,,,,,,,,
,,,,,,,,,,,,24,,,,,,,,,,,,,,,,,,,,,,,,,,,,,,,,,,,,,,,,,,,,,,,,,,,,,,,17.53880500793457
24,,,,,,,,,,,,424,,,,,,,,,,,,,,,,,,,,,,,,,,,,,,,,,,,,,0.4699999988079071,0.8550000190734863,2.8352582454681396,3.094820499420166,4.418833255767822,3.1039035320281982,4.085988998413086,0.25,0.19499999284744263,0.05000000074505806,0.20499999821186066,0.12999999523162842,0.5649999976158142,0.550000011920929,0.15000000596046448,0.4950000047683716,0.3199999928474426,17.53880500793457,
24,,,,,,16540.0,,,,,,424,,,,,,,,,,,,,,,,,,,,25.58107566833496,,4.997812271118164,,5.189323902130127,,6.674952983856201,,4.925995826721191,,3.792994737625122,,0.2805018424987793,0.24800483882427216,0.01747279241681099,0.2968258857727051,0.3511184751987457,,,,,,,,,,,,,,,,,,,
25,,,,,,,,,,,,425,,,,,,,,,,,,,,,,,,,,,24.960643768310547,,4.868541240692139,,5.047023773193359,,6.628460884094238,,4.781857490539551,,3.634758472442627,,,,,,,,,,,,,,,,,,,,,,,,
25,,,,,,,,,,,,426,,,,,,,,,,,,,,,,,,,,,25.056884765625,,4.839520454406738,,5.0629987716674805,,6.719724655151367,,4.73744010925293,,3.6972012519836426,,,,,,,,,,,,,,,,,,,,,,,,
25,,,,,,,,,,,,427,,,,,,,,,,,,,,,,,,,,,25.066082000732422,,4.872824192047119,,5.042341232299805,,6.701464653015137,,4.757059574127197,,3.692392349243164,,,,,,,,,,,,,,,,,,,,,,,,
25,,,,,,,,,,,,428,,,,,,,,,,,,,,,,,,,,,24.73656463623047,,4.854215621948242,,5.002408027648926,,6.571128845214844,,4.72960901260376,,3.5792019367218018,,,,,,,,,,,,,,,,,,,,,,,,
25,,,,,,,,,,,,429,,,,,,,,,,,,,,,,,,,,,24.69452476501465,,4.830558776855469,,5.005127906799316,,6.534195423126221,,4.714421272277832,,3.610222101211548,,,,,,,,,,,,,,,,,,,,,,,,
25,,,,,,,,,,,,430,,,,,,,,,,,,,,,,,,,,,25.158145904541016,,4.88298225402832,,5.097289085388184,,6.726263999938965,,4.784427642822266,,3.6671838760375977,,,,,,,,,,,,,,,,,,,,,,,,
25,,,,,,,,,,,,431,,,,,,,,,,,,,,,,,,,,,25.25167465209961,,4.965130805969238,,5.173212051391602,,6.63919734954834,,4.834467887878418,,3.6396658420562744,,,,,,,,,,,,,,,,,,,,,,,,
25,,,,,,,,,,,,432,,,,,,,,,,,,,,,,,,,,,25.325214385986328,,4.946408748626709,,5.10394811630249,,6.662623405456543,,4.856127738952637,,3.756103992462158,,,,,,,,,,,,,,,,,,,,,,,,
25,,,,,,,,,,,,433,,,,,,,,,,,,,,,,,,,,,25.65369415283203,,5.131828784942627,,5.204057693481445,,6.63330078125,,4.955288887023926,,3.7292189598083496,,,,,,,,,,,,,,,,,,,,,,,,
25,,,,,,,,,,,,434,,,,,,,,,,,,,,,,,,,,,25.323917388916016,,4.898038864135742,,5.134367942810059,,6.695174217224121,,4.824369430541992,,3.771965980529785,,,,,,,,,,,,,,,,,,,,,,,,
25,,,,,,,,,,,,435,,,,,,,,,,,,,,,,,,,,,25.27187156677246,,4.9534196853637695,,5.166794776916504,,6.5996880531311035,,4.835634708404541,,3.7163357734680176,,,,,,,,,,,,,,,,,,,,,,,,
25,,,,,,,,,,,,436,,,,,,,,,,,,,,,,,,,,,25.69135856628418,,5.082932472229004,,5.269771575927734,,6.602609634399414,,5.002224445343018,,3.7338194847106934,,,,,,,,,,,,,,,,,,,,,,,,
25,,,,,,,,,,,,437,,,,,,,,,,,,,,,,,,,,,25.81627655029297,,5.114266395568848,,5.234229564666748,,6.6794114112854,,5.030023097991943,,3.7583460807800293,,,,,,,,,,,,,,,,,,,,,,,,
25,,,,,,,,,,,,438,,,,,,,,,,,,,,,,,,,,,25.488643646240234,,4.971952438354492,,5.1872758865356445,,6.603489875793457,,4.990702152252197,,3.7352256774902344,,,,,,,,,,,,,,,,,,,,,,,,
25,,,,,,,,,,,,439,,,,,,,,,,,,,,,,,,,,,25.477352142333984,,4.997342109680176,,5.236189842224121,,6.591423988342285,,4.879819869995117,,3.772578001022339,,,,,,,,,,,,,,,,,,,,,,,,
25,,,,,,,,,,,,440,,,,,,,,,,,,,,,,,,,,,25.71642303466797,,5.066972255706787,,5.179954528808594,,6.631740570068359,,5.006893157958984,,3.8308615684509277,,,,,,,,,,,,,,,,,,,,,,,,
25,,,,,,,,,,,,441,,,,,,,,,,,,,,,,,,,,,15.963379859924316,,3.0170094966888428,,3.1446597576141357,,4.762968063354492,,2.9702868461608887,,2.068455457687378,,,,,,,,,,,,,,,,,,,,,,,,
,,,,,,,,,,,,25,,,,,,,,,,,,,,,,,,,,,,,,,,,,,,,,,,,,,,,,,,,,,,,,,,,,,,,17.330432891845703
25,,,,,,,,,,,,441,,,,,,,,,,,,,,,,,,,,,,,,,,,,,,,,,,,,,0.47999998927116394,0.8500000238418579,2.7295448780059814,3.0719826221466064,4.359885215759277,3.0867061614990234,4.082314491271973,0.28999999165534973,0.18000000715255737,0.04500000178813934,0.2150000035762787,0.13500000536441803,0.6000000238418579,0.5049999952316284,0.15000000596046448,0.47999998927116394,0.3400000035762787,17.330432891845703,
25,,,,,,16540.0,,,,,,441,,,,,,,,,,,,,,,,,,,,25.20508575439453,,4.936532020568848,,5.11542272567749,,6.621051788330078,,4.839723110198975,,3.6923553943634033,,0.2936819791793823,0.2577086091041565,0.019135428592562675,0.3105199635028839,0.36623337864875793,,,,,,,,,,,,,,,,,,,
26,,,,,,,,,,,,442,,,,,,,,,,,,,,,,,,,,,24.82213020324707,,4.843440055847168,,5.060406684875488,,6.583688735961914,,4.755074501037598,,3.579521417617798,,,,,,,,,,,,,,,,,,,,,,,,
26,,,,,,,,,,,,443,,,,,,,,,,,,,,,,,,,,,24.594316482543945,,4.700006008148193,,4.96651554107666,,6.663644790649414,,4.699069023132324,,3.5650806427001953,,,,,,,,,,,,,,,,,,,,,,,,
26,,,,,,,,,,,,444,,,,,,,,,,,,,,,,,,,,,24.915307998657227,,4.875082015991211,,5.103402137756348,,6.590104579925537,,4.823781490325928,,3.5229387283325195,,,,,,,,,,,,,,,,,,,,,,,,
26,,,,,,,,,,,,445,,,,,,,,,,,,,,,,,,,,,24.816335678100586,,4.797678470611572,,5.045526504516602,,6.669215679168701,,4.684568881988525,,3.6193456649780273,,,,,,,,,,,,,,,,,,,,,,,,
26,,,,,,,,,,,,446,,,,,,,,,,,,,,,,,,,,,25.044374465942383,,4.937727451324463,,5.124579429626465,,6.580160617828369,,4.855315208435059,,3.54659366607666,,,,,,,,,,,,,,,,,,,,,,,,
26,,,,,,,,,,,,447,,,,,,,,,,,,,,,,,,,,,24.869569778442383,,4.819422721862793,,5.019961833953857,,6.532848358154297,,4.807818412780762,,3.689518928527832,,,,,,,,,,,,,,,,,,,,,,,,
26,,,,,,,,,,,,448,,,,,,,,,,,,,,,,,,,,,24.425121307373047,,4.740841865539551,,4.916194915771484,,6.542960166931152,,4.63171911239624,,3.5934031009674072,,,,,,,,,,,,,,,,,,,,,,,,
26,,,,,,,,,,,,449,,,,,,,,,,,,,,,,,,,,,24.96990966796875,,4.9835357666015625,,5.1397528648376465,,6.525694370269775,,4.794576644897461,,3.526350498199463,,,,,,,,,,,,,,,,,,,,,,,,
26,,,,,,,,,,,,450,,,,,,,,,,,,,,,,,,,,,25.022531509399414,,4.937564849853516,,5.094052791595459,,6.532964706420898,,4.816336154937744,,3.641613483428955,,,,,,,,,,,,,,,,,,,,,,,,
26,,,,,,,,,,,,451,,,,,,,,,,,,,,,,,,,,,24.91896629333496,,4.89254093170166,,5.019406318664551,,6.673543930053711,,4.732163429260254,,3.6013119220733643,,,,,,,,,,,,,,,,,,,,,,,,
26,,,,,,,,,,,,452,,,,,,,,,,,,,,,,,,,,,24.96001434326172,,4.809881210327148,,5.067666053771973,,6.678966999053955,,4.794713020324707,,3.6087865829467773,,,,,,,,,,,,,,,,,,,,,,,,
26,,,,,,,,,,,,453,,,,,,,,,,,,,,,,,,,,,25.007917404174805,,4.8731513023376465,,5.113133430480957,,6.673536777496338,,4.72554349899292,,3.622554302215576,,,,,,,,,,,,,,,,,,,,,,,,
26,,,,,,,,,,,,454,,,,,,,,,,,,,,,,,,,,,25.010417938232422,,4.959090709686279,,5.065413475036621,,6.5469970703125,,4.873812675476074,,3.5651021003723145,,,,,,,,,,,,,,,,,,,,,,,,
26,,,,,,,,,,,,455,,,,,,,,,,,,,,,,,,,,,25.10492515563965,,4.9608306884765625,,5.101103782653809,,6.552069187164307,,4.86025333404541,,3.6306686401367188,,,,,,,,,,,,,,,,,,,,,,,,
26,,,,,,,,,,,,456,,,,,,,,,,,,,,,,,,,,,25.086959838867188,,4.966921329498291,,5.142420291900635,,6.494390487670898,,4.803282737731934,,3.679945945739746,,,,,,,,,,,,,,,,,,,,,,,,
26,,,,,,,,,,,,457,,,,,,,,,,,,,,,,,,,,,25.062009811401367,,4.934879302978516,,5.120035648345947,,6.53960657119751,,4.809081554412842,,3.6584081649780273,,,,,,,,,,,,,,,,,,,,,,,,
26,,,,,,,,,,,,458,,,,,,,,,,,,,,,,,,,,,15.27983283996582,,2.854076385498047,,3.0661873817443848,,4.637537479400635,,2.6978907585144043,,2.0241408348083496,,,,,,,,,,,,,,,,,,,,,,,,
,,,,,,,,,,,,26,,,,,,,,,,,,,,,,,,,,,,,,,,,,,,,,,,,,,,,,,,,,,,,,,,,,,,,17.350378036499023
26,,,,,,,,,,,,458,,,,,,,,,,,,,,,,,,,,,,,,,,,,,,,,,,,,,0.5149999856948853,0.8199999928474426,2.751248836517334,3.1674437522888184,4.338348388671875,2.9631409645080566,4.130196571350098,0.29499998688697815,0.17000000178813934,0.05999999865889549,0.26499998569488525,0.10499999672174454,0.5849999785423279,0.5,0.1850000023841858,0.550000011920929,0.33000001311302185,17.350378036499023,
26,,,,,,16540.0,,,,,,458,,,,,,,,,,,,,,,,,,,,24.82355499267578,,4.8579559326171875,,5.049835681915283,,6.56789493560791,,4.759564399719238,,3.588303565979004,,0.3063482344150543,0.2709794342517853,0.021402660757303238,0.3267230987548828,0.3836457133293152,,,,,,,,,,,,,,,,,,,
27,,,,,,,,,,,,459,,,,,,,,,,,,,,,,,,,,,24.761085510253906,,4.900471210479736,,5.094738483428955,,6.5634918212890625,,4.805478096008301,,3.3969063758850098,,,,,,,,,,,,,,,,,,,,,,,,
27,,,,,,,,,,,,460,,,,,,,,,,,,,,,,,,,,,24.2235107421875,,4.704090118408203,,4.9262847900390625,,6.553862571716309,,4.636972904205322,,3.402298927307129,,,,,,,,,,,,,,,,,,,,,,,,
27,,,,,,,,,,,,461,,,,,,,,,,,,,,,,,,,,,24.363006591796875,,4.728452682495117,,4.968231678009033,,6.592446327209473,,4.6026387214660645,,3.471236228942871,,,,,,,,,,,,,,,,,,,,,,,,
27,,,,,,,,,,,,462,,,,,,,,,,,,,,,,,,,,,24.736576080322266,,4.825688362121582,,5.0366692543029785,,6.542160987854004,,4.796773910522461,,3.535282611846924,,,,,,,,,,,,,,,,,,,,,,,,
27,,,,,,,,,,,,463,,,,,,,,,,,,,,,,,,,,,24.50800323486328,,4.7511162757873535,,4.967602729797363,,6.642401695251465,,4.616062164306641,,3.530820369720459,,,,,,,,,,,,,,,,,,,,,,,,
27,,,,,,,,,,,,464,,,,,,,,,,,,,,,,,,,,,24.748249053955078,,4.882227897644043,,5.075653553009033,,6.546750068664551,,4.7747907638549805,,3.4688282012939453,,,,,,,,,,,,,,,,,,,,,,,,
27,,,,,,,,,,,,465,,,,,,,,,,,,,,,,,,,,,24.41405487060547,,4.736150741577148,,4.987397193908691,,6.523314476013184,,4.679927825927734,,3.48726224899292,,,,,,,,,,,,,,,,,,,,,,,,
27,,,,,,,,,,,,466,,,,,,,,,,,,,,,,,,,,,24.585773468017578,,4.734251976013184,,4.962503433227539,,6.655330657958984,,4.714602470397949,,3.5190858840942383,,,,,,,,,,,,,,,,,,,,,,,,
27,,,,,,,,,,,,467,,,,,,,,,,,,,,,,,,,,,24.670684814453125,,4.7886576652526855,,5.002630233764648,,6.642718315124512,,4.708250999450684,,3.5284264087677,,,,,,,,,,,,,,,,,,,,,,,,
27,,,,,,,,,,,,468,,,,,,,,,,,,,,,,,,,,,24.63934326171875,,4.847725868225098,,5.063536167144775,,6.5220513343811035,,4.718066692352295,,3.4879631996154785,,,,,,,,,,,,,,,,,,,,,,,,
27,,,,,,,,,,,,469,,,,,,,,,,,,,,,,,,,,,24.697216033935547,,4.843997001647949,,5.0603928565979,,6.4800591468811035,,4.766374588012695,,3.5463922023773193,,,,,,,,,,,,,,,,,,,,,,,,
27,,,,,,,,,,,,470,,,,,,,,,,,,,,,,,,,,,24.25691795349121,,4.721166610717773,,4.967288017272949,,6.515020370483398,,4.659910678863525,,3.393533229827881,,,,,,,,,,,,,,,,,,,,,,,,
27,,,,,,,,,,,,471,,,,,,,,,,,,,,,,,,,,,24.303070068359375,,4.715913772583008,,4.9897356033325195,,6.499846458435059,,4.545103073120117,,3.55247163772583,,,,,,,,,,,,,,,,,,,,,,,,
27,,,,,,,,,,,,472,,,,,,,,,,,,,,,,,,,,,24.355453491210938,,4.697383403778076,,4.875042915344238,,6.629654884338379,,4.606295108795166,,3.5470762252807617,,,,,,,,,,,,,,,,,,,,,,,,
27,,,,,,,,,,,,473,,,,,,,,,,,,,,,,,,,,,25.144498825073242,,4.9523420333862305,,5.180987358093262,,6.671354293823242,,4.844737529754639,,3.49507737159729,,,,,,,,,,,,,,,,,,,,,,,,
27,,,,,,,,,,,,474,,,,,,,,,,,,,,,,,,,,,24.636762619018555,,4.804666519165039,,5.064231872558594,,6.473245620727539,,4.718808650970459,,3.5758109092712402,,,,,,,,,,,,,,,,,,,,,,,,
27,,,,,,,,,,,,475,,,,,,,,,,,,,,,,,,,,,15.923646926879883,,3.1822762489318848,,3.356456756591797,,4.6083664894104,,2.9317445755004883,,1.8448022603988647,,,,,,,,,,,,,,,,,,,,,,,,
,,,,,,,,,,,,27,,,,,,,,,,,,,,,,,,,,,,,,,,,,,,,,,,,,,,,,,,,,,,,,,,,,,,,17.136489868164062
27,,,,,,,,,,,,475,,,,,,,,,,,,,,,,,,,,,,,,,,,,,,,,,,,,,0.47999998927116394,0.8650000095367432,2.740565776824951,3.1073968410491943,4.235313892364502,2.9721126556396484,4.0811004638671875,0.2800000011920929,0.16500000655651093,0.054999999701976776,0.22499999403953552,0.11999999731779099,0.6050000190734863,0.5649999976158142,0.2199999988079071,0.5299999713897705,0.32499998807907104,17.136489868164062,
27,,,,,,16540.0,,,,,,475,,,,,,,,,,,,,,,,,,,,24.48375701904297,,4.7744832038879395,,4.998300552368164,,6.547394752502441,,4.683000087738037,,3.4805796146392822,,0.31922611594200134,0.2814691364765167,0.02082829363644123,0.3390266001224518,0.40746673941612244,,,,,,,,,,,,,,,,,,,
28,,,,,,,,,,,,476,,,,,,,,,,,,,,,,,,,,,24.100215911865234,,4.717493057250977,,4.925227642059326,,6.413899898529053,,4.670557498931885,,3.3730363845825195,,,,,,,,,,,,,,,,,,,,,,,,
28,,,,,,,,,,,,477,,,,,,,,,,,,,,,,,,,,,24.100088119506836,,4.6573638916015625,,4.908637523651123,,6.658946990966797,,4.546543598175049,,3.328596591949463,,,,,,,,,,,,,,,,,,,,,,,,
28,,,,,,,,,,,,478,,,,,,,,,,,,,,,,,,,,,24.016620635986328,,4.777576923370361,,4.87969446182251,,6.477869987487793,,4.626002311706543,,3.2554771900177,,,,,,,,,,,,,,,,,,,,,,,,
28,,,,,,,,,,,,479,,,,,,,,,,,,,,,,,,,,,24.430084228515625,,4.817871570587158,,4.932943344116211,,6.638242721557617,,4.725488185882568,,3.315538167953491,,,,,,,,,,,,,,,,,,,,,,,,
28,,,,,,,,,,,,480,,,,,,,,,,,,,,,,,,,,,24.235107421875,,4.702809810638428,,4.986486434936523,,6.549770355224609,,4.609785079956055,,3.3862557411193848,,,,,,,,,,,,,,,,,,,,,,,,
28,,,,,,,,,,,,481,,,,,,,,,,,,,,,,,,,,,23.954919815063477,,4.663860321044922,,4.917296409606934,,6.471765518188477,,4.561715126037598,,3.3402814865112305,,,,,,,,,,,,,,,,,,,,,,,,
28,,,,,,,,,,,,482,,,,,,,,,,,,,,,,,,,,,24.239377975463867,,4.757471084594727,,4.961765289306641,,6.459886074066162,,4.661938667297363,,3.3983168601989746,,,,,,,,,,,,,,,,,,,,,,,,
28,,,,,,,,,,,,483,,,,,,,,,,,,,,,,,,,,,24.457204818725586,,4.85556697845459,,5.024722099304199,,6.450262069702148,,4.728124618530273,,3.3985280990600586,,,,,,,,,,,,,,,,,,,,,,,,
28,,,,,,,,,,,,484,,,,,,,,,,,,,,,,,,,,,24.190532684326172,,4.789706230163574,,4.944442272186279,,6.465547561645508,,4.620405673980713,,3.3704309463500977,,,,,,,,,,,,,,,,,,,,,,,,
28,,,,,,,,,,,,485,,,,,,,,,,,,,,,,,,,,,24.41922950744629,,4.778354644775391,,4.998942852020264,,6.600849628448486,,4.631867408752441,,3.409215211868286,,,,,,,,,,,,,,,,,,,,,,,,
28,,,,,,,,,,,,486,,,,,,,,,,,,,,,,,,,,,24.153913497924805,,4.71179723739624,,5.007063388824463,,6.422555923461914,,4.624431133270264,,3.3880667686462402,,,,,,,,,,,,,,,,,,,,,,,,
28,,,,,,,,,,,,487,,,,,,,,,,,,,,,,,,,,,24.25420570373535,,4.726426124572754,,4.923346519470215,,6.589023590087891,,4.600659370422363,,3.4147496223449707,,,,,,,,,,,,,,,,,,,,,,,,
28,,,,,,,,,,,,488,,,,,,,,,,,,,,,,,,,,,24.032691955566406,,4.658097743988037,,4.900238037109375,,6.419434070587158,,4.5753889083862305,,3.479534387588501,,,,,,,,,,,,,,,,,,,,,,,,
28,,,,,,,,,,,,489,,,,,,,,,,,,,,,,,,,,,24.576885223388672,,4.828732967376709,,5.068976879119873,,6.439399719238281,,4.7013163566589355,,3.538458824157715,,,,,,,,,,,,,,,,,,,,,,,,
28,,,,,,,,,,,,490,,,,,,,,,,,,,,,,,,,,,24.179706573486328,,4.727733612060547,,4.942386627197266,,6.388880729675293,,4.606848239898682,,3.5138583183288574,,,,,,,,,,,,,,,,,,,,,,,,
28,,,,,,,,,,,,491,,,,,,,,,,,,,,,,,,,,,24.531261444091797,,4.772566795349121,,4.9709038734436035,,6.596528053283691,,4.645773410797119,,3.545487642288208,,,,,,,,,,,,,,,,,,,,,,,,
28,,,,,,,,,,,,492,,,,,,,,,,,,,,,,,,,,,15.683662414550781,,3.1051383018493652,,3.1490888595581055,,4.46547794342041,,2.9181437492370605,,2.045813798904419,,,,,,,,,,,,,,,,,,,,,,,,
,,,,,,,,,,,,28,,,,,,,,,,,,,,,,,,,,,,,,,,,,,,,,,,,,,,,,,,,,,,,,,,,,,,,17.03940200805664
28,,,,,,,,,,,,492,,,,,,,,,,,,,,,,,,,,,,,,,,,,,,,,,,,,,0.49000000953674316,0.8399999737739563,2.6398584842681885,3.101093053817749,4.182955741882324,2.9720282554626465,4.143467426300049,0.2849999964237213,0.1899999976158142,0.05000000074505806,0.20999999344348907,0.10999999940395355,0.6200000047683716,0.5199999809265137,0.20999999344348907,0.5,0.33500000834465027,17.03940200805664,
28,,,,,,16540.0,,,,,,492,,,,,,,,,,,,,,,,,,,,24.161283493041992,,4.730983257293701,,4.938776969909668,,6.48346471786499,,4.617373466491699,,3.3906843662261963,,0.32953447103500366,0.2933192253112793,0.024365173652768135,0.3513603210449219,0.4250604808330536,,,,,,,,,,,,,,,,,,,
29,,,,,,,,,,,,493,,,,,,,,,,,,,,,,,,,,,24.190332412719727,,4.801445960998535,,5.034374713897705,,6.423885345458984,,4.703810691833496,,3.226815700531006,,,,,,,,,,,,,,,,,,,,,,,,
29,,,,,,,,,,,,494,,,,,,,,,,,,,,,,,,,,,24.086437225341797,,4.696950912475586,,4.944836616516113,,6.605938911437988,,4.543191432952881,,3.2955217361450195,,,,,,,,,,,,,,,,,,,,,,,,
29,,,,,,,,,,,,495,,,,,,,,,,,,,,,,,,,,,23.737285614013672,,4.6677703857421875,,4.878191947937012,,6.36175537109375,,4.512596130371094,,3.3169729709625244,,,,,,,,,,,,,,,,,,,,,,,,
29,,,,,,,,,,,,496,,,,,,,,,,,,,,,,,,,,,24.05075454711914,,4.7445549964904785,,4.94510555267334,,6.4200520515441895,,4.665331840515137,,3.2757105827331543,,,,,,,,,,,,,,,,,,,,,,,,
29,,,,,,,,,,,,497,,,,,,,,,,,,,,,,,,,,,24.049198150634766,,4.759402751922607,,4.988716125488281,,6.406929016113281,,4.62497615814209,,3.2691738605499268,,,,,,,,,,,,,,,,,,,,,,,,
29,,,,,,,,,,,,498,,,,,,,,,,,,,,,,,,,,,23.088855743408203,,4.457314491271973,,4.715296745300293,,6.401772499084473,,4.264387130737305,,3.25008487701416,,,,,,,,,,,,,,,,,,,,,,,,
29,,,,,,,,,,,,499,,,,,,,,,,,,,,,,,,,,,24.16545867919922,,4.707400321960449,,4.911594390869141,,6.621705055236816,,4.603544235229492,,3.3212151527404785,,,,,,,,,,,,,,,,,,,,,,,,
29,,,,,,,,,,,,500,,,,,,,,,,,,,,,,,,,,,23.80303382873535,,4.668524265289307,,4.854471206665039,,6.332444667816162,,4.563431739807129,,3.384161949157715,,,,,,,,,,,,,,,,,,,,,,,,
29,,,,,,,,,,,,501,,,,,,,,,,,,,,,,,,,,,23.934371948242188,,4.712279319763184,,4.918577194213867,,6.395362854003906,,4.589507102966309,,3.3186466693878174,,,,,,,,,,,,,,,,,,,,,,,,
29,,,,,,,,,,,,502,,,,,,,,,,,,,,,,,,,,,23.906747817993164,,4.65152645111084,,4.829013824462891,,6.587188720703125,,4.508709907531738,,3.3303093910217285,,,,,,,,,,,,,,,,,,,,,,,,
29,,,,,,,,,,,,503,,,,,,,,,,,,,,,,,,,,,23.828441619873047,,4.691275596618652,,4.926929473876953,,6.364093780517578,,4.533397674560547,,3.312746047973633,,,,,,,,,,,,,,,,,,,,,,,,
29,,,,,,,,,,,,504,,,,,,,,,,,,,,,,,,,,,23.444374084472656,,4.584749221801758,,4.780033111572266,,6.306335926055908,,4.455160140991211,,3.3180954456329346,,,,,,,,,,,,,,,,,,,,,,,,
29,,,,,,,,,,,,505,,,,,,,,,,,,,,,,,,,,,23.46652603149414,,4.600451469421387,,4.763445854187012,,6.320401668548584,,4.435617446899414,,3.346609354019165,,,,,,,,,,,,,,,,,,,,,,,,
29,,,,,,,,,,,,506,,,,,,,,,,,,,,,,,,,,,24.01734161376953,,4.61696720123291,,4.902585983276367,,6.600642204284668,,4.496366024017334,,3.40077805519104,,,,,,,,,,,,,,,,,,,,,,,,
29,,,,,,,,,,,,507,,,,,,,,,,,,,,,,,,,,,23.77850341796875,,4.678370475769043,,4.901480674743652,,6.367356300354004,,4.546414375305176,,3.284881591796875,,,,,,,,,,,,,,,,,,,,,,,,
29,,,,,,,,,,,,508,,,,,,,,,,,,,,,,,,,,,23.707618713378906,,4.643310546875,,4.901545524597168,,6.311217308044434,,4.519739627838135,,3.331803321838379,,,,,,,,,,,,,,,,,,,,,,,,
29,,,,,,,,,,,,509,,,,,,,,,,,,,,,,,,,,,15.393888473510742,,2.9661638736724854,,3.0699315071105957,,4.529605388641357,,2.953108310699463,,1.87507963180542,,,,,,,,,,,,,,,,,,,,,,,,
,,,,,,,,,,,,29,,,,,,,,,,,,,,,,,,,,,,,,,,,,,,,,,,,,,,,,,,,,,,,,,,,,,,,17.086097717285156
29,,,,,,,,,,,,509,,,,,,,,,,,,,,,,,,,,,,,,,,,,,,,,,,,,,0.49000000953674316,0.8450000286102295,2.725252628326416,3.1160993576049805,4.157443523406982,2.963585615158081,4.123716831207275,0.26499998569488525,0.17000000178813934,0.05000000074505806,0.23999999463558197,0.11500000208616257,0.5899999737739563,0.5249999761581421,0.2549999952316284,0.5049999952316284,0.33000001311302185,17.086097717285156,
29,,,,,,16540.0,,,,,,509,,,,,,,,,,,,,,,,,,,,23.748899459838867,,4.6515960693359375,,4.870121955871582,,6.408799648284912,,4.520462512969971,,3.2979230880737305,,0.3428960144519806,0.3013301193714142,0.027478838339447975,0.3692261278629303,0.4415356516838074,,,,,,,,,,,,,,,,,,,
30,,,,,,,,,,,,510,,,,,,,,,,,,,,,,,,,,,20.19220733642578,,4.5186767578125,,4.7206621170043945,,6.576394081115723,,4.3764753341674805,,,,,,,,,,,,,,,,,,,,,,,,,,
30,,,,,,,,,,,,511,,,,,,,,,,,,,,,,,,,,,19.918609619140625,,4.476258277893066,,4.707464218139648,,6.372731685638428,,4.362155437469482,,,,,,,,,,,,,,,,,,,,,,,,,,
30,,,,,,,,,,,,512,,,,,,,,,,,,,,,,,,,,,20.484018325805664,,4.69612979888916,,4.840679168701172,,6.37684440612793,,4.570364952087402,,,,,,,,,,,,,,,,,,,,,,,,,,
30,,,,,,,,,,,,513,,,,,,,,,,,,,,,,,,,,,20.40570831298828,,4.651362419128418,,4.848945140838623,,6.373313903808594,,4.53208589553833,,,,,,,,,,,,,,,,,,,,,,,,,,
30,,,,,,,,,,,,514,,,,,,,,,,,,,,,,,,,,,20.506999969482422,,4.69338321685791,,4.936561584472656,,6.32728385925293,,4.549770832061768,,,,,,,,,,,,,,,,,,,,,,,,,,
30,,,,,,,,,,,,515,,,,,,,,,,,,,,,,,,,,,20.103055953979492,,4.517880439758301,,4.81959342956543,,6.311479568481445,,4.454102993011475,,,,,,,,,,,,,,,,,,,,,,,,,,
30,,,,,,,,,,,,516,,,,,,,,,,,,,,,,,,,,,19.863758087158203,,4.4917497634887695,,4.701659202575684,,6.308642387390137,,4.361705780029297,,,,,,,,,,,,,,,,,,,,,,,,,,
30,,,,,,,,,,,,517,,,,,,,,,,,,,,,,,,,,,20.415279388427734,,4.570253372192383,,4.844358921051025,,6.530837059020996,,4.469830513000488,,,,,,,,,,,,,,,,,,,,,,,,,,
30,,,,,,,,,,,,518,,,,,,,,,,,,,,,,,,,,,20.345508575439453,,4.596498966217041,,4.852465629577637,,6.341241836547852,,4.555301666259766,,,,,,,,,,,,,,,,,,,,,,,,,,
30,,,,,,,,,,,,519,,,,,,,,,,,,,,,,,,,,,20.488784790039062,,4.668902397155762,,4.918121337890625,,6.305392265319824,,4.596369743347168,,,,,,,,,,,,,,,,,,,,,,,,,,
30,,,,,,,,,,,,520,,,,,,,,,,,,,,,,,,,,,20.395936965942383,,4.66960334777832,,4.885516166687012,,6.334634304046631,,4.506182670593262,,,,,,,,,,,,,,,,,,,,,,,,,,
30,,,,,,,,,,,,521,,,,,,,,,,,,,,,,,,,,,20.169422149658203,,4.593259811401367,,4.805954933166504,,6.344089031219482,,4.426119327545166,,,,,,,,,,,,,,,,,,,,,,,,,,
30,,,,,,,,,,,,522,,,,,,,,,,,,,,,,,,,,,20.38898468017578,,4.656588554382324,,4.883758544921875,,6.338151454925537,,4.5104851722717285,,,,,,,,,,,,,,,,,,,,,,,,,,
30,,,,,,,,,,,,523,,,,,,,,,,,,,,,,,,,,,20.52031707763672,,4.606032371520996,,4.8658342361450195,,6.589542865753174,,4.458907127380371,,,,,,,,,,,,,,,,,,,,,,,,,,
30,,,,,,,,,,,,524,,,,,,,,,,,,,,,,,,,,,20.17042350769043,,4.572551250457764,,4.83257532119751,,6.283231735229492,,4.4820661544799805,,,,,,,,,,,,,,,,,,,,,,,,,,
30,,,,,,,,,,,,525,,,,,,,,,,,,,,,,,,,,,20.239566802978516,,4.6070051193237305,,4.8572773933410645,,6.2706427574157715,,4.504640579223633,,,,,,,,,,,,,,,,,,,,,,,,,,
30,,,,,,,,,,,,526,,,,,,,,,,,,,,,,,,,,,12.791247367858887,,2.7909183502197266,,3.0090348720550537,,4.394924163818359,,2.596369743347168,,,,,,,,,,,,,,,,,,,,,,,,,,
,,,,,,,,,,,,30,,,,,,,,,,,,,,,,,,,,,,,,,,,,,,,,,,,,,,,,,,,,,,,,,,,,,,,16.94851303100586
30,,,,,,,,,,,,526,,,,,,,,,,,,,,,,,,,,,,,,,,,,,,,,,,,,,0.48500001430511475,0.8450000286102295,2.664196491241455,3.112691879272461,4.042787551879883,3.0090465545654297,4.119791507720947,0.2800000011920929,0.18000000715255737,0.05999999865889549,0.22499999403953552,0.11500000208616257,0.625,0.5249999761581421,0.2549999952316284,0.5,0.32499998807907104,16.94851303100586,
30,,,,,,16540.0,,,,,,526,,,,,,,,,,,,,,,,,,,,20.217327117919922,,4.582078456878662,,4.815389633178711,,6.355362415313721,,4.464498043060303,,,,0.35281136631965637,0.31251510977745056,0.02962515316903591,0.3751209080219269,0.46992141008377075,,,,,,,,,,,,,,,,,,,
31,,,,,,,,,,,,527,,,,,,,,,,,,,,,,,,,,,20.128379821777344,,4.589776992797852,,4.815091133117676,,6.252544403076172,,4.470966815948486,,,,,,,,,,,,,,,,,,,,,,,,,,
31,,,,,,,,,,,,528,,,,,,,,,,,,,,,,,,,,,20.091598510742188,,4.585219383239746,,4.78266716003418,,6.282341480255127,,4.441370487213135,,,,,,,,,,,,,,,,,,,,,,,,,,
31,,,,,,,,,,,,529,,,,,,,,,,,,,,,,,,,,,20.02157211303711,,4.5436601638793945,,4.739231109619141,,6.328148365020752,,4.410531997680664,,,,,,,,,,,,,,,,,,,,,,,,,,
31,,,,,,,,,,,,530,,,,,,,,,,,,,,,,,,,,,20.031129837036133,,4.520727157592773,,4.755564212799072,,6.308277130126953,,4.446561813354492,,,,,,,,,,,,,,,,,,,,,,,,,,
31,,,,,,,,,,,,531,,,,,,,,,,,,,,,,,,,,,20.08325958251953,,4.486533164978027,,4.739293575286865,,6.496100425720215,,4.361330986022949,,,,,,,,,,,,,,,,,,,,,,,,,,
31,,,,,,,,,,,,532,,,,,,,,,,,,,,,,,,,,,20.084611892700195,,4.483379364013672,,4.69185733795166,,6.542583465576172,,4.366791725158691,,,,,,,,,,,,,,,,,,,,,,,,,,
31,,,,,,,,,,,,533,,,,,,,,,,,,,,,,,,,,,20.503700256347656,,4.604740142822266,,4.848945617675781,,6.530253887176514,,4.519761085510254,,,,,,,,,,,,,,,,,,,,,,,,,,
31,,,,,,,,,,,,534,,,,,,,,,,,,,,,,,,,,,19.610715866088867,,4.435598373413086,,4.701930046081543,,6.184306621551514,,4.288881301879883,,,,,,,,,,,,,,,,,,,,,,,,,,
31,,,,,,,,,,,,535,,,,,,,,,,,,,,,,,,,,,19.956710815429688,,4.536266803741455,,4.774623870849609,,6.213125228881836,,4.432694911956787,,,,,,,,,,,,,,,,,,,,,,,,,,
31,,,,,,,,,,,,536,,,,,,,,,,,,,,,,,,,,,20.167888641357422,,4.589470863342285,,4.889434814453125,,6.252866744995117,,4.436116695404053,,,,,,,,,,,,,,,,,,,,,,,,,,
31,,,,,,,,,,,,537,,,,,,,,,,,,,,,,,,,,,19.825435638427734,,4.456456661224365,,4.717957019805908,,6.294493198394775,,4.3565287590026855,,,,,,,,,,,,,,,,,,,,,,,,,,
31,,,,,,,,,,,,538,,,,,,,,,,,,,,,,,,,,,20.489505767822266,,4.60516357421875,,4.864001750946045,,6.540680408477783,,4.479660987854004,,,,,,,,,,,,,,,,,,,,,,,,,,
31,,,,,,,,,,,,539,,,,,,,,,,,,,,,,,,,,,20.04442596435547,,4.467240333557129,,4.695046901702881,,6.512207984924316,,4.369929790496826,,,,,,,,,,,,,,,,,,,,,,,,,,
31,,,,,,,,,,,,540,,,,,,,,,,,,,,,,,,,,,19.84104347229004,,4.508918762207031,,4.71309757232666,,6.198474884033203,,4.4205522537231445,,,,,,,,,,,,,,,,,,,,,,,,,,
31,,,,,,,,,,,,541,,,,,,,,,,,,,,,,,,,,,20.445491790771484,,4.580625534057617,,4.834690093994141,,6.5785675048828125,,4.451608657836914,,,,,,,,,,,,,,,,,,,,,,,,,,
31,,,,,,,,,,,,542,,,,,,,,,,,,,,,,,,,,,20.2723388671875,,4.628023624420166,,4.867012023925781,,6.264871597290039,,4.512431621551514,,,,,,,,,,,,,,,,,,,,,,,,,,
31,,,,,,,,,,,,543,,,,,,,,,,,,,,,,,,,,,13.33735466003418,,2.9197325706481934,,3.1004631519317627,,4.515691757202148,,2.8014674186706543,,,,,,,,,,,,,,,,,,,,,,,,,,
,,,,,,,,,,,,31,,,,,,,,,,,,,,,,,,,,,,,,,,,,,,,,,,,,,,,,,,,,,,,,,,,,,,,16.80731201171875
31,,,,,,,,,,,,543,,,,,,,,,,,,,,,,,,,,,,,,,,,,,,,,,,,,,0.49000000953674316,0.8550000190734863,2.6768996715545654,3.0621817111968994,3.988888740539551,2.9609885215759277,4.118354320526123,0.28999999165534973,0.18000000715255737,0.07500000298023224,0.2199999988079071,0.11999999731779099,0.6200000047683716,0.5699999928474426,0.28999999165534973,0.5350000262260437,0.32499998807907104,16.80731201171875,
31,,,,,,16540.0,,,,,,543,,,,,,,,,,,,,,,,,,,,20.036081314086914,,4.523591041564941,,4.761091232299805,,6.343832969665527,,4.407565116882324,,,,0.3644196093082428,0.32119104266166687,0.03255743533372879,0.3854292631149292,0.4720677137374878,,,,,,,,,,,,,,,,,,,
32,,,,,,,,,,,,544,,,,,,,,,,,,,,,,,,,,,19.620418548583984,,4.450626373291016,,4.712580680847168,,6.153794288635254,,4.303417205810547,,,,,,,,,,,,,,,,,,,,,,,,,,
32,,,,,,,,,,,,545,,,,,,,,,,,,,,,,,,,,,19.91250991821289,,4.511080265045166,,4.780362129211426,,6.206815719604492,,4.414253234863281,,,,,,,,,,,,,,,,,,,,,,,,,,
32,,,,,,,,,,,,546,,,,,,,,,,,,,,,,,,,,,19.702560424804688,,4.513580322265625,,4.668163299560547,,6.2412519454956055,,4.279565811157227,,,,,,,,,,,,,,,,,,,,,,,,,,
32,,,,,,,,,,,,547,,,,,,,,,,,,,,,,,,,,,19.652359008789062,,4.467267036437988,,4.655196189880371,,6.199496269226074,,4.330399036407471,,,,,,,,,,,,,,,,,,,,,,,,,,
32,,,,,,,,,,,,548,,,,,,,,,,,,,,,,,,,,,19.704387664794922,,4.467001914978027,,4.6948018074035645,,6.179383754730225,,4.363199710845947,,,,,,,,,,,,,,,,,,,,,,,,,,
32,,,,,,,,,,,,549,,,,,,,,,,,,,,,,,,,,,19.536590576171875,,4.441384315490723,,4.703646183013916,,6.140722274780273,,4.250838279724121,,,,,,,,,,,,,,,,,,,,,,,,,,
32,,,,,,,,,,,,550,,,,,,,,,,,,,,,,,,,,,19.747417449951172,,4.497353553771973,,4.651993751525879,,6.20012092590332,,4.397950649261475,,,,,,,,,,,,,,,,,,,,,,,,,,
32,,,,,,,,,,,,551,,,,,,,,,,,,,,,,,,,,,19.86614990234375,,4.407794952392578,,4.678053855895996,,6.469649791717529,,4.310650825500488,,,,,,,,,,,,,,,,,,,,,,,,,,
32,,,,,,,,,,,,552,,,,,,,,,,,,,,,,,,,,,19.92141342163086,,4.46868371963501,,4.728126049041748,,6.44453239440918,,4.280071258544922,,,,,,,,,,,,,,,,,,,,,,,,,,
32,,,,,,,,,,,,553,,,,,,,,,,,,,,,,,,,,,19.796724319458008,,4.455706596374512,,4.778635501861572,,6.211149215698242,,4.351233959197998,,,,,,,,,,,,,,,,,,,,,,,,,,
32,,,,,,,,,,,,554,,,,,,,,,,,,,,,,,,,,,20.014266967773438,,4.530787944793701,,4.813618183135986,,6.236316680908203,,4.433544158935547,,,,,,,,,,,,,,,,,,,,,,,,,,
32,,,,,,,,,,,,555,,,,,,,,,,,,,,,,,,,,,20.22795295715332,,4.503814220428467,,4.8051228523254395,,6.519224166870117,,4.399792671203613,,,,,,,,,,,,,,,,,,,,,,,,,,
32,,,,,,,,,,,,556,,,,,,,,,,,,,,,,,,,,,19.85521697998047,,4.505343437194824,,4.775259017944336,,6.124347686767578,,4.450265884399414,,,,,,,,,,,,,,,,,,,,,,,,,,
32,,,,,,,,,,,,557,,,,,,,,,,,,,,,,,,,,,19.27143669128418,,4.345770835876465,,4.636683940887451,,6.114375591278076,,4.174605369567871,,,,,,,,,,,,,,,,,,,,,,,,,,
32,,,,,,,,,,,,558,,,,,,,,,,,,,,,,,,,,,20.472318649291992,,4.628289222717285,,4.812565803527832,,6.501441955566406,,4.530021667480469,,,,,,,,,,,,,,,,,,,,,,,,,,
32,,,,,,,,,,,,559,,,,,,,,,,,,,,,,,,,,,20.21576690673828,,4.542413234710693,,4.777772426605225,,6.469058990478516,,4.4265217781066895,,,,,,,,,,,,,,,,,,,,,,,,,,
32,,,,,,,,,,,,560,,,,,,,,,,,,,,,,,,,,,13.671646118164062,,3.1286725997924805,,3.259644031524658,,4.215976715087891,,3.067352056503296,,,,,,,,,,,,,,,,,,,,,,,,,,
,,,,,,,,,,,,32,,,,,,,,,,,,,,,,,,,,,,,,,,,,,,,,,,,,,,,,,,,,,,,,,,,,,,,16.777820587158203
32,,,,,,,,,,,,560,,,,,,,,,,,,,,,,,,,,,,,,,,,,,,,,,,,,,0.5099999904632568,0.8550000190734863,2.6577348709106445,3.0579943656921387,3.9702816009521484,2.9725537300109863,4.119256496429443,0.28999999165534973,0.19499999284744263,0.10000000149011612,0.23499999940395355,0.11999999731779099,0.6299999952316284,0.5799999833106995,0.29499998688697815,0.5249999761581421,0.33000001311302185,16.777820587158203,
32,,,,,,16540.0,,,,,,560,,,,,,,,,,,,,,,,,,,,19.786619186401367,,4.47077751159668,,4.715672969818115,,6.256303310394287,,4.34386682510376,,,,0.3723095655441284,0.32759973406791687,0.03999395668506622,0.39658403396606445,0.46783554553985596,,,,,,,,,,,,,,,,,,,
33,,,,,,,,,,,,561,,,,,,,,,,,,,,,,,,,,,19.566482543945312,,4.440924644470215,,4.677353858947754,,6.176935195922852,,4.271267890930176,,,,,,,,,,,,,,,,,,,,,,,,,,
33,,,,,,,,,,,,562,,,,,,,,,,,,,,,,,,,,,19.443490982055664,,4.431821823120117,,4.639646053314209,,6.0773396492004395,,4.294683456420898,,,,,,,,,,,,,,,,,,,,,,,,,,
33,,,,,,,,,,,,563,,,,,,,,,,,,,,,,,,,,,19.080360412597656,,4.290445327758789,,4.558004379272461,,6.0905866622924805,,4.1413254737854,,,,,,,,,,,,,,,,,,,,,,,,,,
33,,,,,,,,,,,,564,,,,,,,,,,,,,,,,,,,,,19.872058868408203,,4.456371307373047,,4.63283634185791,,6.4654316902160645,,4.317419052124023,,,,,,,,,,,,,,,,,,,,,,,,,,
33,,,,,,,,,,,,565,,,,,,,,,,,,,,,,,,,,,19.37588119506836,,4.409334182739258,,4.611701011657715,,6.054904937744141,,4.299941062927246,,,,,,,,,,,,,,,,,,,,,,,,,,
33,,,,,,,,,,,,566,,,,,,,,,,,,,,,,,,,,,19.865249633789062,,4.3931379318237305,,4.743363380432129,,6.449248313903809,,4.2795000076293945,,,,,,,,,,,,,,,,,,,,,,,,,,
33,,,,,,,,,,,,567,,,,,,,,,,,,,,,,,,,,,19.729965209960938,,4.5261688232421875,,4.671911239624023,,6.1513166427612305,,4.38056755065918,,,,,,,,,,,,,,,,,,,,,,,,,,
33,,,,,,,,,,,,568,,,,,,,,,,,,,,,,,,,,,19.461822509765625,,4.3982954025268555,,4.609969615936279,,6.187613487243652,,4.265944480895996,,,,,,,,,,,,,,,,,,,,,,,,,,
33,,,,,,,,,,,,569,,,,,,,,,,,,,,,,,,,,,19.80315399169922,,4.514429092407227,,4.785349369049072,,6.086584568023682,,4.416791915893555,,,,,,,,,,,,,,,,,,,,,,,,,,
33,,,,,,,,,,,,570,,,,,,,,,,,,,,,,,,,,,19.643451690673828,,4.366188049316406,,4.60158109664917,,6.41706657409668,,4.258615016937256,,,,,,,,,,,,,,,,,,,,,,,,,,
33,,,,,,,,,,,,571,,,,,,,,,,,,,,,,,,,,,19.250703811645508,,4.303341388702393,,4.603769302368164,,6.160318851470947,,4.183273792266846,,,,,,,,,,,,,,,,,,,,,,,,,,
33,,,,,,,,,,,,572,,,,,,,,,,,,,,,,,,,,,19.784439086914062,,4.382901191711426,,4.6394500732421875,,6.441287994384766,,4.320798873901367,,,,,,,,,,,,,,,,,,,,,,,,,,
33,,,,,,,,,,,,573,,,,,,,,,,,,,,,,,,,,,19.18059539794922,,4.310846328735352,,4.568709373474121,,6.105195999145508,,4.195844650268555,,,,,,,,,,,,,,,,,,,,,,,,,,
33,,,,,,,,,,,,574,,,,,,,,,,,,,,,,,,,,,19.587905883789062,,4.521763801574707,,4.6590681076049805,,6.1027984619140625,,4.304274559020996,,,,,,,,,,,,,,,,,,,,,,,,,,
33,,,,,,,,,,,,575,,,,,,,,,,,,,,,,,,,,,20.533206939697266,,4.6747050285339355,,4.8660712242126465,,6.456667423248291,,4.535763740539551,,,,,,,,,,,,,,,,,,,,,,,,,,
33,,,,,,,,,,,,576,,,,,,,,,,,,,,,,,,,,,19.503299713134766,,4.476922035217285,,4.699189186096191,,6.052882194519043,,4.27430534362793,,,,,,,,,,,,,,,,,,,,,,,,,,
33,,,,,,,,,,,,577,,,,,,,,,,,,,,,,,,,,,13.98896312713623,,3.226090431213379,,3.229691982269287,,4.484423637390137,,3.0487570762634277,,,,,,,,,,,,,,,,,,,,,,,,,,
,,,,,,,,,,,,33,,,,,,,,,,,,,,,,,,,,,,,,,,,,,,,,,,,,,,,,,,,,,,,,,,,,,,,16.59695816040039
33,,,,,,,,,,,,577,,,,,,,,,,,,,,,,,,,,,,,,,,,,,,,,,,,,,0.5,0.8600000143051147,2.6309638023376465,3.096670627593994,3.8540570735931396,2.8956265449523926,4.119640350341797,0.29499998688697815,0.1850000023841858,0.0949999988079071,0.20999999344348907,0.11999999731779099,0.6200000047683716,0.5400000214576721,0.3100000023841858,0.550000011920929,0.32499998807907104,16.59695816040039,
33,,,,,,16540.0,,,,,,577,,,,,,,,,,,,,,,,,,,,19.552160263061523,,4.419734477996826,,4.647003173828125,,6.2009172439575195,,4.284504413604736,,,,0.3798065185546875,0.3408101499080658,0.04117291420698166,0.4059855043888092,0.4658101499080658,,,,,,,,,,,,,,,,,,,
34,,,,,,,,,,,,578,,,,,,,,,,,,,,,,,,,,,19.275188446044922,,4.330780982971191,,4.594259262084961,,6.1571245193481445,,4.193024635314941,,,,,,,,,,,,,,,,,,,,,,,,,,
34,,,,,,,,,,,,579,,,,,,,,,,,,,,,,,,,,,19.458782196044922,,4.464870929718018,,4.652865409851074,,6.0224504470825195,,4.318596363067627,,,,,,,,,,,,,,,,,,,,,,,,,,
34,,,,,,,,,,,,580,,,,,,,,,,,,,,,,,,,,,19.358253479003906,,4.287862777709961,,4.540805339813232,,6.3794169425964355,,4.150168418884277,,,,,,,,,,,,,,,,,,,,,,,,,,
34,,,,,,,,,,,,581,,,,,,,,,,,,,,,,,,,,,19.161317825317383,,4.335157871246338,,4.597188949584961,,6.034399032592773,,4.194572448730469,,,,,,,,,,,,,,,,,,,,,,,,,,
34,,,,,,,,,,,,582,,,,,,,,,,,,,,,,,,,,,19.441965103149414,,4.431656837463379,,4.60600471496582,,6.118188858032227,,4.28611421585083,,,,,,,,,,,,,,,,,,,,,,,,,,
34,,,,,,,,,,,,583,,,,,,,,,,,,,,,,,,,,,19.679121017456055,,4.517076015472412,,4.7476806640625,,6.059319019317627,,4.355044841766357,,,,,,,,,,,,,,,,,,,,,,,,,,
34,,,,,,,,,,,,584,,,,,,,,,,,,,,,,,,,,,19.494007110595703,,4.370409965515137,,4.702126979827881,,6.130975246429443,,4.290494441986084,,,,,,,,,,,,,,,,,,,,,,,,,,
34,,,,,,,,,,,,585,,,,,,,,,,,,,,,,,,,,,19.244638442993164,,4.393212795257568,,4.559227466583252,,6.091888427734375,,4.200310707092285,,,,,,,,,,,,,,,,,,,,,,,,,,
34,,,,,,,,,,,,586,,,,,,,,,,,,,,,,,,,,,19.16080665588379,,4.318152904510498,,4.5518269538879395,,6.053676605224609,,4.237149715423584,,,,,,,,,,,,,,,,,,,,,,,,,,
34,,,,,,,,,,,,587,,,,,,,,,,,,,,,,,,,,,19.41661262512207,,4.394621849060059,,4.665416240692139,,6.110742568969727,,4.2458319664001465,,,,,,,,,,,,,,,,,,,,,,,,,,
34,,,,,,,,,,,,588,,,,,,,,,,,,,,,,,,,,,19.68621253967285,,4.368801593780518,,4.6649932861328125,,6.403583526611328,,4.248833656311035,,,,,,,,,,,,,,,,,,,,,,,,,,
34,,,,,,,,,,,,589,,,,,,,,,,,,,,,,,,,,,19.324350357055664,,4.388052940368652,,4.626850128173828,,6.048683166503906,,4.2607645988464355,,,,,,,,,,,,,,,,,,,,,,,,,,
34,,,,,,,,,,,,590,,,,,,,,,,,,,,,,,,,,,19.177392959594727,,4.3659987449646,,4.6123046875,,5.942389011383057,,4.2567009925842285,,,,,,,,,,,,,,,,,,,,,,,,,,
34,,,,,,,,,,,,591,,,,,,,,,,,,,,,,,,,,,19.4088191986084,,4.465235710144043,,4.698145389556885,,5.972080230712891,,4.273358345031738,,,,,,,,,,,,,,,,,,,,,,,,,,
34,,,,,,,,,,,,592,,,,,,,,,,,,,,,,,,,,,19.674785614013672,,4.408267974853516,,4.631086349487305,,6.376630783081055,,4.258801460266113,,,,,,,,,,,,,,,,,,,,,,,,,,
34,,,,,,,,,,,,593,,,,,,,,,,,,,,,,,,,,,19.274383544921875,,4.261396408081055,,4.542079448699951,,6.360528469085693,,4.110378265380859,,,,,,,,,,,,,,,,,,,,,,,,,,
34,,,,,,,,,,,,594,,,,,,,,,,,,,,,,,,,,,12.334392547607422,,2.604412078857422,,2.7768731117248535,,4.327911376953125,,2.625196695327759,,,,,,,,,,,,,,,,,,,,,,,,,,
,,,,,,,,,,,,34,,,,,,,,,,,,,,,,,,,,,,,,,,,,,,,,,,,,,,,,,,,,,,,,,,,,,,,16.59111213684082
34,,,,,,,,,,,,594,,,,,,,,,,,,,,,,,,,,,,,,,,,,,,,,,,,,,0.5199999809265137,0.8500000238418579,2.57318115234375,3.076418399810791,3.890354871749878,2.9318697452545166,4.119289398193359,0.3100000023841858,0.17000000178813934,0.10000000149011612,0.25999999046325684,0.11999999731779099,0.6200000047683716,0.5249999761581421,0.3100000023841858,0.550000011920929,0.32499998807907104,16.59111213684082,
34,,,,,,16540.0,,,,,,594,,,,,,,,,,,,,,,,,,,,19.323246002197266,,4.364588260650635,,4.6071271896362305,,6.1242756843566895,,4.227254867553711,,,,0.3903869390487671,0.3466142416000366,0.04474002495408058,0.4149032533168793,0.4707980453968048,,,,,,,,,,,,,,,,,,,
35,,,,,,,,,,,,595,,,,,,,,,,,,,,,,,,,,,18.420927047729492,,4.165553092956543,,4.332561492919922,,5.932430267333984,,3.9903817176818848,,,,,,,,,,,,,,,,,,,,,,,,,,
35,,,,,,,,,,,,596,,,,,,,,,,,,,,,,,,,,,19.412572860717773,,4.294329643249512,,4.539319038391113,,6.364161491394043,,4.2147626876831055,,,,,,,,,,,,,,,,,,,,,,,,,,
35,,,,,,,,,,,,597,,,,,,,,,,,,,,,,,,,,,19.839649200439453,,4.422332763671875,,4.668802738189697,,6.4308576583862305,,4.317657470703125,,,,,,,,,,,,,,,,,,,,,,,,,,
35,,,,,,,,,,,,598,,,,,,,,,,,,,,,,,,,,,19.488563537597656,,4.329197883605957,,4.556048393249512,,6.378937721252441,,4.22437858581543,,,,,,,,,,,,,,,,,,,,,,,,,,
35,,,,,,,,,,,,599,,,,,,,,,,,,,,,,,,,,,18.8785400390625,,4.237417697906494,,4.500006675720215,,6.046274662017822,,4.094841003417969,,,,,,,,,,,,,,,,,,,,,,,,,,
35,,,,,,,,,,,,600,,,,,,,,,,,,,,,,,,,,,19.318056106567383,,4.387785911560059,,4.6037211418151855,,6.064239025115967,,4.2623090744018555,,,,,,,,,,,,,,,,,,,,,,,,,,
35,,,,,,,,,,,,601,,,,,,,,,,,,,,,,,,,,,19.392181396484375,,4.423407554626465,,4.631838798522949,,6.020793914794922,,4.316140651702881,,,,,,,,,,,,,,,,,,,,,,,,,,
35,,,,,,,,,,,,602,,,,,,,,,,,,,,,,,,,,,19.301448822021484,,4.383432388305664,,4.675894260406494,,5.982810974121094,,4.259311676025391,,,,,,,,,,,,,,,,,,,,,,,,,,
35,,,,,,,,,,,,603,,,,,,,,,,,,,,,,,,,,,19.16770362854004,,4.235279083251953,,4.497391700744629,,6.325656414031982,,4.109376430511475,,,,,,,,,,,,,,,,,,,,,,,,,,
35,,,,,,,,,,,,604,,,,,,,,,,,,,,,,,,,,,18.830516815185547,,4.248115539550781,,4.569700241088867,,5.868066787719727,,4.1446332931518555,,,,,,,,,,,,,,,,,,,,,,,,,,
35,,,,,,,,,,,,605,,,,,,,,,,,,,,,,,,,,,19.03360366821289,,4.313179969787598,,4.566739082336426,,5.954899787902832,,4.198784828186035,,,,,,,,,,,,,,,,,,,,,,,,,,
35,,,,,,,,,,,,606,,,,,,,,,,,,,,,,,,,,,19.416606903076172,,4.448983192443848,,4.659627914428711,,5.941003799438477,,4.36699104309082,,,,,,,,,,,,,,,,,,,,,,,,,,
35,,,,,,,,,,,,607,,,,,,,,,,,,,,,,,,,,,19.289724349975586,,4.407461166381836,,4.581116676330566,,6.02444314956665,,4.276702880859375,,,,,,,,,,,,,,,,,,,,,,,,,,
35,,,,,,,,,,,,608,,,,,,,,,,,,,,,,,,,,,18.953359603881836,,4.2862324714660645,,4.558468818664551,,5.928936958312988,,4.179720878601074,,,,,,,,,,,,,,,,,,,,,,,,,,
35,,,,,,,,,,,,609,,,,,,,,,,,,,,,,,,,,,19.01559066772461,,4.331667900085449,,4.605987071990967,,5.894661903381348,,4.1832733154296875,,,,,,,,,,,,,,,,,,,,,,,,,,
35,,,,,,,,,,,,610,,,,,,,,,,,,,,,,,,,,,18.752466201782227,,4.23679256439209,,4.501415252685547,,5.912788391113281,,4.101469993591309,,,,,,,,,,,,,,,,,,,,,,,,,,
35,,,,,,,,,,,,611,,,,,,,,,,,,,,,,,,,,,12.891855239868164,,2.8925702571868896,,3.035468816757202,,4.11702823638916,,2.846787929534912,,,,,,,,,,,,,,,,,,,,,,,,,,
,,,,,,,,,,,,35,,,,,,,,,,,,,,,,,,,,,,,,,,,,,,,,,,,,,,,,,,,,,,,,,,,,,,,16.404766082763672
35,,,,,,,,,,,,611,,,,,,,,,,,,,,,,,,,,,,,,,,,,,,,,,,,,,0.5049999952316284,0.8700000047683716,2.58231258392334,3.0491278171539307,3.7838916778564453,2.870384454727173,4.119049549102783,0.2849999964237213,0.20999999344348907,0.10499999672174454,0.25,0.11500000208616257,0.6700000166893005,0.5600000023841858,0.3400000035762787,0.5299999713897705,0.32499998807907104,16.404766082763672,
35,,,,,,16540.0,,,,,,611,,,,,,,,,,,,,,,,,,,,19.09787940979004,,4.30846643447876,,4.551107883453369,,6.048544883728027,,4.189759254455566,,,,0.3981257379055023,0.35788995027542114,0.05181378498673439,0.42001211643218994,0.46641477942466736,,,,,,,,,,,,,,,,,,,
36,,,,,,,,,,,,612,,,,,,,,,,,,,,,,,,,,,18.764089584350586,,4.243778228759766,,4.5288238525390625,,5.868167877197266,,4.123319149017334,,,,,,,,,,,,,,,,,,,,,,,,,,
36,,,,,,,,,,,,613,,,,,,,,,,,,,,,,,,,,,19.07283592224121,,4.2119317054748535,,4.473362922668457,,6.322384834289551,,4.065156936645508,,,,,,,,,,,,,,,,,,,,,,,,,,
36,,,,,,,,,,,,614,,,,,,,,,,,,,,,,,,,,,18.99517822265625,,4.320138931274414,,4.563541412353516,,5.86445426940918,,4.247043609619141,,,,,,,,,,,,,,,,,,,,,,,,,,
36,,,,,,,,,,,,615,,,,,,,,,,,,,,,,,,,,,18.876394271850586,,4.301553726196289,,4.505799293518066,,5.880033016204834,,4.189008712768555,,,,,,,,,,,,,,,,,,,,,,,,,,
36,,,,,,,,,,,,616,,,,,,,,,,,,,,,,,,,,,19.191556930541992,,4.272871017456055,,4.477472305297852,,6.377155303955078,,4.064058303833008,,,,,,,,,,,,,,,,,,,,,,,,,,
36,,,,,,,,,,,,617,,,,,,,,,,,,,,,,,,,,,18.953128814697266,,4.315446376800537,,4.586240291595459,,5.855964660644531,,4.1954779624938965,,,,,,,,,,,,,,,,,,,,,,,,,,
36,,,,,,,,,,,,618,,,,,,,,,,,,,,,,,,,,,18.935983657836914,,4.322551727294922,,4.491288185119629,,5.940769195556641,,4.181374549865723,,,,,,,,,,,,,,,,,,,,,,,,,,
36,,,,,,,,,,,,619,,,,,,,,,,,,,,,,,,,,,18.87487030029297,,4.272676467895508,,4.493875503540039,,5.970728397369385,,4.137589454650879,,,,,,,,,,,,,,,,,,,,,,,,,,
36,,,,,,,,,,,,620,,,,,,,,,,,,,,,,,,,,,18.590625762939453,,4.209011077880859,,4.4883270263671875,,5.817598342895508,,4.075690269470215,,,,,,,,,,,,,,,,,,,,,,,,,,
36,,,,,,,,,,,,621,,,,,,,,,,,,,,,,,,,,,19.06255531311035,,4.364847183227539,,4.580368518829346,,5.906431674957275,,4.210908889770508,,,,,,,,,,,,,,,,,,,,,,,,,,
36,,,,,,,,,,,,622,,,,,,,,,,,,,,,,,,,,,19.53964614868164,,4.328314781188965,,4.5970892906188965,,6.375090599060059,,4.239150047302246,,,,,,,,,,,,,,,,,,,,,,,,,,
36,,,,,,,,,,,,623,,,,,,,,,,,,,,,,,,,,,18.159053802490234,,4.094438552856445,,4.3603291511535645,,5.785086631774902,,3.919200897216797,,,,,,,,,,,,,,,,,,,,,,,,,,
36,,,,,,,,,,,,624,,,,,,,,,,,,,,,,,,,,,19.15468978881836,,4.223052024841309,,4.526983737945557,,6.290570259094238,,4.114083290100098,,,,,,,,,,,,,,,,,,,,,,,,,,
36,,,,,,,,,,,,625,,,,,,,,,,,,,,,,,,,,,19.158931732177734,,4.3917131423950195,,4.596218109130859,,5.929726600646973,,4.241272926330566,,,,,,,,,,,,,,,,,,,,,,,,,,
36,,,,,,,,,,,,626,,,,,,,,,,,,,,,,,,,,,18.719482421875,,4.277309894561768,,4.51074743270874,,5.789252281188965,,4.142172813415527,,,,,,,,,,,,,,,,,,,,,,,,,,
36,,,,,,,,,,,,627,,,,,,,,,,,,,,,,,,,,,18.958986282348633,,4.176469802856445,,4.479420185089111,,6.260382175445557,,4.0427141189575195,,,,,,,,,,,,,,,,,,,,,,,,,,
36,,,,,,,,,,,,628,,,,,,,,,,,,,,,,,,,,,12.99528980255127,,2.9556031227111816,,3.181734323501587,,4.022050857543945,,2.8359012603759766,,,,,,,,,,,,,,,,,,,,,,,,,,
,,,,,,,,,,,,36,,,,,,,,,,,,,,,,,,,,,,,,,,,,,,,,,,,,,,,,,,,,,,,,,,,,,,,16.257553100585938
36,,,,,,,,,,,,628,,,,,,,,,,,,,,,,,,,,,,,,,,,,,,,,,,,,,0.5249999761581421,0.8600000143051147,2.5837674140930176,3.0596632957458496,3.6518850326538086,2.843717336654663,4.118519306182861,0.3199999928474426,0.20000000298023224,0.10999999940395355,0.24500000476837158,0.11999999731779099,0.6150000095367432,0.5899999737739563,0.35499998927116394,0.5550000071525574,0.33000001311302185,16.257553100585938,
36,,,,,,16540.0,,,,,,628,,,,,,,,,,,,,,,,,,,,18.881948471069336,,4.257980823516846,,4.50365686416626,,5.995819091796875,,4.124494552612305,,,,0.40495768189430237,0.36514508724212646,0.058252718299627304,0.42929261922836304,0.4722490608692169,,,,,,,,,,,,,,,,,,,
37,,,,,,,,,,,,629,,,,,,,,,,,,,,,,,,,,,18.41611099243164,,4.147434711456299,,4.359270095825195,,5.910656452178955,,3.998749256134033,,,,,,,,,,,,,,,,,,,,,,,,,,
37,,,,,,,,,,,,630,,,,,,,,,,,,,,,,,,,,,18.97124671936035,,4.18696403503418,,4.438639163970947,,6.278728485107422,,4.066915512084961,,,,,,,,,,,,,,,,,,,,,,,,,,
37,,,,,,,,,,,,631,,,,,,,,,,,,,,,,,,,,,18.300508499145508,,4.100142478942871,,4.40413761138916,,5.86564826965332,,3.9305803775787354,,,,,,,,,,,,,,,,,,,,,,,,,,
37,,,,,,,,,,,,632,,,,,,,,,,,,,,,,,,,,,18.645191192626953,,4.20189094543457,,4.509117126464844,,5.846155166625977,,4.088028430938721,,,,,,,,,,,,,,,,,,,,,,,,,,
37,,,,,,,,,,,,633,,,,,,,,,,,,,,,,,,,,,18.671222686767578,,4.304318428039551,,4.4873127937316895,,5.756791591644287,,4.122798919677734,,,,,,,,,,,,,,,,,,,,,,,,,,
37,,,,,,,,,,,,634,,,,,,,,,,,,,,,,,,,,,19.164674758911133,,4.3830976486206055,,4.599591255187988,,5.928267955780029,,4.253717422485352,,,,,,,,,,,,,,,,,,,,,,,,,,
37,,,,,,,,,,,,635,,,,,,,,,,,,,,,,,,,,,18.56896209716797,,4.198099136352539,,4.476341247558594,,5.810097694396973,,4.084424018859863,,,,,,,,,,,,,,,,,,,,,,,,,,
37,,,,,,,,,,,,636,,,,,,,,,,,,,,,,,,,,,18.182275772094727,,4.09765100479126,,4.33721399307251,,5.783571243286133,,3.9638397693634033,,,,,,,,,,,,,,,,,,,,,,,,,,
37,,,,,,,,,,,,637,,,,,,,,,,,,,,,,,,,,,18.671594619750977,,4.207320690155029,,4.499713897705078,,5.853968143463135,,4.110592365264893,,,,,,,,,,,,,,,,,,,,,,,,,,
37,,,,,,,,,,,,638,,,,,,,,,,,,,,,,,,,,,19.046703338623047,,4.356511116027832,,4.618520736694336,,5.8348388671875,,4.2368316650390625,,,,,,,,,,,,,,,,,,,,,,,,,,
37,,,,,,,,,,,,639,,,,,,,,,,,,,,,,,,,,,18.420852661132812,,4.143688678741455,,4.374689102172852,,5.837522506713867,,4.064952850341797,,,,,,,,,,,,,,,,,,,,,,,,,,
37,,,,,,,,,,,,640,,,,,,,,,,,,,,,,,,,,,18.86835479736328,,4.3231706619262695,,4.554022789001465,,5.798214435577393,,4.1929473876953125,,,,,,,,,,,,,,,,,,,,,,,,,,
37,,,,,,,,,,,,641,,,,,,,,,,,,,,,,,,,,,18.809171676635742,,4.271985054016113,,4.496694564819336,,5.863740921020508,,4.176751613616943,,,,,,,,,,,,,,,,,,,,,,,,,,
37,,,,,,,,,,,,642,,,,,,,,,,,,,,,,,,,,,18.821392059326172,,4.331558704376221,,4.546025276184082,,5.764984130859375,,4.178824424743652,,,,,,,,,,,,,,,,,,,,,,,,,,
37,,,,,,,,,,,,643,,,,,,,,,,,,,,,,,,,,,18.284305572509766,,4.102061748504639,,4.4112958908081055,,5.751237392425537,,4.019710063934326,,,,,,,,,,,,,,,,,,,,,,,,,,
37,,,,,,,,,,,,644,,,,,,,,,,,,,,,,,,,,,18.703277587890625,,4.273839950561523,,4.491145133972168,,5.789944648742676,,4.148348808288574,,,,,,,,,,,,,,,,,,,,,,,,,,
37,,,,,,,,,,,,645,,,,,,,,,,,,,,,,,,,,,13.02271842956543,,2.8707895278930664,,3.0968732833862305,,4.237945556640625,,2.817110538482666,,,,,,,,,,,,,,,,,,,,,,,,,,
,,,,,,,,,,,,37,,,,,,,,,,,,,,,,,,,,,,,,,,,,,,,,,,,,,,,,,,,,,,,,,,,,,,,16.239835739135742
37,,,,,,,,,,,,645,,,,,,,,,,,,,,,,,,,,,,,,,,,,,,,,,,,,,0.5249999761581421,0.8550000190734863,2.603299617767334,3.0501022338867188,3.588144302368164,2.8789925575256348,4.119296550750732,0.3149999976158142,0.18000000715255737,0.12999999523162842,0.2549999952316284,0.11500000208616257,0.6299999952316284,0.5649999976158142,0.3700000047683716,0.550000011920929,0.32499998807907104,16.239835739135742,
37,,,,,,16540.0,,,,,,645,,,,,,,,,,,,,,,,,,,,18.605953216552734,,4.2140679359436035,,4.46223258972168,,5.839399814605713,,4.0902533531188965,,,,0.41151756048202515,0.3692563474178314,0.06197097897529602,0.4332225024700165,0.46798667311668396,,,,,,,,,,,,,,,,,,,
38,,,,,,,,,,,,646,,,,,,,,,,,,,,,,,,,,,18.251049041748047,,4.14417839050293,,4.353865623474121,,5.765639305114746,,3.9873645305633545,,,,,,,,,,,,,,,,,,,,,,,,,,
38,,,,,,,,,,,,647,,,,,,,,,,,,,,,,,,,,,18.722721099853516,,4.147247314453125,,4.316684246063232,,6.258837699890137,,3.999952793121338,,,,,,,,,,,,,,,,,,,,,,,,,,
38,,,,,,,,,,,,648,,,,,,,,,,,,,,,,,,,,,19.02695083618164,,4.228109359741211,,4.443326950073242,,6.28200626373291,,4.073506832122803,,,,,,,,,,,,,,,,,,,,,,,,,,
38,,,,,,,,,,,,649,,,,,,,,,,,,,,,,,,,,,18.687833786010742,,4.2655134201049805,,4.496563911437988,,5.7580885887146,,4.167667865753174,,,,,,,,,,,,,,,,,,,,,,,,,,
38,,,,,,,,,,,,650,,,,,,,,,,,,,,,,,,,,,18.111371994018555,,4.055418014526367,,4.338947772979736,,5.733524799346924,,3.983482599258423,,,,,,,,,,,,,,,,,,,,,,,,,,
38,,,,,,,,,,,,651,,,,,,,,,,,,,,,,,,,,,17.974428176879883,,4.050930976867676,,4.3218994140625,,5.6635236740112305,,3.9380741119384766,,,,,,,,,,,,,,,,,,,,,,,,,,
38,,,,,,,,,,,,652,,,,,,,,,,,,,,,,,,,,,18.607025146484375,,4.224743843078613,,4.428159236907959,,5.838945388793945,,4.115176677703857,,,,,,,,,,,,,,,,,,,,,,,,,,
38,,,,,,,,,,,,653,,,,,,,,,,,,,,,,,,,,,18.58566665649414,,4.238161087036133,,4.527215957641602,,5.6799211502075195,,4.14036750793457,,,,,,,,,,,,,,,,,,,,,,,,,,
38,,,,,,,,,,,,654,,,,,,,,,,,,,,,,,,,,,18.950212478637695,,4.1827545166015625,,4.45285701751709,,6.258836269378662,,4.055764198303223,,,,,,,,,,,,,,,,,,,,,,,,,,
38,,,,,,,,,,,,655,,,,,,,,,,,,,,,,,,,,,17.813138961791992,,4.054121017456055,,4.2743144035339355,,5.6106343269348145,,3.8740696907043457,,,,,,,,,,,,,,,,,,,,,,,,,,
38,,,,,,,,,,,,656,,,,,,,,,,,,,,,,,,,,,18.839441299438477,,4.329231262207031,,4.5214524269104,,5.801172733306885,,4.187585830688477,,,,,,,,,,,,,,,,,,,,,,,,,,
38,,,,,,,,,,,,657,,,,,,,,,,,,,,,,,,,,,19.264297485351562,,4.311878204345703,,4.52593994140625,,6.215631484985352,,4.210848331451416,,,,,,,,,,,,,,,,,,,,,,,,,,
38,,,,,,,,,,,,658,,,,,,,,,,,,,,,,,,,,,18.573192596435547,,4.136588096618652,,4.328495502471924,,6.168381690979004,,3.939728260040283,,,,,,,,,,,,,,,,,,,,,,,,,,
38,,,,,,,,,,,,659,,,,,,,,,,,,,,,,,,,,,18.188678741455078,,4.111729145050049,,4.402253150939941,,5.6774678230285645,,3.9972290992736816,,,,,,,,,,,,,,,,,,,,,,,,,,
38,,,,,,,,,,,,660,,,,,,,,,,,,,,,,,,,,,18.54102325439453,,4.243431568145752,,4.510768890380859,,5.649064064025879,,4.137757301330566,,,,,,,,,,,,,,,,,,,,,,,,,,
38,,,,,,,,,,,,661,,,,,,,,,,,,,,,,,,,,,18.53565216064453,,4.254299163818359,,4.546744346618652,,5.638189315795898,,4.096419334411621,,,,,,,,,,,,,,,,,,,,,,,,,,
38,,,,,,,,,,,,662,,,,,,,,,,,,,,,,,,,,,11.569854736328125,,2.640415668487549,,2.6370649337768555,,3.801919460296631,,2.490455150604248,,,,,,,,,,,,,,,,,,,,,,,,,,
,,,,,,,,,,,,38,,,,,,,,,,,,,,,,,,,,,,,,,,,,,,,,,,,,,,,,,,,,,,,,,,,,,,,16.09625244140625
38,,,,,,,,,,,,662,,,,,,,,,,,,,,,,,,,,,,,,,,,,,,,,,,,,,0.5400000214576721,0.8650000095367432,2.5519518852233887,3.0397188663482666,3.4567885398864746,2.928337812423706,4.119455337524414,0.3400000035762787,0.1899999976158142,0.14499999582767487,0.26499998569488525,0.11999999731779099,0.6499999761581421,0.5450000166893005,0.39500001072883606,0.5550000071525574,0.32499998807907104,16.09625244140625,
38,,,,,,16540.0,,,,,,662,,,,,,,,,,,,,,,,,,,,18.476282119750977,,4.171566963195801,,4.4074859619140625,,5.855439186096191,,4.041790962219238,,,,0.41807740926742554,0.3797762989997864,0.07049576193094254,0.4404776096343994,0.4694679379463196,,,,,,,,,,,,,,,,,,,
39,,,,,,,,,,,,663,,,,,,,,,,,,,,,,,,,,,18.225494384765625,,4.133533477783203,,4.35219669342041,,5.7455949783325195,,3.9941701889038086,,,,,,,,,,,,,,,,,,,,,,,,,,
39,,,,,,,,,,,,664,,,,,,,,,,,,,,,,,,,,,18.73764419555664,,4.170897483825684,,4.315240859985352,,6.2078537940979,,4.0436530113220215,,,,,,,,,,,,,,,,,,,,,,,,,,
39,,,,,,,,,,,,665,,,,,,,,,,,,,,,,,,,,,17.765811920166016,,4.023172378540039,,4.2833251953125,,5.597102165222168,,3.862211227416992,,,,,,,,,,,,,,,,,,,,,,,,,,
39,,,,,,,,,,,,666,,,,,,,,,,,,,,,,,,,,,18.238182067871094,,4.145373344421387,,4.322213172912598,,5.783681869506836,,3.9869141578674316,,,,,,,,,,,,,,,,,,,,,,,,,,
39,,,,,,,,,,,,667,,,,,,,,,,,,,,,,,,,,,18.12584114074707,,4.145691871643066,,4.366462707519531,,5.635936260223389,,3.977750778198242,,,,,,,,,,,,,,,,,,,,,,,,,,
39,,,,,,,,,,,,668,,,,,,,,,,,,,,,,,,,,,18.754146575927734,,4.3138322830200195,,4.544705867767334,,5.684592247009277,,4.211017608642578,,,,,,,,,,,,,,,,,,,,,,,,,,
39,,,,,,,,,,,,669,,,,,,,,,,,,,,,,,,,,,18.783004760742188,,4.140817642211914,,4.3680009841918945,,6.2405500411987305,,4.033636569976807,,,,,,,,,,,,,,,,,,,,,,,,,,
39,,,,,,,,,,,,670,,,,,,,,,,,,,,,,,,,,,18.744937896728516,,4.1723809242248535,,4.373495101928711,,6.215029716491699,,3.984031915664673,,,,,,,,,,,,,,,,,,,,,,,,,,
39,,,,,,,,,,,,671,,,,,,,,,,,,,,,,,,,,,18.445499420166016,,4.207614898681641,,4.4360809326171875,,5.7502641677856445,,4.051538944244385,,,,,,,,,,,,,,,,,,,,,,,,,,
39,,,,,,,,,,,,672,,,,,,,,,,,,,,,,,,,,,18.265422821044922,,4.180779457092285,,4.41434907913208,,5.610947608947754,,4.059347629547119,,,,,,,,,,,,,,,,,,,,,,,,,,
39,,,,,,,,,,,,673,,,,,,,,,,,,,,,,,,,,,18.6368408203125,,4.223509788513184,,4.502026081085205,,5.7915849685668945,,4.119720458984375,,,,,,,,,,,,,,,,,,,,,,,,,,
39,,,,,,,,,,,,674,,,,,,,,,,,,,,,,,,,,,18.189077377319336,,4.149478435516357,,4.359921932220459,,5.665214538574219,,4.014461517333984,,,,,,,,,,,,,,,,,,,,,,,,,,
39,,,,,,,,,,,,675,,,,,,,,,,,,,,,,,,,,,18.3107967376709,,4.170612335205078,,4.413884162902832,,5.663602352142334,,4.0626983642578125,,,,,,,,,,,,,,,,,,,,,,,,,,
39,,,,,,,,,,,,676,,,,,,,,,,,,,,,,,,,,,17.950641632080078,,4.021104335784912,,4.329061508178711,,5.698699951171875,,3.901775360107422,,,,,,,,,,,,,,,,,,,,,,,,,,
39,,,,,,,,,,,,677,,,,,,,,,,,,,,,,,,,,,17.892009735107422,,4.03195858001709,,4.332880020141602,,5.5809831619262695,,3.9461865425109863,,,,,,,,,,,,,,,,,,,,,,,,,,
39,,,,,,,,,,,,678,,,,,,,,,,,,,,,,,,,,,18.77657699584961,,4.123339653015137,,4.4122443199157715,,6.170055389404297,,4.0709381103515625,,,,,,,,,,,,,,,,,,,,,,,,,,
39,,,,,,,,,,,,679,,,,,,,,,,,,,,,,,,,,,11.440887451171875,,2.5900301933288574,,2.66269850730896,,3.6864066123962402,,2.5017528533935547,,,,,,,,,,,,,,,,,,,,,,,,,,
,,,,,,,,,,,,39,,,,,,,,,,,,,,,,,,,,,,,,,,,,,,,,,,,,,,,,,,,,,,,,,,,,,,,16.185304641723633
39,,,,,,,,,,,,679,,,,,,,,,,,,,,,,,,,,,,,,,,,,,,,,,,,,,0.5249999761581421,0.8700000047683716,2.6096019744873047,3.0451979637145996,3.5086612701416016,2.902949810028076,4.118893623352051,0.33000001311302185,0.18000000715255737,0.13500000536441803,0.24500000476837158,0.11999999731779099,0.6399999856948853,0.5699999928474426,0.4099999964237213,0.5600000023841858,0.33000001311302185,16.185304641723633,
39,,,,,,16540.0,,,,,,679,,,,,,,,,,,,,,,,,,,,18.29981231689453,,4.132444858551025,,4.36665678024292,,5.795029163360596,,4.005683898925781,,,,0.42224907875061035,0.3838573098182678,0.0762091875076294,0.4438331723213196,0.47227928042411804,,,,,,,,,,,,,,,,,,,
40,,,,,,,,,,,,680,,,,,,,,,,,,,,,,,,,,,18.630859375,,4.118529319763184,,4.290495872497559,,6.205085754394531,,4.016746997833252,,,,,,,,,,,,,,,,,,,,,,,,,,
40,,,,,,,,,,,,681,,,,,,,,,,,,,,,,,,,,,18.839942932128906,,4.355813980102539,,4.508847236633301,,5.770866394042969,,4.204415798187256,,,,,,,,,,,,,,,,,,,,,,,,,,
40,,,,,,,,,,,,682,,,,,,,,,,,,,,,,,,,,,17.684518814086914,,3.977964401245117,,4.299269676208496,,5.493478298187256,,3.9138054847717285,,,,,,,,,,,,,,,,,,,,,,,,,,
40,,,,,,,,,,,,683,,,,,,,,,,,,,,,,,,,,,17.480083465576172,,3.905768394470215,,4.246790885925293,,5.5477294921875,,3.779794692993164,,,,,,,,,,,,,,,,,,,,,,,,,,
40,,,,,,,,,,,,684,,,,,,,,,,,,,,,,,,,,,18.222198486328125,,3.986868381500244,,4.21331787109375,,6.1261091232299805,,3.895904302597046,,,,,,,,,,,,,,,,,,,,,,,,,,
40,,,,,,,,,,,,685,,,,,,,,,,,,,,,,,,,,,18.21236801147461,,4.142616271972656,,4.3292317390441895,,5.708059787750244,,4.0324602127075195,,,,,,,,,,,,,,,,,,,,,,,,,,
40,,,,,,,,,,,,686,,,,,,,,,,,,,,,,,,,,,17.550323486328125,,3.924795150756836,,4.203738212585449,,5.633467674255371,,3.788322925567627,,,,,,,,,,,,,,,,,,,,,,,,,,
40,,,,,,,,,,,,687,,,,,,,,,,,,,,,,,,,,,18.05599021911621,,4.10476016998291,,4.355426788330078,,5.58916711807251,,4.006636619567871,,,,,,,,,,,,,,,,,,,,,,,,,,
40,,,,,,,,,,,,688,,,,,,,,,,,,,,,,,,,,,18.0925235748291,,4.1450347900390625,,4.370020866394043,,5.600001811981201,,3.9774670600891113,,,,,,,,,,,,,,,,,,,,,,,,,,
40,,,,,,,,,,,,689,,,,,,,,,,,,,,,,,,,,,17.765661239624023,,4.060367584228516,,4.271435737609863,,5.496636390686035,,3.9372215270996094,,,,,,,,,,,,,,,,,,,,,,,,,,
40,,,,,,,,,,,,690,,,,,,,,,,,,,,,,,,,,,18.18856430053711,,4.1020917892456055,,4.387861728668213,,5.7081451416015625,,3.9904658794403076,,,,,,,,,,,,,,,,,,,,,,,,,,
40,,,,,,,,,,,,691,,,,,,,,,,,,,,,,,,,,,18.121047973632812,,4.099967002868652,,4.364757537841797,,5.652237892150879,,4.004085540771484,,,,,,,,,,,,,,,,,,,,,,,,,,
40,,,,,,,,,,,,692,,,,,,,,,,,,,,,,,,,,,18.002574920654297,,4.118741989135742,,4.338392734527588,,5.546608924865723,,3.9988327026367188,,,,,,,,,,,,,,,,,,,,,,,,,,
40,,,,,,,,,,,,693,,,,,,,,,,,,,,,,,,,,,18.5924015045166,,4.267840385437012,,4.494047164916992,,5.630818843841553,,4.199694633483887,,,,,,,,,,,,,,,,,,,,,,,,,,
40,,,,,,,,,,,,694,,,,,,,,,,,,,,,,,,,,,18.156862258911133,,4.171720027923584,,4.386750221252441,,5.589978218078613,,4.008413314819336,,,,,,,,,,,,,,,,,,,,,,,,,,
40,,,,,,,,,,,,695,,,,,,,,,,,,,,,,,,,,,18.563140869140625,,4.070455074310303,,4.327735424041748,,6.18658447265625,,3.9783661365509033,,,,,,,,,,,,,,,,,,,,,,,,,,
40,,,,,,,,,,,,696,,,,,,,,,,,,,,,,,,,,,11.683613777160645,,2.6159839630126953,,2.7118043899536133,,3.7633907794952393,,2.592435121536255,,,,,,,,,,,,,,,,,,,,,,,,,,
,,,,,,,,,,,,40,,,,,,,,,,,,,,,,,,,,,,,,,,,,,,,,,,,,,,,,,,,,,,,,,,,,,,,15.840377807617188
40,,,,,,,,,,,,696,,,,,,,,,,,,,,,,,,,,,,,,,,,,,,,,,,,,,0.5350000262260437,0.8700000047683716,2.5350558757781982,3.0059425830841064,3.304079294204712,2.8769044876098633,4.118396282196045,0.3199999928474426,0.20999999344348907,0.15000000596046448,0.24500000476837158,0.11999999731779099,0.6399999856948853,0.5699999928474426,0.41999998688697815,0.550000011920929,0.32499998807907104,15.840378761291504,
40,,,,,,16540.0,,,,,,696,,,,,,,,,,,,,,,,,,,,18.0740966796875,,4.083114147186279,,4.321431636810303,,5.69937801361084,,3.9701716899871826,,,,0.4293833076953888,0.39162635803222656,0.08152962476015091,0.44797462224960327,0.4684401750564575,,,,,,,,,,,,,,,,,,,
41,,,,,,,,,,,,697,,,,,,,,,,,,,,,,,,,,,17.77379608154297,,4.025233268737793,,4.212288856506348,,5.604769706726074,,3.9315037727355957,,,,,,,,,,,,,,,,,,,,,,,,,,
41,,,,,,,,,,,,698,,,,,,,,,,,,,,,,,,,,,17.728683471679688,,3.9919190406799316,,4.273799896240234,,5.554649829864502,,3.9083151817321777,,,,,,,,,,,,,,,,,,,,,,,,,,
41,,,,,,,,,,,,699,,,,,,,,,,,,,,,,,,,,,17.328636169433594,,3.878474712371826,,4.1309709548950195,,5.541794776916504,,3.7773962020874023,,,,,,,,,,,,,,,,,,,,,,,,,,
41,,,,,,,,,,,,700,,,,,,,,,,,,,,,,,,,,,17.786972045898438,,4.05111026763916,,4.262329578399658,,5.55693244934082,,3.9165987968444824,,,,,,,,,,,,,,,,,,,,,,,,,,
41,,,,,,,,,,,,701,,,,,,,,,,,,,,,,,,,,,17.85965919494629,,4.071761608123779,,4.257838249206543,,5.525880336761475,,4.004179954528809,,,,,,,,,,,,,,,,,,,,,,,,,,
41,,,,,,,,,,,,702,,,,,,,,,,,,,,,,,,,,,17.718280792236328,,3.940403938293457,,4.210885524749756,,5.697379112243652,,3.869610548019409,,,,,,,,,,,,,,,,,,,,,,,,,,
41,,,,,,,,,,,,703,,,,,,,,,,,,,,,,,,,,,18.29791259765625,,4.21157169342041,,4.442546844482422,,5.51561164855957,,4.128181457519531,,,,,,,,,,,,,,,,,,,,,,,,,,
41,,,,,,,,,,,,704,,,,,,,,,,,,,,,,,,,,,17.676319122314453,,3.9942049980163574,,4.277252197265625,,5.491822242736816,,3.9130396842956543,,,,,,,,,,,,,,,,,,,,,,,,,,
41,,,,,,,,,,,,705,,,,,,,,,,,,,,,,,,,,,19.146465301513672,,4.2460150718688965,,4.451223373413086,,6.310641288757324,,4.13858699798584,,,,,,,,,,,,,,,,,,,,,,,,,,
41,,,,,,,,,,,,706,,,,,,,,,,,,,,,,,,,,,17.596837997436523,,4.037387847900391,,4.246733665466309,,5.452990531921387,,3.8597259521484375,,,,,,,,,,,,,,,,,,,,,,,,,,
41,,,,,,,,,,,,707,,,,,,,,,,,,,,,,,,,,,19.24713134765625,,4.329002380371094,,4.509757041931152,,6.237298011779785,,4.171072959899902,,,,,,,,,,,,,,,,,,,,,,,,,,
41,,,,,,,,,,,,708,,,,,,,,,,,,,,,,,,,,,18.226655960083008,,4.136081695556641,,4.390867233276367,,5.657987117767334,,4.041719436645508,,,,,,,,,,,,,,,,,,,,,,,,,,
41,,,,,,,,,,,,709,,,,,,,,,,,,,,,,,,,,,18.433225631713867,,4.0826544761657715,,4.311940670013428,,6.1012115478515625,,3.937417984008789,,,,,,,,,,,,,,,,,,,,,,,,,,
41,,,,,,,,,,,,710,,,,,,,,,,,,,,,,,,,,,17.50208854675293,,3.9553213119506836,,4.258945465087891,,5.430459499359131,,3.857361316680908,,,,,,,,,,,,,,,,,,,,,,,,,,
41,,,,,,,,,,,,711,,,,,,,,,,,,,,,,,,,,,17.821208953857422,,4.086917400360107,,4.274890899658203,,5.486248016357422,,3.9731533527374268,,,,,,,,,,,,,,,,,,,,,,,,,,
41,,,,,,,,,,,,712,,,,,,,,,,,,,,,,,,,,,17.56472396850586,,3.957332134246826,,4.189818859100342,,5.614611625671387,,3.8029613494873047,,,,,,,,,,,,,,,,,,,,,,,,,,
41,,,,,,,,,,,,713,,,,,,,,,,,,,,,,,,,,,11.794820785522461,,2.7875146865844727,,2.824709415435791,,3.50754976272583,,2.675046682357788,,,,,,,,,,,,,,,,,,,,,,,,,,
,,,,,,,,,,,,41,,,,,,,,,,,,,,,,,,,,,,,,,,,,,,,,,,,,,,,,,,,,,,,,,,,,,,,16.07952308654785
41,,,,,,,,,,,,713,,,,,,,,,,,,,,,,,,,,,,,,,,,,,,,,,,,,,0.5450000166893005,0.875,2.6032233238220215,3.0552797317504883,3.4193177223205566,2.882702589035034,4.118999004364014,0.3050000071525574,0.19499999284744263,0.14499999582767487,0.26499998569488525,0.11999999731779099,0.6299999952316284,0.5799999833106995,0.42500001192092896,0.5849999785423279,0.33000001311302185,16.07952308654785,
41,,,,,,16540.0,,,,,,713,,,,,,,,,,,,,,,,,,,,17.923433303833008,,4.05018949508667,,4.280023574829102,,5.653337001800537,,3.9398837089538574,,,,0.43349456787109375,0.3976420760154724,0.0921100378036499,0.4501209259033203,0.4719468057155609,,,,,,,,,,,,,,,,,,,
42,,,,,,,,,,,,714,,,,,,,,,,,,,,,,,,,,,17.667125701904297,,3.9817428588867188,,4.224922180175781,,5.558775901794434,,3.901686191558838,,,,,,,,,,,,,,,,,,,,,,,,,,
42,,,,,,,,,,,,715,,,,,,,,,,,,,,,,,,,,,17.565832138061523,,3.971299409866333,,4.247589111328125,,5.436812877655029,,3.910130262374878,,,,,,,,,,,,,,,,,,,,,,,,,,
42,,,,,,,,,,,,716,,,,,,,,,,,,,,,,,,,,,18.61298370361328,,4.114259243011475,,4.308130741119385,,6.1767578125,,4.013835906982422,,,,,,,,,,,,,,,,,,,,,,,,,,
42,,,,,,,,,,,,717,,,,,,,,,,,,,,,,,,,,,18.028705596923828,,4.141988277435303,,4.335526466369629,,5.523611545562744,,4.027578353881836,,,,,,,,,,,,,,,,,,,,,,,,,,
42,,,,,,,,,,,,718,,,,,,,,,,,,,,,,,,,,,17.974720001220703,,4.150667190551758,,4.304302215576172,,5.4324870109558105,,4.087263107299805,,,,,,,,,,,,,,,,,,,,,,,,,,
42,,,,,,,,,,,,719,,,,,,,,,,,,,,,,,,,,,18.10031509399414,,4.150757789611816,,4.391868591308594,,5.558075904846191,,3.99961256980896,,,,,,,,,,,,,,,,,,,,,,,,,,
42,,,,,,,,,,,,720,,,,,,,,,,,,,,,,,,,,,17.320255279541016,,3.913022041320801,,4.2003631591796875,,5.366191864013672,,3.8406777381896973,,,,,,,,,,,,,,,,,,,,,,,,,,
42,,,,,,,,,,,,721,,,,,,,,,,,,,,,,,,,,,17.315195083618164,,3.9055256843566895,,4.153581142425537,,5.441255569458008,,3.8148326873779297,,,,,,,,,,,,,,,,,,,,,,,,,,
42,,,,,,,,,,,,722,,,,,,,,,,,,,,,,,,,,,17.664669036865234,,4.007661819458008,,4.282235145568848,,5.447975158691406,,3.9267969131469727,,,,,,,,,,,,,,,,,,,,,,,,,,
42,,,,,,,,,,,,723,,,,,,,,,,,,,,,,,,,,,17.616607666015625,,3.9711501598358154,,4.228105068206787,,5.522896766662598,,3.8944549560546875,,,,,,,,,,,,,,,,,,,,,,,,,,
42,,,,,,,,,,,,724,,,,,,,,,,,,,,,,,,,,,17.437341690063477,,3.9723644256591797,,4.2061686515808105,,5.3819169998168945,,3.876891613006592,,,,,,,,,,,,,,,,,,,,,,,,,,
42,,,,,,,,,,,,725,,,,,,,,,,,,,,,,,,,,,17.48031234741211,,3.9469680786132812,,4.200641632080078,,5.513609886169434,,3.819094181060791,,,,,,,,,,,,,,,,,,,,,,,,,,
42,,,,,,,,,,,,726,,,,,,,,,,,,,,,,,,,,,18.169105529785156,,3.9409961700439453,,4.164765357971191,,6.249048709869385,,3.8142952919006348,,,,,,,,,,,,,,,,,,,,,,,,,,
42,,,,,,,,,,,,727,,,,,,,,,,,,,,,,,,,,,17.64396095275879,,4.025198459625244,,4.242129802703857,,5.448596477508545,,3.928036689758301,,,,,,,,,,,,,,,,,,,,,,,,,,
42,,,,,,,,,,,,728,,,,,,,,,,,,,,,,,,,,,17.797189712524414,,4.058860778808594,,4.289679050445557,,5.528560638427734,,3.9200897216796875,,,,,,,,,,,,,,,,,,,,,,,,,,
42,,,,,,,,,,,,729,,,,,,,,,,,,,,,,,,,,,17.91484832763672,,4.10653829574585,,4.334453582763672,,5.513422966003418,,3.9604334831237793,,,,,,,,,,,,,,,,,,,,,,,,,,
42,,,,,,,,,,,,730,,,,,,,,,,,,,,,,,,,,,11.725868225097656,,2.6633658409118652,,2.6942718029022217,,3.7330007553100586,,2.63523006439209,,,,,,,,,,,,,,,,,,,,,,,,,,
,,,,,,,,,,,,42,,,,,,,,,,,,,,,,,,,,,,,,,,,,,,,,,,,,,,,,,,,,,,,,,,,,,,,15.906097412109375
42,,,,,,,,,,,,730,,,,,,,,,,,,,,,,,,,,,,,,,,,,,,,,,,,,,0.5400000214576721,0.8700000047683716,2.5923891067504883,3.009636878967285,3.3215951919555664,2.864558219909668,4.117918014526367,0.28999999165534973,0.20999999344348907,0.17000000178813934,0.2549999952316284,0.11999999731779099,0.6349999904632568,0.5950000286102295,0.4449999928474426,0.5550000071525574,0.32499998807907104,15.906097412109375,
42,,,,,,16540.0,,,,,,730,,,,,,,,,,,,,,,,,,,,17.712326049804688,,4.009618759155273,,4.24241304397583,,5.5514349937438965,,3.908855438232422,,,,0.4385127127170563,0.4025997817516327,0.09186819940805435,0.45417168736457825,0.46980050206184387,,,,,,,,,,,,,,,,,,,
43,,,,,,,,,,,,731,,,,,,,,,,,,,,,,,,,,,17.549503326416016,,4.018453598022461,,4.23413610458374,,5.402362823486328,,3.8945508003234863,,,,,,,,,,,,,,,,,,,,,,,,,,
43,,,,,,,,,,,,732,,,,,,,,,,,,,,,,,,,,,17.393861770629883,,3.932549238204956,,4.172609329223633,,5.481387615203857,,3.807316303253174,,,,,,,,,,,,,,,,,,,,,,,,,,
43,,,,,,,,,,,,733,,,,,,,,,,,,,,,,,,,,,17.320789337158203,,3.9293577671051025,,4.132261753082275,,5.443515777587891,,3.815654993057251,,,,,,,,,,,,,,,,,,,,,,,,,,
43,,,,,,,,,,,,734,,,,,,,,,,,,,,,,,,,,,17.29894256591797,,3.879828453063965,,4.203546524047852,,5.465757369995117,,3.7498106956481934,,,,,,,,,,,,,,,,,,,,,,,,,,
43,,,,,,,,,,,,735,,,,,,,,,,,,,,,,,,,,,18.45562171936035,,4.035962104797363,,4.221599578857422,,6.273046493530273,,3.9250130653381348,,,,,,,,,,,,,,,,,,,,,,,,,,
43,,,,,,,,,,,,736,,,,,,,,,,,,,,,,,,,,,18.01659393310547,,3.9191980361938477,,4.217649459838867,,6.053194999694824,,3.826551914215088,,,,,,,,,,,,,,,,,,,,,,,,,,
43,,,,,,,,,,,,737,,,,,,,,,,,,,,,,,,,,,17.555606842041016,,4.010167598724365,,4.200868129730225,,5.436337471008301,,3.9082322120666504,,,,,,,,,,,,,,,,,,,,,,,,,,
43,,,,,,,,,,,,738,,,,,,,,,,,,,,,,,,,,,17.400907516479492,,3.9728221893310547,,4.113475799560547,,5.42306661605835,,3.8915419578552246,,,,,,,,,,,,,,,,,,,,,,,,,,
43,,,,,,,,,,,,739,,,,,,,,,,,,,,,,,,,,,17.758747100830078,,4.0194010734558105,,4.238080024719238,,5.543501853942871,,3.9577648639678955,,,,,,,,,,,,,,,,,,,,,,,,,,
43,,,,,,,,,,,,740,,,,,,,,,,,,,,,,,,,,,17.665830612182617,,4.054003715515137,,4.2728424072265625,,5.333667755126953,,4.005316734313965,,,,,,,,,,,,,,,,,,,,,,,,,,
43,,,,,,,,,,,,741,,,,,,,,,,,,,,,,,,,,,17.66035270690918,,4.050426483154297,,4.2735795974731445,,5.448573589324951,,3.8877720832824707,,,,,,,,,,,,,,,,,,,,,,,,,,
43,,,,,,,,,,,,742,,,,,,,,,,,,,,,,,,,,,17.542213439941406,,4.033799648284912,,4.281294822692871,,5.296812057495117,,3.930306911468506,,,,,,,,,,,,,,,,,,,,,,,,,,
43,,,,,,,,,,,,743,,,,,,,,,,,,,,,,,,,,,18.128080368041992,,3.9830589294433594,,4.172973155975342,,6.104495525360107,,3.867553234100342,,,,,,,,,,,,,,,,,,,,,,,,,,
43,,,,,,,,,,,,744,,,,,,,,,,,,,,,,,,,,,17.334997177124023,,3.913515329360962,,4.153521537780762,,5.451129913330078,,3.8168303966522217,,,,,,,,,,,,,,,,,,,,,,,,,,
43,,,,,,,,,,,,745,,,,,,,,,,,,,,,,,,,,,18.04547882080078,,4.21274471282959,,4.37888240814209,,5.332150459289551,,4.121700763702393,,,,,,,,,,,,,,,,,,,,,,,,,,
43,,,,,,,,,,,,746,,,,,,,,,,,,,,,,,,,,,17.3000545501709,,3.9252405166625977,,4.1491546630859375,,5.436301231384277,,3.789358139038086,,,,,,,,,,,,,,,,,,,,,,,,,,
43,,,,,,,,,,,,747,,,,,,,,,,,,,,,,,,,,,12.137537002563477,,2.8245410919189453,,2.931459426879883,,3.6603598594665527,,2.721177101135254,,,,,,,,,,,,,,,,,,,,,,,,,,
,,,,,,,,,,,,43,,,,,,,,,,,,,,,,,,,,,,,,,,,,,,,,,,,,,,,,,,,,,,,,,,,,,,,15.976041793823242
43,,,,,,,,,,,,747,,,,,,,,,,,,,,,,,,,,,,,,,,,,,,,,,,,,,0.5550000071525574,0.8849999904632568,2.4991469383239746,3.084425926208496,3.3897905349731445,2.8837785720825195,4.118900299072266,0.35499998927116394,0.18000000715255737,0.1899999976158142,0.25999999046325684,0.11500000208616257,0.6800000071525574,0.5649999976158142,0.4650000035762787,0.5649999976158142,0.32499998807907104,15.976040840148926,
43,,,,,,16540.0,,,,,,747,,,,,,,,,,,,,,,,,,,,17.599714279174805,,3.9821360111236572,,4.201437473297119,,5.539935111999512,,3.876207113265991,,,,0.4420797824859619,0.40495771169662476,0.09897218644618988,0.4552297294139862,0.46659615635871887,,,,,,,,,,,,,,,,,,,
44,,,,,,,,,,,,748,,,,,,,,,,,,,,,,,,,,,17.888599395751953,,3.8657164573669434,,4.137108325958252,,6.1107177734375,,3.7750563621520996,,,,,,,,,,,,,,,,,,,,,,,,,,
44,,,,,,,,,,,,749,,,,,,,,,,,,,,,,,,,,,17.017763137817383,,3.9058542251586914,,4.0645647048950195,,5.247485637664795,,3.799859046936035,,,,,,,,,,,,,,,,,,,,,,,,,,
44,,,,,,,,,,,,750,,,,,,,,,,,,,,,,,,,,,17.489391326904297,,4.019570350646973,,4.26875114440918,,5.277308464050293,,3.9237616062164307,,,,,,,,,,,,,,,,,,,,,,,,,,
44,,,,,,,,,,,,751,,,,,,,,,,,,,,,,,,,,,17.592296600341797,,3.995511531829834,,4.232097625732422,,5.459024429321289,,3.9056639671325684,,,,,,,,,,,,,,,,,,,,,,,,,,
44,,,,,,,,,,,,752,,,,,,,,,,,,,,,,,,,,,17.614826202392578,,4.031959533691406,,4.268973350524902,,5.364553451538086,,3.949338674545288,,,,,,,,,,,,,,,,,,,,,,,,,,
44,,,,,,,,,,,,753,,,,,,,,,,,,,,,,,,,,,17.18199920654297,,3.930361747741699,,4.15035343170166,,5.256503105163574,,3.844780445098877,,,,,,,,,,,,,,,,,,,,,,,,,,
44,,,,,,,,,,,,754,,,,,,,,,,,,,,,,,,,,,17.619632720947266,,4.032070159912109,,4.254147529602051,,5.383048057556152,,3.9503684043884277,,,,,,,,,,,,,,,,,,,,,,,,,,
44,,,,,,,,,,,,755,,,,,,,,,,,,,,,,,,,,,17.527891159057617,,4.039145469665527,,4.265458106994629,,5.308314800262451,,3.9149720668792725,,,,,,,,,,,,,,,,,,,,,,,,,,
44,,,,,,,,,,,,756,,,,,,,,,,,,,,,,,,,,,17.65001678466797,,4.039364814758301,,4.246133327484131,,5.425905227661133,,3.9386138916015625,,,,,,,,,,,,,,,,,,,,,,,,,,
44,,,,,,,,,,,,757,,,,,,,,,,,,,,,,,,,,,16.534631729125977,,3.730803966522217,,3.9849448204040527,,5.230859279632568,,3.5880227088928223,,,,,,,,,,,,,,,,,,,,,,,,,,
44,,,,,,,,,,,,758,,,,,,,,,,,,,,,,,,,,,17.388032913208008,,3.9899280071258545,,4.170705795288086,,5.329887390136719,,3.8975114822387695,,,,,,,,,,,,,,,,,,,,,,,,,,
44,,,,,,,,,,,,759,,,,,,,,,,,,,,,,,,,,,17.975208282470703,,3.9501709938049316,,4.179465293884277,,5.997925281524658,,3.8476459980010986,,,,,,,,,,,,,,,,,,,,,,,,,,
44,,,,,,,,,,,,760,,,,,,,,,,,,,,,,,,,,,17.108844757080078,,3.87178111076355,,4.1403093338012695,,5.295319557189941,,3.80143404006958,,,,,,,,,,,,,,,,,,,,,,,,,,
44,,,,,,,,,,,,761,,,,,,,,,,,,,,,,,,,,,16.787744522094727,,3.7933006286621094,,4.020079612731934,,5.3296918869018555,,3.644672393798828,,,,,,,,,,,,,,,,,,,,,,,,,,
44,,,,,,,,,,,,762,,,,,,,,,,,,,,,,,,,,,17.455949783325195,,4.013888835906982,,4.250923156738281,,5.274695873260498,,3.916440963745117,,,,,,,,,,,,,,,,,,,,,,,,,,
44,,,,,,,,,,,,763,,,,,,,,,,,,,,,,,,,,,17.619123458862305,,4.068901062011719,,4.230729103088379,,5.351191997528076,,3.9683022499084473,,,,,,,,,,,,,,,,,,,,,,,,,,
44,,,,,,,,,,,,764,,,,,,,,,,,,,,,,,,,,,11.456937789916992,,2.5698766708374023,,2.7372145652770996,,3.5600578784942627,,2.5897884368896484,,,,,,,,,,,,,,,,,,,,,,,,,,
,,,,,,,,,,,,44,,,,,,,,,,,,,,,,,,,,,,,,,,,,,,,,,,,,,,,,,,,,,,,,,,,,,,,16.02332878112793
44,,,,,,,,,,,,764,,,,,,,,,,,,,,,,,,,,,,,,,,,,,,,,,,,,,0.5649999976158142,0.8799999952316284,2.626152992248535,3.1791839599609375,3.2427845001220703,2.856701374053955,4.118505954742432,0.28999999165534973,0.20499999821186066,0.1850000023841858,0.2849999964237213,0.11999999731779099,0.6299999952316284,0.574999988079071,0.4449999928474426,0.5849999785423279,0.33500000834465027,16.02332878112793,
44,,,,,,16540.0,,,,,,764,,,,,,,,,,,,,,,,,,,,17.347164154052734,,3.9418327808380127,,4.16544771194458,,5.397655010223389,,3.8422279357910156,,,,0.4482164680957794,0.41212213039398193,0.11067109555006027,0.4589479863643646,0.47342804074287415,,,,,,,,,,,,,,,,,,,
45,,,,,,,,,,,,765,,,,,,,,,,,,,,,,,,,,,18.132999420166016,,4.0315022468566895,,4.203415393829346,,5.982229232788086,,3.9158527851104736,,,,,,,,,,,,,,,,,,,,,,,,,,
45,,,,,,,,,,,,766,,,,,,,,,,,,,,,,,,,,,17.225055694580078,,3.927919626235962,,4.150113105773926,,5.299588680267334,,3.84743332862854,,,,,,,,,,,,,,,,,,,,,,,,,,
45,,,,,,,,,,,,767,,,,,,,,,,,,,,,,,,,,,17.14330291748047,,3.8999946117401123,,4.124590873718262,,5.309493064880371,,3.809225082397461,,,,,,,,,,,,,,,,,,,,,,,,,,
45,,,,,,,,,,,,768,,,,,,,,,,,,,,,,,,,,,17.783241271972656,,3.893770933151245,,4.074210166931152,,6.042085647583008,,3.7731752395629883,,,,,,,,,,,,,,,,,,,,,,,,,,
45,,,,,,,,,,,,769,,,,,,,,,,,,,,,,,,,,,17.828998565673828,,3.945849895477295,,4.099599361419678,,5.949694633483887,,3.8338534832000732,,,,,,,,,,,,,,,,,,,,,,,,,,
45,,,,,,,,,,,,770,,,,,,,,,,,,,,,,,,,,,17.2349853515625,,3.9043614864349365,,4.19504976272583,,5.302978515625,,3.832594871520996,,,,,,,,,,,,,,,,,,,,,,,,,,
45,,,,,,,,,,,,771,,,,,,,,,,,,,,,,,,,,,16.940670013427734,,3.841048002243042,,4.031351566314697,,5.333583831787109,,3.7346858978271484,,,,,,,,,,,,,,,,,,,,,,,,,,
45,,,,,,,,,,,,772,,,,,,,,,,,,,,,,,,,,,17.037059783935547,,3.924668788909912,,4.11549186706543,,5.179043769836426,,3.8178558349609375,,,,,,,,,,,,,,,,,,,,,,,,,,
45,,,,,,,,,,,,773,,,,,,,,,,,,,,,,,,,,,17.353206634521484,,3.985477924346924,,4.199638366699219,,5.273155212402344,,3.8949356079101562,,,,,,,,,,,,,,,,,,,,,,,,,,
45,,,,,,,,,,,,774,,,,,,,,,,,,,,,,,,,,,17.109594345092773,,3.9384055137634277,,4.1216959953308105,,5.230928421020508,,3.818563938140869,,,,,,,,,,,,,,,,,,,,,,,,,,
45,,,,,,,,,,,,775,,,,,,,,,,,,,,,,,,,,,17.62269401550293,,3.8642797470092773,,4.099860668182373,,5.905597686767578,,3.752955913543701,,,,,,,,,,,,,,,,,,,,,,,,,,
45,,,,,,,,,,,,776,,,,,,,,,,,,,,,,,,,,,17.79045867919922,,3.9237241744995117,,4.13865327835083,,5.945926189422607,,3.7821543216705322,,,,,,,,,,,,,,,,,,,,,,,,,,
45,,,,,,,,,,,,777,,,,,,,,,,,,,,,,,,,,,17.118492126464844,,3.915503978729248,,4.159295558929443,,5.229763031005859,,3.8139288425445557,,,,,,,,,,,,,,,,,,,,,,,,,,
45,,,,,,,,,,,,778,,,,,,,,,,,,,,,,,,,,,17.19017791748047,,3.9759628772735596,,4.148848533630371,,5.1700239181518555,,3.895341396331787,,,,,,,,,,,,,,,,,,,,,,,,,,
45,,,,,,,,,,,,779,,,,,,,,,,,,,,,,,,,,,17.021465301513672,,3.8985815048217773,,4.084399223327637,,5.213395595550537,,3.8250889778137207,,,,,,,,,,,,,,,,,,,,,,,,,,
45,,,,,,,,,,,,780,,,,,,,,,,,,,,,,,,,,,17.347515106201172,,4.037075042724609,,4.223797798156738,,5.153445243835449,,3.933196544647217,,,,,,,,,,,,,,,,,,,,,,,,,,
45,,,,,,,,,,,,781,,,,,,,,,,,,,,,,,,,,,10.82033634185791,,2.4278008937835693,,2.5919837951660156,,3.3101351261138916,,2.4904162883758545,,,,,,,,,,,,,,,,,,,,,,,,,,
,,,,,,,,,,,,45,,,,,,,,,,,,,,,,,,,,,,,,,,,,,,,,,,,,,,,,,,,,,,,,,,,,,,,15.550546646118164
45,,,,,,,,,,,,781,,,,,,,,,,,,,,,,,,,,,,,,,,,,,,,,,,,,,0.5849999785423279,0.8799999952316284,2.5017175674438477,3.0157852172851562,3.0959715843200684,2.8182010650634766,4.118870735168457,0.32499998807907104,0.2150000035762787,0.22499999403953552,0.28999999165534973,0.11500000208616257,0.6850000023841858,0.6000000238418579,0.5099999904632568,0.5550000071525574,0.33000001311302185,15.550546646118164,
45,,,,,,16540.0,,,,,,781,,,,,,,,,,,,,,,,,,,,17.305744171142578,,3.9175734519958496,,4.121067047119141,,5.449686527252197,,3.817417621612549,,,,0.44885125756263733,0.4194377064704895,0.12046553194522858,0.46188032627105713,0.466565877199173,,,,,,,,,,,,,,,,,,,
46,,,,,,,,,,,,782,,,,,,,,,,,,,,,,,,,,,17.605754852294922,,3.855490207672119,,4.129563331604004,,5.845189094543457,,3.7755115032196045,,,,,,,,,,,,,,,,,,,,,,,,,,
46,,,,,,,,,,,,783,,,,,,,,,,,,,,,,,,,,,16.64202880859375,,3.7706618309020996,,4.032052040100098,,5.131089210510254,,3.708224296569824,,,,,,,,,,,,,,,,,,,,,,,,,,
46,,,,,,,,,,,,784,,,,,,,,,,,,,,,,,,,,,17.104095458984375,,3.9809932708740234,,4.204496383666992,,5.034017562866211,,3.8845877647399902,,,,,,,,,,,,,,,,,,,,,,,,,,
46,,,,,,,,,,,,785,,,,,,,,,,,,,,,,,,,,,16.96910858154297,,3.9415197372436523,,4.146602630615234,,5.051423072814941,,3.8295626640319824,,,,,,,,,,,,,,,,,,,,,,,,,,
46,,,,,,,,,,,,786,,,,,,,,,,,,,,,,,,,,,16.860456466674805,,3.9139742851257324,,4.086895942687988,,5.057934761047363,,3.8016517162323,,,,,,,,,,,,,,,,,,,,,,,,,,
46,,,,,,,,,,,,787,,,,,,,,,,,,,,,,,,,,,17.33501434326172,,3.9992918968200684,,4.219964027404785,,5.195609092712402,,3.9201502799987793,,,,,,,,,,,,,,,,,,,,,,,,,,
46,,,,,,,,,,,,788,,,,,,,,,,,,,,,,,,,,,17.166648864746094,,3.7490859031677246,,3.954379081726074,,5.831759452819824,,3.6314241886138916,,,,,,,,,,,,,,,,,,,,,,,,,,
46,,,,,,,,,,,,789,,,,,,,,,,,,,,,,,,,,,16.66179084777832,,3.75258731842041,,4.035713195800781,,5.179930210113525,,3.6935601234436035,,,,,,,,,,,,,,,,,,,,,,,,,,
46,,,,,,,,,,,,790,,,,,,,,,,,,,,,,,,,,,17.47119140625,,3.8088276386260986,,4.017287254333496,,5.914582252502441,,3.730494260787964,,,,,,,,,,,,,,,,,,,,,,,,,,
46,,,,,,,,,,,,791,,,,,,,,,,,,,,,,,,,,,17.283323287963867,,3.770969867706299,,4.0230255126953125,,5.800128936767578,,3.6891984939575195,,,,,,,,,,,,,,,,,,,,,,,,,,
46,,,,,,,,,,,,792,,,,,,,,,,,,,,,,,,,,,16.823387145996094,,3.8265879154205322,,4.086083889007568,,5.139634609222412,,3.771080493927002,,,,,,,,,,,,,,,,,,,,,,,,,,
46,,,,,,,,,,,,793,,,,,,,,,,,,,,,,,,,,,17.1695556640625,,3.9434750080108643,,4.1503987312316895,,5.2086286544799805,,3.8670544624328613,,,,,,,,,,,,,,,,,,,,,,,,,,
46,,,,,,,,,,,,794,,,,,,,,,,,,,,,,,,,,,17.317535400390625,,4.015932559967041,,4.180217742919922,,5.228695869445801,,3.892688512802124,,,,,,,,,,,,,,,,,,,,,,,,,,
46,,,,,,,,,,,,795,,,,,,,,,,,,,,,,,,,,,17.99726676940918,,3.9982686042785645,,4.168959617614746,,5.940983772277832,,3.889055013656616,,,,,,,,,,,,,,,,,,,,,,,,,,
46,,,,,,,,,,,,796,,,,,,,,,,,,,,,,,,,,,18.267333984375,,4.072961330413818,,4.2514190673828125,,6.0089216232299805,,3.934032917022705,,,,,,,,,,,,,,,,,,,,,,,,,,
46,,,,,,,,,,,,797,,,,,,,,,,,,,,,,,,,,,16.93684196472168,,3.922024726867676,,4.095518112182617,,5.135837078094482,,3.783461570739746,,,,,,,,,,,,,,,,,,,,,,,,,,
46,,,,,,,,,,,,798,,,,,,,,,,,,,,,,,,,,,11.132280349731445,,2.5306484699249268,,2.748910903930664,,3.3438425064086914,,2.508878707885742,,,,,,,,,,,,,,,,,,,,,,,,,,
,,,,,,,,,,,,46,,,,,,,,,,,,,,,,,,,,,,,,,,,,,,,,,,,,,,,,,,,,,,,,,,,,,,,15.554061889648438
46,,,,,,,,,,,,798,,,,,,,,,,,,,,,,,,,,,,,,,,,,,,,,,,,,,0.5849999785423279,0.8799999952316284,2.546274185180664,3.0048482418060303,3.0099072456359863,2.874277353286743,4.118754863739014,0.30000001192092896,0.20499999821186066,0.23999999463558197,0.25999999046325684,0.11999999731779099,0.6800000071525574,0.5849999785423279,0.5350000262260437,0.574999988079071,0.33500000834465027,15.554062843322754,
46,,,,,,16540.0,,,,,,798,,,,,,,,,,,,,,,,,,,,17.168235778808594,,3.882295846939087,,4.098560333251953,,5.399450302124023,,3.7879300117492676,,,,0.45498794317245483,0.4218561351299286,0.1287182718515396,0.4651451110839844,0.4670797884464264,,,,,,,,,,,,,,,,,,,
47,,,,,,,,,,,,799,,,,,,,,,,,,,,,,,,,,,17.623868942260742,,3.877101421356201,,4.123177528381348,,5.85558557510376,,3.7680046558380127,,,,,,,,,,,,,,,,,,,,,,,,,,
47,,,,,,,,,,,,800,,,,,,,,,,,,,,,,,,,,,16.45539665222168,,3.753373146057129,,3.959580898284912,,5.085491180419922,,3.656951427459717,,,,,,,,,,,,,,,,,,,,,,,,,,
47,,,,,,,,,,,,801,,,,,,,,,,,,,,,,,,,,,17.54430389404297,,3.8423585891723633,,4.053774833679199,,5.882174491882324,,3.7659964561462402,,,,,,,,,,,,,,,,,,,,,,,,,,
47,,,,,,,,,,,,802,,,,,,,,,,,,,,,,,,,,,16.785003662109375,,3.873459815979004,,4.05673885345459,,5.035874843597412,,3.818930149078369,,,,,,,,,,,,,,,,,,,,,,,,,,
47,,,,,,,,,,,,803,,,,,,,,,,,,,,,,,,,,,16.92014503479004,,3.9195032119750977,,4.145833492279053,,5.017775058746338,,3.83703351020813,,,,,,,,,,,,,,,,,,,,,,,,,,
47,,,,,,,,,,,,804,,,,,,,,,,,,,,,,,,,,,16.505586624145508,,3.758969306945801,,3.967949867248535,,5.0953593254089355,,3.6833088397979736,,,,,,,,,,,,,,,,,,,,,,,,,,
47,,,,,,,,,,,,805,,,,,,,,,,,,,,,,,,,,,16.954814910888672,,3.933281421661377,,4.17657995223999,,5.017422676086426,,3.8275296688079834,,,,,,,,,,,,,,,,,,,,,,,,,,
47,,,,,,,,,,,,806,,,,,,,,,,,,,,,,,,,,,17.10077667236328,,3.977057456970215,,4.1638407707214355,,5.071778297424316,,3.8881008625030518,,,,,,,,,,,,,,,,,,,,,,,,,,
47,,,,,,,,,,,,807,,,,,,,,,,,,,,,,,,,,,17.59185028076172,,3.8659019470214844,,4.049666881561279,,5.856351852416992,,3.8199303150177,,,,,,,,,,,,,,,,,,,,,,,,,,
47,,,,,,,,,,,,808,,,,,,,,,,,,,,,,,,,,,16.97224235534668,,3.878732681274414,,4.132053375244141,,5.152900695800781,,3.808555841445923,,,,,,,,,,,,,,,,,,,,,,,,,,
47,,,,,,,,,,,,809,,,,,,,,,,,,,,,,,,,,,17.59610939025879,,3.8682823181152344,,4.096495628356934,,5.819324970245361,,3.8120059967041016,,,,,,,,,,,,,,,,,,,,,,,,,,
47,,,,,,,,,,,,810,,,,,,,,,,,,,,,,,,,,,16.796207427978516,,3.8680508136749268,,4.0693583488464355,,5.062536716461182,,3.796262741088867,,,,,,,,,,,,,,,,,,,,,,,,,,
47,,,,,,,,,,,,811,,,,,,,,,,,,,,,,,,,,,16.57351303100586,,3.818079710006714,,4.029364109039307,,5.002133369445801,,3.723935127258301,,,,,,,,,,,,,,,,,,,,,,,,,,
47,,,,,,,,,,,,812,,,,,,,,,,,,,,,,,,,,,16.329559326171875,,3.7443931102752686,,3.960116147994995,,5.023294448852539,,3.601755142211914,,,,,,,,,,,,,,,,,,,,,,,,,,
47,,,,,,,,,,,,813,,,,,,,,,,,,,,,,,,,,,16.859233856201172,,3.893033981323242,,4.143956184387207,,5.011346817016602,,3.810896635055542,,,,,,,,,,,,,,,,,,,,,,,,,,
47,,,,,,,,,,,,814,,,,,,,,,,,,,,,,,,,,,16.833406448364258,,3.950129508972168,,4.115116596221924,,4.9432148933410645,,3.8249449729919434,,,,,,,,,,,,,,,,,,,,,,,,,,
47,,,,,,,,,,,,815,,,,,,,,,,,,,,,,,,,,,11.350192070007324,,2.5959904193878174,,2.760328769683838,,3.3683981895446777,,2.625474452972412,,,,,,,,,,,,,,,,,,,,,,,,,,
,,,,,,,,,,,,47,,,,,,,,,,,,,,,,,,,,,,,,,,,,,,,,,,,,,,,,,,,,,,,,,,,,,,,15.744451522827148
47,,,,,,,,,,,,815,,,,,,,,,,,,,,,,,,,,,,,,,,,,,,,,,,,,,0.5649999976158142,0.8650000095367432,2.5648353099823,3.185910701751709,3.0473804473876953,2.828242301940918,4.1180830001831055,0.3050000071525574,0.2199999988079071,0.23000000417232513,0.2800000011920929,0.11500000208616257,0.6549999713897705,0.5299999713897705,0.5149999856948853,0.6000000238418579,0.32499998807907104,15.744451522827148,
47,,,,,,16540.0,,,,,,815,,,,,,,,,,,,,,,,,,,,16.912168502807617,,3.8518989086151123,,4.065299987792969,,5.2280778884887695,,3.7668910026550293,,,,0.45674124360084534,0.4247279167175293,0.14093106985092163,0.46399635076522827,0.4735186994075775,,,,,,,,,,,,,,,,,,,
48,,,,,,,,,,,,816,,,,,,,,,,,,,,,,,,,,,16.306655883789062,,3.792267322540283,,3.9796555042266846,,4.851365089416504,,3.6833677291870117,,,,,,,,,,,,,,,,,,,,,,,,,,
48,,,,,,,,,,,,817,,,,,,,,,,,,,,,,,,,,,16.48417854309082,,3.847116231918335,,4.0072526931762695,,4.929418087005615,,3.7003917694091797,,,,,,,,,,,,,,,,,,,,,,,,,,
48,,,,,,,,,,,,818,,,,,,,,,,,,,,,,,,,,,16.48554229736328,,3.8229808807373047,,4.014927864074707,,4.929251670837402,,3.7183823585510254,,,,,,,,,,,,,,,,,,,,,,,,,,
48,,,,,,,,,,,,819,,,,,,,,,,,,,,,,,,,,,16.946359634399414,,3.9198193550109863,,4.110337734222412,,5.055880069732666,,3.860323429107666,,,,,,,,,,,,,,,,,,,,,,,,,,
48,,,,,,,,,,,,820,,,,,,,,,,,,,,,,,,,,,16.941843032836914,,3.9163899421691895,,4.096635818481445,,5.055285930633545,,3.8735311031341553,,,,,,,,,,,,,,,,,,,,,,,,,,
48,,,,,,,,,,,,821,,,,,,,,,,,,,,,,,,,,,16.57958984375,,3.854546546936035,,4.060366630554199,,4.89851188659668,,3.7661643028259277,,,,,,,,,,,,,,,,,,,,,,,,,,
48,,,,,,,,,,,,822,,,,,,,,,,,,,,,,,,,,,16.472518920898438,,3.7937755584716797,,4.0515899658203125,,4.916715621948242,,3.7104380130767822,,,,,,,,,,,,,,,,,,,,,,,,,,
48,,,,,,,,,,,,823,,,,,,,,,,,,,,,,,,,,,16.31317138671875,,3.772697925567627,,3.9241645336151123,,4.974431991577148,,3.6418774127960205,,,,,,,,,,,,,,,,,,,,,,,,,,
48,,,,,,,,,,,,824,,,,,,,,,,,,,,,,,,,,,16.996370315551758,,3.9832260608673096,,4.106909275054932,,5.028629779815674,,3.87760591506958,,,,,,,,,,,,,,,,,,,,,,,,,,
48,,,,,,,,,,,,825,,,,,,,,,,,,,,,,,,,,,16.20543098449707,,3.7151529788970947,,3.9550530910491943,,4.897397518157959,,3.6378278732299805,,,,,,,,,,,,,,,,,,,,,,,,,,
48,,,,,,,,,,,,826,,,,,,,,,,,,,,,,,,,,,17.250965118408203,,3.833749771118164,,3.9988365173339844,,5.710444450378418,,3.707934856414795,,,,,,,,,,,,,,,,,,,,,,,,,,
48,,,,,,,,,,,,827,,,,,,,,,,,,,,,,,,,,,18.013954162597656,,3.993589401245117,,4.194642066955566,,5.8767523765563965,,3.948969602584839,,,,,,,,,,,,,,,,,,,,,,,,,,
48,,,,,,,,,,,,828,,,,,,,,,,,,,,,,,,,,,16.56600570678711,,3.816951036453247,,4.022997856140137,,5.015979766845703,,3.710075855255127,,,,,,,,,,,,,,,,,,,,,,,,,,
48,,,,,,,,,,,,829,,,,,,,,,,,,,,,,,,,,,16.642871856689453,,3.8385534286499023,,4.082035541534424,,4.995565414428711,,3.7267165184020996,,,,,,,,,,,,,,,,,,,,,,,,,,
48,,,,,,,,,,,,830,,,,,,,,,,,,,,,,,,,,,16.448711395263672,,3.73081111907959,,3.972153425216675,,5.081787586212158,,3.6639585494995117,,,,,,,,,,,,,,,,,,,,,,,,,,
48,,,,,,,,,,,,831,,,,,,,,,,,,,,,,,,,,,16.327165603637695,,3.77956223487854,,4.028598785400391,,4.811656475067139,,3.7073488235473633,,,,,,,,,,,,,,,,,,,,,,,,,,
48,,,,,,,,,,,,832,,,,,,,,,,,,,,,,,,,,,11.446209907531738,,2.714390754699707,,2.8837461471557617,,3.0617713928222656,,2.786301612854004,,,,,,,,,,,,,,,,,,,,,,,,,,
,,,,,,,,,,,,48,,,,,,,,,,,,,,,,,,,,,,,,,,,,,,,,,,,,,,,,,,,,,,,,,,,,,,,15.651784896850586
48,,,,,,,,,,,,832,,,,,,,,,,,,,,,,,,,,,,,,,,,,,,,,,,,,,0.5649999976158142,0.8700000047683716,2.5536718368530273,3.082674026489258,3.042097568511963,2.8532750606536865,4.120067119598389,0.3050000071525574,0.1850000023841858,0.23999999463558197,0.25999999046325684,0.11999999731779099,0.6700000166893005,0.5649999976158142,0.5149999856948853,0.5550000071525574,0.32499998807907104,15.651784896850586,
48,,,,,,16540.0,,,,,,832,,,,,,,,,,,,,,,,,,,,16.63690948486328,,3.8276000022888184,,4.026999473571777,,5.045429229736328,,3.7368814945220947,,,,0.4577992856502533,0.42929261922836304,0.15374848246574402,0.46717050671577454,0.4721886217594147,,,,,,,,,,,,,,,,,,,
49,,,,,,,,,,,,833,,,,,,,,,,,,,,,,,,,,,16.979942321777344,,3.6992745399475098,,3.912592887878418,,5.75059700012207,,3.617478370666504,,,,,,,,,,,,,,,,,,,,,,,,,,
49,,,,,,,,,,,,834,,,,,,,,,,,,,,,,,,,,,16.836627960205078,,3.934349536895752,,4.133319854736328,,4.883042812347412,,3.8859152793884277,,,,,,,,,,,,,,,,,,,,,,,,,,
49,,,,,,,,,,,,835,,,,,,,,,,,,,,,,,,,,,17.237194061279297,,3.8112454414367676,,3.9451076984405518,,5.774286270141602,,3.7065558433532715,,,,,,,,,,,,,,,,,,,,,,,,,,
49,,,,,,,,,,,,836,,,,,,,,,,,,,,,,,,,,,17.44723892211914,,3.8572897911071777,,4.039205074310303,,5.796348571777344,,3.7543954849243164,,,,,,,,,,,,,,,,,,,,,,,,,,
49,,,,,,,,,,,,837,,,,,,,,,,,,,,,,,,,,,16.239187240600586,,3.7343621253967285,,3.924772262573242,,4.9550933837890625,,3.624959945678711,,,,,,,,,,,,,,,,,,,,,,,,,,
49,,,,,,,,,,,,838,,,,,,,,,,,,,,,,,,,,,17.681259155273438,,3.934605598449707,,4.089225769042969,,5.781902313232422,,3.875525951385498,,,,,,,,,,,,,,,,,,,,,,,,,,
49,,,,,,,,,,,,839,,,,,,,,,,,,,,,,,,,,,17.33489990234375,,3.805960178375244,,3.9693470001220703,,5.823902606964111,,3.7356908321380615,,,,,,,,,,,,,,,,,,,,,,,,,,
49,,,,,,,,,,,,840,,,,,,,,,,,,,,,,,,,,,16.17009925842285,,3.7310776710510254,,3.9745888710021973,,4.805362701416016,,3.6590704917907715,,,,,,,,,,,,,,,,,,,,,,,,,,
49,,,,,,,,,,,,841,,,,,,,,,,,,,,,,,,,,,17.18132781982422,,4.016941547393799,,4.236721038818359,,4.956633567810059,,3.97103214263916,,,,,,,,,,,,,,,,,,,,,,,,,,
49,,,,,,,,,,,,842,,,,,,,,,,,,,,,,,,,,,15.991081237792969,,3.697415828704834,,3.9335412979125977,,4.7478790283203125,,3.612245559692383,,,,,,,,,,,,,,,,,,,,,,,,,,
49,,,,,,,,,,,,843,,,,,,,,,,,,,,,,,,,,,16.374736785888672,,3.788132429122925,,4.007730484008789,,4.853438377380371,,3.725435495376587,,,,,,,,,,,,,,,,,,,,,,,,,,
49,,,,,,,,,,,,844,,,,,,,,,,,,,,,,,,,,,17.09612464904785,,3.755242347717285,,3.9298033714294434,,5.724695205688477,,3.686384439468384,,,,,,,,,,,,,,,,,,,,,,,,,,
49,,,,,,,,,,,,845,,,,,,,,,,,,,,,,,,,,,17.611968994140625,,3.928462266921997,,4.110281944274902,,5.721163272857666,,3.8520612716674805,,,,,,,,,,,,,,,,,,,,,,,,,,
49,,,,,,,,,,,,846,,,,,,,,,,,,,,,,,,,,,16.095731735229492,,3.733445405960083,,3.9765889644622803,,4.778878211975098,,3.606818675994873,,,,,,,,,,,,,,,,,,,,,,,,,,
49,,,,,,,,,,,,847,,,,,,,,,,,,,,,,,,,,,17.32135581970215,,3.831721782684326,,4.024417400360107,,5.738853454589844,,3.7263638973236084,,,,,,,,,,,,,,,,,,,,,,,,,,
49,,,,,,,,,,,,848,,,,,,,,,,,,,,,,,,,,,16.39889144897461,,3.7986950874328613,,4.000626087188721,,4.904048442840576,,3.695521354675293,,,,,,,,,,,,,,,,,,,,,,,,,,
49,,,,,,,,,,,,849,,,,,,,,,,,,,,,,,,,,,9.378473281860352,,2.15293025970459,,2.185347557067871,,2.9566736221313477,,2.083522081375122,,,,,,,,,,,,,,,,,,,,,,,,,,
,,,,,,,,,,,,49,,,,,,,,,,,,,,,,,,,,,,,,,,,,,,,,,,,,,,,,,,,,,,,,,,,,,,,15.702407836914062
49,,,,,,,,,,,,849,,,,,,,,,,,,,,,,,,,,,,,,,,,,,,,,,,,,,0.550000011920929,0.8550000190734863,2.5728073120117188,3.096445083618164,3.058486223220825,2.855555772781372,4.119112968444824,0.2849999964237213,0.1899999976158142,0.2150000035762787,0.25,0.11999999731779099,0.6399999856948853,0.5400000214576721,0.5249999761581421,0.5649999976158142,0.32499998807907104,15.702406883239746,
49,,,,,,16540.0,,,,,,849,,,,,,,,,,,,,,,,,,,,16.80415153503418,,3.8004515171051025,,3.9957542419433594,,5.290040016174316,,3.717904806137085,,,,0.45982468128204346,0.43382707238197327,0.15819226205348969,0.4693772792816162,0.469981849193573,,,,,,,,,,,,,,,,,,,
50,,,,,,,,,,,,850,,,,,,,,,,,,,,,,,,,,,15.932863235473633,,3.626249313354492,,3.841536521911621,,4.904323577880859,,3.56075382232666,,,,,,,,,,,,,,,,,,,,,,,,,,
50,,,,,,,,,,,,851,,,,,,,,,,,,,,,,,,,,,16.478965759277344,,3.833979845046997,,3.998279333114624,,4.881474018096924,,3.7652318477630615,,,,,,,,,,,,,,,,,,,,,,,,,,
50,,,,,,,,,,,,852,,,,,,,,,,,,,,,,,,,,,17.361522674560547,,3.811742067337036,,4.031141757965088,,5.754734039306641,,3.7639055252075195,,,,,,,,,,,,,,,,,,,,,,,,,,
50,,,,,,,,,,,,853,,,,,,,,,,,,,,,,,,,,,16.546268463134766,,3.859858512878418,,4.034124374389648,,4.831852436065674,,3.820432662963867,,,,,,,,,,,,,,,,,,,,,,,,,,
50,,,,,,,,,,,,854,,,,,,,,,,,,,,,,,,,,,17.151424407958984,,3.7748584747314453,,3.968702793121338,,5.673895835876465,,3.7339673042297363,,,,,,,,,,,,,,,,,,,,,,,,,,
50,,,,,,,,,,,,855,,,,,,,,,,,,,,,,,,,,,16.315715789794922,,3.8247852325439453,,3.9801738262176514,,4.816170692443848,,3.694586753845215,,,,,,,,,,,,,,,,,,,,,,,,,,
50,,,,,,,,,,,,856,,,,,,,,,,,,,,,,,,,,,16.20972442626953,,3.759246587753296,,3.978858470916748,,4.7855329513549805,,3.6860857009887695,,,,,,,,,,,,,,,,,,,,,,,,,,
50,,,,,,,,,,,,857,,,,,,,,,,,,,,,,,,,,,16.94598388671875,,3.765115976333618,,3.8998260498046875,,5.614069938659668,,3.6669719219207764,,,,,,,,,,,,,,,,,,,,,,,,,,
50,,,,,,,,,,,,858,,,,,,,,,,,,,,,,,,,,,16.109111785888672,,3.7179651260375977,,3.9229140281677246,,4.7758989334106445,,3.6923325061798096,,,,,,,,,,,,,,,,,,,,,,,,,,
50,,,,,,,,,,,,859,,,,,,,,,,,,,,,,,,,,,16.65798568725586,,3.933607578277588,,4.092656135559082,,4.8024373054504395,,3.829285144805908,,,,,,,,,,,,,,,,,,,,,,,,,,
50,,,,,,,,,,,,860,,,,,,,,,,,,,,,,,,,,,16.25509262084961,,3.7787764072418213,,3.952808380126953,,4.843535423278809,,3.6799726486206055,,,,,,,,,,,,,,,,,,,,,,,,,,
50,,,,,,,,,,,,861,,,,,,,,,,,,,,,,,,,,,16.63797378540039,,3.6761486530303955,,3.833080291748047,,5.55612850189209,,3.5726170539855957,,,,,,,,,,,,,,,,,,,,,,,,,,
50,,,,,,,,,,,,862,,,,,,,,,,,,,,,,,,,,,16.34697151184082,,3.8126273155212402,,3.9498395919799805,,4.855660438537598,,3.728844165802002,,,,,,,,,,,,,,,,,,,,,,,,,,
50,,,,,,,,,,,,863,,,,,,,,,,,,,,,,,,,,,16.54589080810547,,3.876932144165039,,4.060675621032715,,4.818739891052246,,3.7895426750183105,,,,,,,,,,,,,,,,,,,,,,,,,,
50,,,,,,,,,,,,864,,,,,,,,,,,,,,,,,,,,,16.310447692871094,,3.7946999073028564,,3.953049659729004,,4.835996150970459,,3.7267026901245117,,,,,,,,,,,,,,,,,,,,,,,,,,
50,,,,,,,,,,,,865,,,,,,,,,,,,,,,,,,,,,17.039201736450195,,3.741684913635254,,3.9545209407806396,,5.660331726074219,,3.682664394378662,,,,,,,,,,,,,,,,,,,,,,,,,,
50,,,,,,,,,,,,866,,,,,,,,,,,,,,,,,,,,,9.926365852355957,,2.404646635055542,,2.446214437484741,,2.713646650314331,,2.3618574142456055,,,,,,,,,,,,,,,,,,,,,,,,,,
,,,,,,,,,,,,50,,,,,,,,,,,,,,,,,,,,,,,,,,,,,,,,,,,,,,,,,,,,,,,,,,,,,,,15.57164478302002
50,,,,,,,,,,,,866,,,,,,,,,,,,,,,,,,,,,,,,,,,,,,,,,,,,,0.5849999785423279,0.8650000095367432,2.570065975189209,3.0617501735687256,2.9907655715942383,2.8299527168273926,4.119110107421875,0.3199999928474426,0.19499999284744263,0.25,0.25,0.11500000208616257,0.6499999761581421,0.5649999976158142,0.5649999976158142,0.5899999737739563,0.33000001311302185,15.571643829345703,
50,,,,,,16540.0,,,,,,866,,,,,,,,,,,,,,,,,,,,16.490324020385742,,3.7737317085266113,,3.951429843902588,,5.065778732299805,,3.699383020401001,,,,0.4608827233314514,0.4390266239643097,0.1699516326189041,0.47022369503974915,0.47025391459465027,,,,,,,,,,,,,,,,,,,
51,,,,,,,,,,,,867,,,,,,,,,,,,,,,,,,,,,16.60254669189453,,3.8924341201782227,,4.063868522644043,,4.802140712738037,,3.8441028594970703,,,,,,,,,,,,,,,,,,,,,,,,,,
51,,,,,,,,,,,,868,,,,,,,,,,,,,,,,,,,,,16.513046264648438,,3.895761251449585,,4.064576148986816,,4.739739418029785,,3.8129680156707764,,,,,,,,,,,,,,,,,,,,,,,,,,
51,,,,,,,,,,,,869,,,,,,,,,,,,,,,,,,,,,16.08343505859375,,3.711765766143799,,3.8769731521606445,,4.832836151123047,,3.6618595123291016,,,,,,,,,,,,,,,,,,,,,,,,,,
51,,,,,,,,,,,,870,,,,,,,,,,,,,,,,,,,,,16.397724151611328,,3.8283743858337402,,3.990370273590088,,4.822304725646973,,3.7566752433776855,,,,,,,,,,,,,,,,,,,,,,,,,,
51,,,,,,,,,,,,871,,,,,,,,,,,,,,,,,,,,,15.942195892333984,,3.684778928756714,,3.8813319206237793,,4.7569804191589355,,3.6191048622131348,,,,,,,,,,,,,,,,,,,,,,,,,,
51,,,,,,,,,,,,872,,,,,,,,,,,,,,,,,,,,,17.254192352294922,,3.8213510513305664,,4.003969669342041,,5.681267738342285,,3.747602939605713,,,,,,,,,,,,,,,,,,,,,,,,,,
51,,,,,,,,,,,,873,,,,,,,,,,,,,,,,,,,,,16.474925994873047,,3.8383374214172363,,4.065736770629883,,4.810473442077637,,3.7603774070739746,,,,,,,,,,,,,,,,,,,,,,,,,,
51,,,,,,,,,,,,874,,,,,,,,,,,,,,,,,,,,,16.49798583984375,,3.9123013019561768,,4.0806427001953125,,4.680866241455078,,3.8241758346557617,,,,,,,,,,,,,,,,,,,,,,,,,,
51,,,,,,,,,,,,875,,,,,,,,,,,,,,,,,,,,,17.010120391845703,,3.733370304107666,,3.9170312881469727,,5.689521312713623,,3.670196533203125,,,,,,,,,,,,,,,,,,,,,,,,,,
51,,,,,,,,,,,,876,,,,,,,,,,,,,,,,,,,,,16.049562454223633,,3.78578519821167,,3.964935541152954,,4.585419178009033,,3.7134218215942383,,,,,,,,,,,,,,,,,,,,,,,,,,
51,,,,,,,,,,,,877,,,,,,,,,,,,,,,,,,,,,15.80098819732666,,3.710547924041748,,3.898853302001953,,4.568930625915527,,3.6226561069488525,,,,,,,,,,,,,,,,,,,,,,,,,,
51,,,,,,,,,,,,878,,,,,,,,,,,,,,,,,,,,,15.944753646850586,,3.7319483757019043,,3.906756639480591,,4.629015922546387,,3.677032947540283,,,,,,,,,,,,,,,,,,,,,,,,,,
51,,,,,,,,,,,,879,,,,,,,,,,,,,,,,,,,,,16.657543182373047,,3.6390886306762695,,3.832407236099243,,5.597164154052734,,3.5888831615448,,,,,,,,,,,,,,,,,,,,,,,,,,
51,,,,,,,,,,,,880,,,,,,,,,,,,,,,,,,,,,16.68672752380371,,3.6516289710998535,,3.8275599479675293,,5.600959300994873,,3.606579303741455,,,,,,,,,,,,,,,,,,,,,,,,,,
51,,,,,,,,,,,,881,,,,,,,,,,,,,,,,,,,,,15.925506591796875,,3.7118635177612305,,3.857998847961426,,4.734761714935303,,3.620882034301758,,,,,,,,,,,,,,,,,,,,,,,,,,
51,,,,,,,,,,,,882,,,,,,,,,,,,,,,,,,,,,15.537399291992188,,3.5464091300964355,,3.7389442920684814,,4.771998882293701,,3.4800477027893066,,,,,,,,,,,,,,,,,,,,,,,,,,
51,,,,,,,,,,,,883,,,,,,,,,,,,,,,,,,,,,11.026065826416016,,2.6485276222229004,,2.6606621742248535,,3.0998635292053223,,2.6170122623443604,,,,,,,,,,,,,,,,,,,,,,,,,,
,,,,,,,,,,,,51,,,,,,,,,,,,,,,,,,,,,,,,,,,,,,,,,,,,,,,,,,,,,,,,,,,,,,,15.487590789794922
51,,,,,,,,,,,,883,,,,,,,,,,,,,,,,,,,,,,,,,,,,,,,,,,,,,0.574999988079071,0.8700000047683716,2.5527706146240234,3.038135290145874,2.973515033721924,2.804360866546631,4.118808746337891,0.3050000071525574,0.20999999344348907,0.25,0.2750000059604645,0.11500000208616257,0.6549999713897705,0.574999988079071,0.5799999833106995,0.5849999785423279,0.33000001311302185,15.487590789794922,
51,,,,,,16540.0,,,,,,883,,,,,,,,,,,,,,,,,,,,16.286083221435547,,3.7455391883850098,,3.9237210750579834,,4.93901252746582,,3.6778101921081543,,,,0.46590086817741394,0.44150543212890625,0.18155986070632935,0.47197702527046204,0.46478232741355896,,,,,,,,,,,,,,,,,,,
52,,,,,,,,,,,,884,,,,,,,,,,,,,,,,,,,,,15.735160827636719,,3.6348326206207275,,3.8431081771850586,,4.666452407836914,,3.5907678604125977,,,,,,,,,,,,,,,,,,,,,,,,,,
52,,,,,,,,,,,,885,,,,,,,,,,,,,,,,,,,,,16.56720733642578,,3.873746871948242,,4.064952373504639,,4.794244766235352,,3.834263324737549,,,,,,,,,,,,,,,,,,,,,,,,,,
52,,,,,,,,,,,,886,,,,,,,,,,,,,,,,,,,,,17.090478897094727,,3.7647175788879395,,3.975809335708618,,5.664999008178711,,3.684952735900879,,,,,,,,,,,,,,,,,,,,,,,,,,
52,,,,,,,,,,,,887,,,,,,,,,,,,,,,,,,,,,15.862337112426758,,3.694157123565674,,3.891160488128662,,4.654127597808838,,3.622891902923584,,,,,,,,,,,,,,,,,,,,,,,,,,
52,,,,,,,,,,,,888,,,,,,,,,,,,,,,,,,,,,16.230955123901367,,3.8086352348327637,,3.9611806869506836,,4.739536285400391,,3.7216033935546875,,,,,,,,,,,,,,,,,,,,,,,,,,
52,,,,,,,,,,,,889,,,,,,,,,,,,,,,,,,,,,17.456340789794922,,3.8991546630859375,,4.040322780609131,,5.676081657409668,,3.8407821655273438,,,,,,,,,,,,,,,,,,,,,,,,,,
52,,,,,,,,,,,,890,,,,,,,,,,,,,,,,,,,,,15.581954002380371,,3.5844104290008545,,3.7208824157714844,,4.759315490722656,,3.517345905303955,,,,,,,,,,,,,,,,,,,,,,,,,,
52,,,,,,,,,,,,891,,,,,,,,,,,,,,,,,,,,,15.89943790435791,,3.724456548690796,,3.890989303588867,,4.633133888244629,,3.650857925415039,,,,,,,,,,,,,,,,,,,,,,,,,,
52,,,,,,,,,,,,892,,,,,,,,,,,,,,,,,,,,,15.186135292053223,,3.4497125148773193,,3.673924684524536,,4.677845001220703,,3.384653091430664,,,,,,,,,,,,,,,,,,,,,,,,,,
52,,,,,,,,,,,,893,,,,,,,,,,,,,,,,,,,,,17.091930389404297,,3.762190580368042,,3.9078919887542725,,5.717757225036621,,3.7040913105010986,,,,,,,,,,,,,,,,,,,,,,,,,,
52,,,,,,,,,,,,894,,,,,,,,,,,,,,,,,,,,,16.018558502197266,,3.76580548286438,,3.913872480392456,,4.674592971801758,,3.664288282394409,,,,,,,,,,,,,,,,,,,,,,,,,,
52,,,,,,,,,,,,895,,,,,,,,,,,,,,,,,,,,,16.24532699584961,,3.821910858154297,,4.028113842010498,,4.64808464050293,,3.747218608856201,,,,,,,,,,,,,,,,,,,,,,,,,,
52,,,,,,,,,,,,896,,,,,,,,,,,,,,,,,,,,,15.84747314453125,,3.7361245155334473,,3.88873291015625,,4.586055278778076,,3.636561155319214,,,,,,,,,,,,,,,,,,,,,,,,,,
52,,,,,,,,,,,,897,,,,,,,,,,,,,,,,,,,,,15.413192749023438,,3.553664207458496,,3.719553232192993,,4.662267208099365,,3.4777073860168457,,,,,,,,,,,,,,,,,,,,,,,,,,
52,,,,,,,,,,,,898,,,,,,,,,,,,,,,,,,,,,16.512256622314453,,3.905986785888672,,4.020571708679199,,4.7960286140441895,,3.7896687984466553,,,,,,,,,,,,,,,,,,,,,,,,,,
52,,,,,,,,,,,,899,,,,,,,,,,,,,,,,,,,,,16.075185775756836,,3.782435894012451,,3.9583628177642822,,4.617085933685303,,3.7173004150390625,,,,,,,,,,,,,,,,,,,,,,,,,,
52,,,,,,,,,,,,900,,,,,,,,,,,,,,,,,,,,,12.377517700195312,,2.7841567993164062,,2.8655214309692383,,3.9963231086730957,,2.731515884399414,,,,,,,,,,,,,,,,,,,,,,,,,,
,,,,,,,,,,,,52,,,,,,,,,,,,,,,,,,,,,,,,,,,,,,,,,,,,,,,,,,,,,,,,,,,,,,,15.4146728515625
52,,,,,,,,,,,,900,,,,,,,,,,,,,,,,,,,,,,,,,,,,,,,,,,,,,0.5899999737739563,0.8999999761581421,2.49430513381958,3.102341890335083,2.925053358078003,2.7751076221466064,4.11786413192749,0.3149999976158142,0.22499999403953552,0.2750000059604645,0.2750000059604645,0.11500000208616257,0.6949999928474426,0.5799999833106995,0.5799999833106995,0.5849999785423279,0.32499998807907104,15.4146728515625,
52,,,,,,16540.0,,,,,,900,,,,,,,,,,,,,,,,,,,,16.140047073364258,,3.726152181625366,,3.8963985443115234,,4.864707946777344,,3.652787685394287,,,,0.4671402871608734,0.44425636529922485,0.18391777575016022,0.4724304974079132,0.4653264582157135,,,,,,,,,,,,,,,,,,,
53,,,,,,,,,,,,901,,,,,,,,,,,,,,,,,,,,,15.740706443786621,,3.630608081817627,,3.822782278060913,,4.720924377441406,,3.566391944885254,,,,,,,,,,,,,,,,,,,,,,,,,,
53,,,,,,,,,,,,902,,,,,,,,,,,,,,,,,,,,,15.952239036560059,,3.7049832344055176,,3.8970136642456055,,4.699997901916504,,3.65024471282959,,,,,,,,,,,,,,,,,,,,,,,,,,
53,,,,,,,,,,,,903,,,,,,,,,,,,,,,,,,,,,15.389225006103516,,3.6094532012939453,,3.7806875705718994,,4.461956977844238,,3.5371274948120117,,,,,,,,,,,,,,,,,,,,,,,,,,
53,,,,,,,,,,,,904,,,,,,,,,,,,,,,,,,,,,15.545714378356934,,3.5725550651550293,,3.7839746475219727,,4.668166160583496,,3.5210187435150146,,,,,,,,,,,,,,,,,,,,,,,,,,
53,,,,,,,,,,,,905,,,,,,,,,,,,,,,,,,,,,17.15395736694336,,3.786564826965332,,3.9710311889648438,,5.6722307205200195,,3.724130153656006,,,,,,,,,,,,,,,,,,,,,,,,,,
53,,,,,,,,,,,,906,,,,,,,,,,,,,,,,,,,,,16.244033813476562,,3.8591995239257812,,3.9417576789855957,,4.669808387756348,,3.7732696533203125,,,,,,,,,,,,,,,,,,,,,,,,,,
53,,,,,,,,,,,,907,,,,,,,,,,,,,,,,,,,,,16.038959503173828,,3.7646918296813965,,3.924985885620117,,4.647854328155518,,3.7014272212982178,,,,,,,,,,,,,,,,,,,,,,,,,,
53,,,,,,,,,,,,908,,,,,,,,,,,,,,,,,,,,,15.421972274780273,,3.5929322242736816,,3.7832746505737305,,4.523397445678711,,3.5223681926727295,,,,,,,,,,,,,,,,,,,,,,,,,,
53,,,,,,,,,,,,909,,,,,,,,,,,,,,,,,,,,,15.497796058654785,,3.5947635173797607,,3.7686829566955566,,4.626572608947754,,3.5077767372131348,,,,,,,,,,,,,,,,,,,,,,,,,,
53,,,,,,,,,,,,910,,,,,,,,,,,,,,,,,,,,,15.82284164428711,,3.7561984062194824,,3.879624605178833,,4.500998497009277,,3.6860203742980957,,,,,,,,,,,,,,,,,,,,,,,,,,
53,,,,,,,,,,,,911,,,,,,,,,,,,,,,,,,,,,15.911016464233398,,3.6732072830200195,,3.8188564777374268,,4.782013893127441,,3.63693904876709,,,,,,,,,,,,,,,,,,,,,,,,,,
53,,,,,,,,,,,,912,,,,,,,,,,,,,,,,,,,,,17.27998924255371,,3.818298816680908,,4.00466251373291,,5.7001800537109375,,3.756847620010376,,,,,,,,,,,,,,,,,,,,,,,,,,
53,,,,,,,,,,,,913,,,,,,,,,,,,,,,,,,,,,15.96437931060791,,3.7239346504211426,,3.905472755432129,,4.671454429626465,,3.6635172367095947,,,,,,,,,,,,,,,,,,,,,,,,,,
53,,,,,,,,,,,,914,,,,,,,,,,,,,,,,,,,,,16.082103729248047,,3.7608606815338135,,3.919640064239502,,4.693417549133301,,3.7081871032714844,,,,,,,,,,,,,,,,,,,,,,,,,,
53,,,,,,,,,,,,915,,,,,,,,,,,,,,,,,,,,,17.336467742919922,,3.8454878330230713,,4.020002365112305,,5.7066121101379395,,3.7643651962280273,,,,,,,,,,,,,,,,,,,,,,,,,,
53,,,,,,,,,,,,916,,,,,,,,,,,,,,,,,,,,,15.949506759643555,,3.7443642616271973,,3.925412893295288,,4.5713653564453125,,3.7083640098571777,,,,,,,,,,,,,,,,,,,,,,,,,,
53,,,,,,,,,,,,917,,,,,,,,,,,,,,,,,,,,,10.861806869506836,,2.3214526176452637,,2.4338531494140625,,3.76223087310791,,2.3442704677581787,,,,,,,,,,,,,,,,,,,,,,,,,,
,,,,,,,,,,,,53,,,,,,,,,,,,,,,,,,,,,,,,,,,,,,,,,,,,,,,,,,,,,,,,,,,,,,,15.276167869567871
53,,,,,,,,,,,,917,,,,,,,,,,,,,,,,,,,,,,,,,,,,,,,,,,,,,0.6000000238418579,0.8849999904632568,2.4747543334960938,3.103757858276367,2.7783994674682617,2.801204204559326,4.1180524826049805,0.3400000035762787,0.20000000298023224,0.28999999165534973,0.2750000059604645,0.11500000208616257,0.675000011920929,0.550000011920929,0.625,0.5699999928474426,0.32499998807907104,15.276167869567871,
53,,,,,,16540.0,,,,,,917,,,,,,,,,,,,,,,,,,,,16.033935546875,,3.7017393112182617,,3.870561122894287,,4.822216510772705,,3.639417886734009,,,,0.4681378901004791,0.44616082310676575,0.19156590104103088,0.47391167283058167,0.47022369503974915,,,,,,,,,,,,,,,,,,,
54,,,,,,,,,,,,918,,,,,,,,,,,,,,,,,,,,,16.13188362121582,,3.5364043712615967,,3.700758934020996,,5.434453964233398,,3.460266351699829,,,,,,,,,,,,,,,,,,,,,,,,,,
54,,,,,,,,,,,,919,,,,,,,,,,,,,,,,,,,,,17.020511627197266,,3.7908434867858887,,3.9468493461608887,,5.569026470184326,,3.7137928009033203,,,,,,,,,,,,,,,,,,,,,,,,,,
54,,,,,,,,,,,,920,,,,,,,,,,,,,,,,,,,,,15.887628555297852,,3.7117576599121094,,3.8716390132904053,,4.6586737632751465,,3.6455576419830322,,,,,,,,,,,,,,,,,,,,,,,,,,
54,,,,,,,,,,,,921,,,,,,,,,,,,,,,,,,,,,16.15559196472168,,3.504505157470703,,3.636721611022949,,5.569119930267334,,3.445244550704956,,,,,,,,,,,,,,,,,,,,,,,,,,
54,,,,,,,,,,,,922,,,,,,,,,,,,,,,,,,,,,15.85328483581543,,3.751415491104126,,3.8905487060546875,,4.523931980133057,,3.687389373779297,,,,,,,,,,,,,,,,,,,,,,,,,,
54,,,,,,,,,,,,923,,,,,,,,,,,,,,,,,,,,,15.841958999633789,,3.7264623641967773,,3.9400196075439453,,4.514873027801514,,3.6606040000915527,,,,,,,,,,,,,,,,,,,,,,,,,,
54,,,,,,,,,,,,924,,,,,,,,,,,,,,,,,,,,,15.03729248046875,,3.448482036590576,,3.633521556854248,,4.528714656829834,,3.4265732765197754,,,,,,,,,,,,,,,,,,,,,,,,,,
54,,,,,,,,,,,,925,,,,,,,,,,,,,,,,,,,,,17.098487854003906,,3.7922677993774414,,3.9676270484924316,,5.6074113845825195,,3.7311811447143555,,,,,,,,,,,,,,,,,,,,,,,,,,
54,,,,,,,,,,,,926,,,,,,,,,,,,,,,,,,,,,15.707429885864258,,3.713067054748535,,3.871699333190918,,4.486415863037109,,3.636247396469116,,,,,,,,,,,,,,,,,,,,,,,,,,
54,,,,,,,,,,,,927,,,,,,,,,,,,,,,,,,,,,16.127059936523438,,3.823312282562256,,4.002673149108887,,4.505797863006592,,3.795276403427124,,,,,,,,,,,,,,,,,,,,,,,,,,
54,,,,,,,,,,,,928,,,,,,,,,,,,,,,,,,,,,16.067035675048828,,3.8058276176452637,,3.922982692718506,,4.598311424255371,,3.7399144172668457,,,,,,,,,,,,,,,,,,,,,,,,,,
54,,,,,,,,,,,,929,,,,,,,,,,,,,,,,,,,,,16.15975570678711,,3.7945191860198975,,3.981682538986206,,4.650304794311523,,3.7332496643066406,,,,,,,,,,,,,,,,,,,,,,,,,,
54,,,,,,,,,,,,930,,,,,,,,,,,,,,,,,,,,,15.20114517211914,,3.562530994415283,,3.681933641433716,,4.4884467124938965,,3.468233108520508,,,,,,,,,,,,,,,,,,,,,,,,,,
54,,,,,,,,,,,,931,,,,,,,,,,,,,,,,,,,,,16.040260314941406,,3.8107750415802,,3.954318046569824,,4.496692657470703,,3.7784745693206787,,,,,,,,,,,,,,,,,,,,,,,,,,
54,,,,,,,,,,,,932,,,,,,,,,,,,,,,,,,,,,15.736774444580078,,3.6601758003234863,,3.892896890640259,,4.569605827331543,,3.614095687866211,,,,,,,,,,,,,,,,,,,,,,,,,,
54,,,,,,,,,,,,933,,,,,,,,,,,,,,,,,,,,,15.598633766174316,,3.6728689670562744,,3.801860809326172,,4.540872573852539,,3.58303165435791,,,,,,,,,,,,,,,,,,,,,,,,,,
54,,,,,,,,,,,,934,,,,,,,,,,,,,,,,,,,,,9.894793510437012,,2.4395761489868164,,2.35805082321167,,2.694135904312134,,2.4030306339263916,,,,,,,,,,,,,,,,,,,,,,,,,,
,,,,,,,,,,,,54,,,,,,,,,,,,,,,,,,,,,,,,,,,,,,,,,,,,,,,,,,,,,,,,,,,,,,,15.478219032287598
54,,,,,,,,,,,,934,,,,,,,,,,,,,,,,,,,,,,,,,,,,,,,,,,,,,0.6150000095367432,0.8799999952316284,2.4752588272094727,3.0501065254211426,2.994105339050293,2.839716911315918,4.1190314292907715,0.3499999940395355,0.2199999988079071,0.28999999165534973,0.2750000059604645,0.11500000208616257,0.6800000071525574,0.5600000023841858,0.6050000190734863,0.5899999737739563,0.32499998807907104,15.478219032287598,
54,,,,,,16540.0,,,,,,934,,,,,,,,,,,,,,,,,,,,15.921659469604492,,3.682243824005127,,3.8419792652130127,,4.77658748626709,,3.6208503246307373,,,,0.4693772792816162,0.4507254958152771,0.2060459554195404,0.4750906527042389,0.4704957604408264,,,,,,,,,,,,,,,,,,,
55,,,,,,,,,,,,935,,,,,,,,,,,,,,,,,,,,,15.886919021606445,,3.751293420791626,,3.856442928314209,,4.548927307128906,,3.730254650115967,,,,,,,,,,,,,,,,,,,,,,,,,,
55,,,,,,,,,,,,936,,,,,,,,,,,,,,,,,,,,,15.4392671585083,,3.615079402923584,,3.76969575881958,,4.505644798278809,,3.548847198486328,,,,,,,,,,,,,,,,,,,,,,,,,,
55,,,,,,,,,,,,937,,,,,,,,,,,,,,,,,,,,,15.94444751739502,,3.5104987621307373,,3.640662670135498,,5.373486518859863,,3.419799566268921,,,,,,,,,,,,,,,,,,,,,,,,,,
55,,,,,,,,,,,,938,,,,,,,,,,,,,,,,,,,,,16.042110443115234,,3.788501739501953,,3.9095683097839355,,4.635159015655518,,3.7088816165924072,,,,,,,,,,,,,,,,,,,,,,,,,,
55,,,,,,,,,,,,939,,,,,,,,,,,,,,,,,,,,,15.684638977050781,,3.7517075538635254,,3.872671604156494,,4.377810478210449,,3.6824493408203125,,,,,,,,,,,,,,,,,,,,,,,,,,
55,,,,,,,,,,,,940,,,,,,,,,,,,,,,,,,,,,16.30120086669922,,3.570251703262329,,3.773519992828369,,5.466374397277832,,3.491056442260742,,,,,,,,,,,,,,,,,,,,,,,,,,
55,,,,,,,,,,,,941,,,,,,,,,,,,,,,,,,,,,15.403787612915039,,3.6850924491882324,,3.8118019104003906,,4.300905704498291,,3.605988025665283,,,,,,,,,,,,,,,,,,,,,,,,,,
55,,,,,,,,,,,,942,,,,,,,,,,,,,,,,,,,,,15.776995658874512,,3.7463810443878174,,3.9155101776123047,,4.407863616943359,,3.707240581512451,,,,,,,,,,,,,,,,,,,,,,,,,,
55,,,,,,,,,,,,943,,,,,,,,,,,,,,,,,,,,,15.46003532409668,,3.661263942718506,,3.7766880989074707,,4.456151485443115,,3.565932273864746,,,,,,,,,,,,,,,,,,,,,,,,,,
55,,,,,,,,,,,,944,,,,,,,,,,,,,,,,,,,,,16.677350997924805,,3.7013661861419678,,3.814892292022705,,5.523176670074463,,3.6379165649414062,,,,,,,,,,,,,,,,,,,,,,,,,,
55,,,,,,,,,,,,945,,,,,,,,,,,,,,,,,,,,,15.169595718383789,,3.568936824798584,,3.718444347381592,,4.372548580169678,,3.5096664428710938,,,,,,,,,,,,,,,,,,,,,,,,,,
55,,,,,,,,,,,,946,,,,,,,,,,,,,,,,,,,,,16.69382095336914,,3.718137741088867,,3.8640213012695312,,5.483359336853027,,3.6283020973205566,,,,,,,,,,,,,,,,,,,,,,,,,,
55,,,,,,,,,,,,947,,,,,,,,,,,,,,,,,,,,,16.81073760986328,,3.7455358505249023,,3.8969218730926514,,5.474693298339844,,3.6935858726501465,,,,,,,,,,,,,,,,,,,,,,,,,,
55,,,,,,,,,,,,948,,,,,,,,,,,,,,,,,,,,,14.74215030670166,,3.417508602142334,,3.6361589431762695,,4.312710762023926,,3.3757717609405518,,,,,,,,,,,,,,,,,,,,,,,,,,
55,,,,,,,,,,,,949,,,,,,,,,,,,,,,,,,,,,16.187780380249023,,3.8616840839385986,,4.006016731262207,,4.522173881530762,,3.797905445098877,,,,,,,,,,,,,,,,,,,,,,,,,,
55,,,,,,,,,,,,950,,,,,,,,,,,,,,,,,,,,,16.57752227783203,,3.7052173614501953,,3.8421576023101807,,5.435541152954102,,3.5946075916290283,,,,,,,,,,,,,,,,,,,,,,,,,,
55,,,,,,,,,,,,951,,,,,,,,,,,,,,,,,,,,,11.169599533081055,,2.752903461456299,,2.8917503356933594,,2.7668871879577637,,2.758058547973633,,,,,,,,,,,,,,,,,,,,,,,,,,
,,,,,,,,,,,,55,,,,,,,,,,,,,,,,,,,,,,,,,,,,,,,,,,,,,,,,,,,,,,,,,,,,,,,15.585983276367188
55,,,,,,,,,,,,951,,,,,,,,,,,,,,,,,,,,,,,,,,,,,,,,,,,,,0.6050000190734863,0.8899999856948853,2.567824363708496,3.122363567352295,2.961219072341919,2.8160715103149414,4.118504524230957,0.3100000023841858,0.23999999463558197,0.2849999964237213,0.27000001072883606,0.11500000208616257,0.6650000214576721,0.5950000286102295,0.574999988079071,0.5899999737739563,0.32499998807907104,15.585984230041504,
55,,,,,,16540.0,,,,,,951,,,,,,,,,,,,,,,,,,,,15.880046844482422,,3.6662073135375977,,3.8103272914886475,,4.805373191833496,,3.5981390476226807,,,,0.4704957604408264,0.4549577236175537,0.21840991079807281,0.47684401273727417,0.4693772792816162,,,,,,,,,,,,,,,,,,,
56,,,,,,,,,,,,952,,,,,,,,,,,,,,,,,,,,,15.430364608764648,,3.6323161125183105,,3.8016672134399414,,4.425114154815674,,3.57126784324646,,,,,,,,,,,,,,,,,,,,,,,,,,
56,,,,,,,,,,,,953,,,,,,,,,,,,,,,,,,,,,15.553587913513184,,3.6718719005584717,,3.8205525875091553,,4.452456474304199,,3.6087071895599365,,,,,,,,,,,,,,,,,,,,,,,,,,
56,,,,,,,,,,,,954,,,,,,,,,,,,,,,,,,,,,15.90363883972168,,3.8190290927886963,,3.9046735763549805,,4.4131574630737305,,3.7667787075042725,,,,,,,,,,,,,,,,,,,,,,,,,,
56,,,,,,,,,,,,955,,,,,,,,,,,,,,,,,,,,,15.35673713684082,,3.593567371368408,,3.764740467071533,,4.439317226409912,,3.5591113567352295,,,,,,,,,,,,,,,,,,,,,,,,,,
56,,,,,,,,,,,,956,,,,,,,,,,,,,,,,,,,,,15.012749671936035,,3.4919135570526123,,3.6275150775909424,,4.440143585205078,,3.4531774520874023,,,,,,,,,,,,,,,,,,,,,,,,,,
56,,,,,,,,,,,,957,,,,,,,,,,,,,,,,,,,,,16.018173217773438,,3.5150489807128906,,3.704019546508789,,5.3040056228637695,,3.4950978755950928,,,,,,,,,,,,,,,,,,,,,,,,,,
56,,,,,,,,,,,,958,,,,,,,,,,,,,,,,,,,,,16.677452087402344,,3.7349600791931152,,3.8422117233276367,,5.421262264251709,,3.679018259048462,,,,,,,,,,,,,,,,,,,,,,,,,,
56,,,,,,,,,,,,959,,,,,,,,,,,,,,,,,,,,,15.551154136657715,,3.639662265777588,,3.8207437992095947,,4.505885124206543,,3.5848631858825684,,,,,,,,,,,,,,,,,,,,,,,,,,
56,,,,,,,,,,,,960,,,,,,,,,,,,,,,,,,,,,16.412050247192383,,3.661200761795044,,3.8015079498291016,,5.3591461181640625,,3.590195894241333,,,,,,,,,,,,,,,,,,,,,,,,,,
56,,,,,,,,,,,,961,,,,,,,,,,,,,,,,,,,,,15.218835830688477,,3.6170835494995117,,3.720428705215454,,4.330559730529785,,3.5507640838623047,,,,,,,,,,,,,,,,,,,,,,,,,,
56,,,,,,,,,,,,962,,,,,,,,,,,,,,,,,,,,,16.67340660095215,,3.7500429153442383,,3.8595104217529297,,5.406649112701416,,3.6572043895721436,,,,,,,,,,,,,,,,,,,,,,,,,,
56,,,,,,,,,,,,963,,,,,,,,,,,,,,,,,,,,,15.556861877441406,,3.667451858520508,,3.8384180068969727,,4.426680088043213,,3.624312162399292,,,,,,,,,,,,,,,,,,,,,,,,,,
56,,,,,,,,,,,,964,,,,,,,,,,,,,,,,,,,,,16.63357925415039,,3.704258918762207,,3.8468265533447266,,5.419166088104248,,3.663327693939209,,,,,,,,,,,,,,,,,,,,,,,,,,
56,,,,,,,,,,,,965,,,,,,,,,,,,,,,,,,,,,15.686029434204102,,3.743881940841675,,3.891561985015869,,4.359224796295166,,3.691361904144287,,,,,,,,,,,,,,,,,,,,,,,,,,
56,,,,,,,,,,,,966,,,,,,,,,,,,,,,,,,,,,15.304250717163086,,3.5975656509399414,,3.7000327110290527,,4.496753215789795,,3.5098989009857178,,,,,,,,,,,,,,,,,,,,,,,,,,
56,,,,,,,,,,,,967,,,,,,,,,,,,,,,,,,,,,15.480339050292969,,3.6657233238220215,,3.8747165203094482,,4.344289779663086,,3.595609188079834,,,,,,,,,,,,,,,,,,,,,,,,,,
56,,,,,,,,,,,,968,,,,,,,,,,,,,,,,,,,,,10.82859992980957,,2.369140148162842,,2.5022048950195312,,3.594074010848999,,2.36318039894104,,,,,,,,,,,,,,,,,,,,,,,,,,
,,,,,,,,,,,,56,,,,,,,,,,,,,,,,,,,,,,,,,,,,,,,,,,,,,,,,,,,,,,,,,,,,,,,15.705137252807617
56,,,,,,,,,,,,968,,,,,,,,,,,,,,,,,,,,,,,,,,,,,,,,,,,,,0.5849999785423279,0.875,2.5835299491882324,3.1058225631713867,2.9881644248962402,2.907904863357544,4.119715213775635,0.3149999976158142,0.20000000298023224,0.28999999165534973,0.25999999046325684,0.11999999731779099,0.6700000166893005,0.574999988079071,0.6050000190734863,0.574999988079071,0.32499998807907104,15.7051362991333,
56,,,,,,16540.0,,,,,,968,,,,,,,,,,,,,,,,,,,,15.73263168334961,,3.6444551944732666,,3.7889437675476074,,4.710854530334473,,3.5883774757385254,,,,0.4726722836494446,0.45447397232055664,0.22584640979766846,0.47793227434158325,0.4704655408859253,,,,,,,,,,,,,,,,,,,
57,,,,,,,,,,,,969,,,,,,,,,,,,,,,,,,,,,16.22349739074707,,3.599119186401367,,3.7380013465881348,,5.336265563964844,,3.5501110553741455,,,,,,,,,,,,,,,,,,,,,,,,,,
57,,,,,,,,,,,,970,,,,,,,,,,,,,,,,,,,,,15.03083610534668,,3.5816636085510254,,3.696411609649658,,4.224780082702637,,3.5279808044433594,,,,,,,,,,,,,,,,,,,,,,,,,,
57,,,,,,,,,,,,971,,,,,,,,,,,,,,,,,,,,,15.315022468566895,,3.6452860832214355,,3.7610955238342285,,4.341326713562012,,3.5673136711120605,,,,,,,,,,,,,,,,,,,,,,,,,,
57,,,,,,,,,,,,972,,,,,,,,,,,,,,,,,,,,,15.924955368041992,,3.831981658935547,,3.9519925117492676,,4.337527275085449,,3.8034539222717285,,,,,,,,,,,,,,,,,,,,,,,,,,
57,,,,,,,,,,,,973,,,,,,,,,,,,,,,,,,,,,15.939970016479492,,3.5195655822753906,,3.643893241882324,,5.302614212036133,,3.4738965034484863,,,,,,,,,,,,,,,,,,,,,,,,,,
57,,,,,,,,,,,,974,,,,,,,,,,,,,,,,,,,,,16.53830337524414,,3.705993413925171,,3.8196165561676025,,5.35582160949707,,3.6568727493286133,,,,,,,,,,,,,,,,,,,,,,,,,,
57,,,,,,,,,,,,975,,,,,,,,,,,,,,,,,,,,,14.67136001586914,,3.471968650817871,,3.6088666915893555,,4.192081451416016,,3.3984427452087402,,,,,,,,,,,,,,,,,,,,,,,,,,
57,,,,,,,,,,,,976,,,,,,,,,,,,,,,,,,,,,15.078774452209473,,3.615229606628418,,3.679025173187256,,4.246929168701172,,3.537590503692627,,,,,,,,,,,,,,,,,,,,,,,,,,
57,,,,,,,,,,,,977,,,,,,,,,,,,,,,,,,,,,15.305152893066406,,3.638805389404297,,3.765474319458008,,4.309276103973389,,3.591597318649292,,,,,,,,,,,,,,,,,,,,,,,,,,
57,,,,,,,,,,,,978,,,,,,,,,,,,,,,,,,,,,15.468313217163086,,3.6923575401306152,,3.8277029991149902,,4.295624732971191,,3.652627944946289,,,,,,,,,,,,,,,,,,,,,,,,,,
57,,,,,,,,,,,,979,,,,,,,,,,,,,,,,,,,,,15.334823608398438,,3.646066665649414,,3.7622134685516357,,4.34381103515625,,3.5827319622039795,,,,,,,,,,,,,,,,,,,,,,,,,,
57,,,,,,,,,,,,980,,,,,,,,,,,,,,,,,,,,,15.138045310974121,,3.619302272796631,,3.735132932662964,,4.2313337326049805,,3.552276611328125,,,,,,,,,,,,,,,,,,,,,,,,,,
57,,,,,,,,,,,,981,,,,,,,,,,,,,,,,,,,,,15.212865829467773,,3.5917444229125977,,3.743680953979492,,4.341388702392578,,3.5360522270202637,,,,,,,,,,,,,,,,,,,,,,,,,,
57,,,,,,,,,,,,982,,,,,,,,,,,,,,,,,,,,,15.565223693847656,,3.7344889640808105,,3.843066692352295,,4.309083461761475,,3.678584098815918,,,,,,,,,,,,,,,,,,,,,,,,,,
57,,,,,,,,,,,,983,,,,,,,,,,,,,,,,,,,,,15.122200965881348,,3.6497771739959717,,3.762186050415039,,4.14219856262207,,3.5680394172668457,,,,,,,,,,,,,,,,,,,,,,,,,,
57,,,,,,,,,,,,984,,,,,,,,,,,,,,,,,,,,,15.776701927185059,,3.7832298278808594,,3.9147043228149414,,4.376138687133789,,3.702629327774048,,,,,,,,,,,,,,,,,,,,,,,,,,
57,,,,,,,,,,,,985,,,,,,,,,,,,,,,,,,,,,9.601831436157227,,2.110605478286743,,2.2030692100524902,,3.1946520805358887,,2.0935044288635254,,,,,,,,,,,,,,,,,,,,,,,,,,
,,,,,,,,,,,,57,,,,,,,,,,,,,,,,,,,,,,,,,,,,,,,,,,,,,,,,,,,,,,,,,,,,,,,15.758817672729492
57,,,,,,,,,,,,985,,,,,,,,,,,,,,,,,,,,,,,,,,,,,,,,,,,,,0.5799999833106995,0.8700000047683716,2.5448827743530273,3.183004856109619,3.0899879932403564,2.821913957595825,4.119027614593506,0.3100000023841858,0.22499999403953552,0.2750000059604645,0.2750000059604645,0.11999999731779099,0.6850000023841858,0.5350000262260437,0.5899999737739563,0.5899999737739563,0.32499998807907104,15.758816719055176,
57,,,,,,16540.0,,,,,,985,,,,,,,,,,,,,,,,,,,,15.422456741333008,,3.6309351921081543,,3.75107741355896,,4.468260765075684,,3.57218337059021,,,,0.47249093651771545,0.459099143743515,0.24564693868160248,0.47877874970436096,0.4725514054298401,,,,,,,,,,,,,,,,,,,
58,,,,,,,,,,,,986,,,,,,,,,,,,,,,,,,,,,16.42304801940918,,3.704832077026367,,3.8129730224609375,,5.248403549194336,,3.6568398475646973,,,,,,,,,,,,,,,,,,,,,,,,,,
58,,,,,,,,,,,,987,,,,,,,,,,,,,,,,,,,,,15.390854835510254,,3.6678466796875,,3.801516532897949,,4.272871971130371,,3.6486191749572754,,,,,,,,,,,,,,,,,,,,,,,,,,
58,,,,,,,,,,,,988,,,,,,,,,,,,,,,,,,,,,14.83505916595459,,3.4828574657440186,,3.6059696674346924,,4.305146217346191,,3.4410862922668457,,,,,,,,,,,,,,,,,,,,,,,,,,
58,,,,,,,,,,,,989,,,,,,,,,,,,,,,,,,,,,15.07180118560791,,3.533670425415039,,3.692699432373047,,4.349008560180664,,3.4964230060577393,,,,,,,,,,,,,,,,,,,,,,,,,,
58,,,,,,,,,,,,990,,,,,,,,,,,,,,,,,,,,,15.371488571166992,,3.6677961349487305,,3.823662757873535,,4.266301155090332,,3.6137285232543945,,,,,,,,,,,,,,,,,,,,,,,,,,
58,,,,,,,,,,,,991,,,,,,,,,,,,,,,,,,,,,15.00959300994873,,3.6015801429748535,,3.711280345916748,,4.156416893005371,,3.5403153896331787,,,,,,,,,,,,,,,,,,,,,,,,,,
58,,,,,,,,,,,,992,,,,,,,,,,,,,,,,,,,,,15.287303924560547,,3.7002310752868652,,3.776930332183838,,4.16023063659668,,3.6499125957489014,,,,,,,,,,,,,,,,,,,,,,,,,,
58,,,,,,,,,,,,993,,,,,,,,,,,,,,,,,,,,,16.206531524658203,,3.6064066886901855,,3.753312349319458,,5.255265235900879,,3.591547966003418,,,,,,,,,,,,,,,,,,,,,,,,,,
58,,,,,,,,,,,,994,,,,,,,,,,,,,,,,,,,,,15.423171997070312,,3.7037038803100586,,3.8055739402770996,,4.2580037117004395,,3.6558902263641357,,,,,,,,,,,,,,,,,,,,,,,,,,
58,,,,,,,,,,,,995,,,,,,,,,,,,,,,,,,,,,14.96334171295166,,3.5412914752960205,,3.697037696838379,,4.235060691833496,,3.4899518489837646,,,,,,,,,,,,,,,,,,,,,,,,,,
58,,,,,,,,,,,,996,,,,,,,,,,,,,,,,,,,,,14.44369888305664,,3.4587438106536865,,3.6045615673065186,,4.007688045501709,,3.372706174850464,,,,,,,,,,,,,,,,,,,,,,,,,,
58,,,,,,,,,,,,997,,,,,,,,,,,,,,,,,,,,,14.831541061401367,,3.5645551681518555,,3.699878215789795,,4.078916549682617,,3.488191604614258,,,,,,,,,,,,,,,,,,,,,,,,,,
58,,,,,,,,,,,,998,,,,,,,,,,,,,,,,,,,,,16.551368713378906,,3.6923184394836426,,3.8019022941589355,,5.389394283294678,,3.667752742767334,,,,,,,,,,,,,,,,,,,,,,,,,,
58,,,,,,,,,,,,999,,,,,,,,,,,,,,,,,,,,,15.625321388244629,,3.747849464416504,,3.855355739593506,,4.368132591247559,,3.6539828777313232,,,,,,,,,,,,,,,,,,,,,,,,,,
58,,,,,,,,,,,,1000,,,,,,,,,,,,,,,,,,,,,16.230188369750977,,3.5890042781829834,,3.753037929534912,,5.294397354125977,,3.5937490463256836,,,,,,,,,,,,,,,,,,,,,,,,,,
58,,,,,,,,,,,,1001,,,,,,,,,,,,,,,,,,,,,14.988685607910156,,3.580090284347534,,3.6918601989746094,,4.209455490112305,,3.507279872894287,,,,,,,,,,,,,,,,,,,,,,,,,,
58,,,,,,,,,,,,1002,,,,,,,,,,,,,,,,,,,,,11.371831893920898,,2.596698760986328,,2.5865368843078613,,3.638291597366333,,2.550304412841797,,,,,,,,,,,,,,,,,,,,,,,,,,
,,,,,,,,,,,,58,,,,,,,,,,,,,,,,,,,,,,,,,,,,,,,,,,,,,,,,,,,,,,,,,,,,,,,15.564810752868652
58,,,,,,,,,,,,1002,,,,,,,,,,,,,,,,,,,,,,,,,,,,,,,,,,,,,0.5849999785423279,0.8700000047683716,2.530299663543701,3.113347053527832,2.9684982299804688,2.8332409858703613,4.119424343109131,0.3100000023841858,0.20000000298023224,0.28999999165534973,0.2750000059604645,0.11500000208616257,0.6800000071525574,0.5450000166893005,0.5849999785423279,0.6050000190734863,0.32499998807907104,15.564810752868652,
58,,,,,,16540.0,,,,,,1002,,,,,,,,,,,,,,,,,,,,15.377671241760254,,3.605567693710327,,3.7320644855499268,,4.482876777648926,,3.557162046432495,,,,0.4751209318637848,0.46079206466674805,0.25408104062080383,0.47905075550079346,0.4703143537044525,,,,,,,,,,,,,,,,,,,
59,,,,,,,,,,,,1003,,,,,,,,,,,,,,,,,,,,,14.654999732971191,,3.497894763946533,,3.625953435897827,,4.089511871337891,,3.4416396617889404,,,,,,,,,,,,,,,,,,,,,,,,,,
59,,,,,,,,,,,,1004,,,,,,,,,,,,,,,,,,,,,16.091327667236328,,3.581609010696411,,3.6883347034454346,,5.299674034118652,,3.5217108726501465,,,,,,,,,,,,,,,,,,,,,,,,,,
59,,,,,,,,,,,,1005,,,,,,,,,,,,,,,,,,,,,15.286615371704102,,3.6389012336730957,,3.766711473464966,,4.252625465393066,,3.6283774375915527,,,,,,,,,,,,,,,,,,,,,,,,,,
59,,,,,,,,,,,,1006,,,,,,,,,,,,,,,,,,,,,14.892045974731445,,3.530688762664795,,3.6457676887512207,,4.255743026733398,,3.4598464965820312,,,,,,,,,,,,,,,,,,,,,,,,,,
59,,,,,,,,,,,,1007,,,,,,,,,,,,,,,,,,,,,14.615008354187012,,3.477372169494629,,3.5899434089660645,,4.116911888122559,,3.430781364440918,,,,,,,,,,,,,,,,,,,,,,,,,,
59,,,,,,,,,,,,1008,,,,,,,,,,,,,,,,,,,,,15.121650695800781,,3.585196018218994,,3.72544002532959,,4.266408443450928,,3.5446066856384277,,,,,,,,,,,,,,,,,,,,,,,,,,
59,,,,,,,,,,,,1009,,,,,,,,,,,,,,,,,,,,,14.857990264892578,,3.5538437366485596,,3.68263840675354,,4.114656448364258,,3.5068519115448,,,,,,,,,,,,,,,,,,,,,,,,,,
59,,,,,,,,,,,,1010,,,,,,,,,,,,,,,,,,,,,15.172990798950195,,3.6125106811523438,,3.738555908203125,,4.272285461425781,,3.549638509750366,,,,,,,,,,,,,,,,,,,,,,,,,,
59,,,,,,,,,,,,1011,,,,,,,,,,,,,,,,,,,,,16.489383697509766,,3.7090649604797363,,3.7783546447753906,,5.358680725097656,,3.643282890319824,,,,,,,,,,,,,,,,,,,,,,,,,,
59,,,,,,,,,,,,1012,,,,,,,,,,,,,,,,,,,,,15.496538162231445,,3.6905641555786133,,3.7967476844787598,,4.393994331359863,,3.615231990814209,,,,,,,,,,,,,,,,,,,,,,,,,,
59,,,,,,,,,,,,1013,,,,,,,,,,,,,,,,,,,,,15.208836555480957,,3.6612470149993896,,3.751387596130371,,4.188582420349121,,3.607619047164917,,,,,,,,,,,,,,,,,,,,,,,,,,
59,,,,,,,,,,,,1014,,,,,,,,,,,,,,,,,,,,,15.243097305297852,,3.6790904998779297,,3.788041114807129,,4.092155456542969,,3.6838104724884033,,,,,,,,,,,,,,,,,,,,,,,,,,
59,,,,,,,,,,,,1015,,,,,,,,,,,,,,,,,,,,,15.069379806518555,,3.592071294784546,,3.692002773284912,,4.2633891105651855,,3.521916151046753,,,,,,,,,,,,,,,,,,,,,,,,,,
59,,,,,,,,,,,,1016,,,,,,,,,,,,,,,,,,,,,15.390401840209961,,3.6956353187561035,,3.835625171661377,,4.227181911468506,,3.631958246231079,,,,,,,,,,,,,,,,,,,,,,,,,,
59,,,,,,,,,,,,1017,,,,,,,,,,,,,,,,,,,,,15.156254768371582,,3.6298375129699707,,3.7565293312072754,,4.197482109069824,,3.5724058151245117,,,,,,,,,,,,,,,,,,,,,,,,,,
59,,,,,,,,,,,,1018,,,,,,,,,,,,,,,,,,,,,16.148086547851562,,3.604799747467041,,3.723456859588623,,5.235384464263916,,3.584446430206299,,,,,,,,,,,,,,,,,,,,,,,,,,
59,,,,,,,,,,,,1019,,,,,,,,,,,,,,,,,,,,,8.97561264038086,,2.233722448348999,,2.226808547973633,,2.295246124267578,,2.2198352813720703,,,,,,,,,,,,,,,,,,,,,,,,,,
,,,,,,,,,,,,59,,,,,,,,,,,,,,,,,,,,,,,,,,,,,,,,,,,,,,,,,,,,,,,,,,,,,,,15.671049118041992
59,,,,,,,,,,,,1019,,,,,,,,,,,,,,,,,,,,,,,,,,,,,,,,,,,,,0.6050000190734863,0.875,2.561176061630249,3.128070592880249,3.039766311645508,2.8227133750915527,4.119321823120117,0.32499998807907104,0.23000000417232513,0.3050000071525574,0.27000001072883606,0.11500000208616257,0.6600000262260437,0.550000011920929,0.5950000286102295,0.5899999737739563,0.32499998807907104,15.671048164367676,
59,,,,,,16540.0,,,,,,1019,,,,,,,,,,,,,,,,,,,,15.246207237243652,,3.595801830291748,,3.7099714279174805,,4.394057273864746,,3.546377182006836,,,,0.4756046235561371,0.46330103278160095,0.26051995158195496,0.4801087975502014,0.46704956889152527,,,,,,,,,,,,,,,,,,,
60,,,,,,,,,,,,1020,,,,,,,,,,,,,,,,,,,,,14.164778709411621,,3.3212294578552246,,3.471118927001953,,4.075544357299805,,3.2968857288360596,,,,,,,,,,,,,,,,,,,,,,,,,,
60,,,,,,,,,,,,1021,,,,,,,,,,,,,,,,,,,,,15.363801956176758,,3.69285249710083,,3.8169751167297363,,4.189189910888672,,3.6647849082946777,,,,,,,,,,,,,,,,,,,,,,,,,,
60,,,,,,,,,,,,1022,,,,,,,,,,,,,,,,,,,,,16.46654510498047,,3.678910732269287,,3.807889938354492,,5.332898139953613,,3.646847724914551,,,,,,,,,,,,,,,,,,,,,,,,,,
60,,,,,,,,,,,,1023,,,,,,,,,,,,,,,,,,,,,14.192947387695312,,3.418959140777588,,3.559968948364258,,3.8748576641082764,,3.3391613960266113,,,,,,,,,,,,,,,,,,,,,,,,,,
60,,,,,,,,,,,,1024,,,,,,,,,,,,,,,,,,,,,16.269001007080078,,3.6260321140289307,,3.764443874359131,,5.257925033569336,,3.6206002235412598,,,,,,,,,,,,,,,,,,,,,,,,,,
60,,,,,,,,,,,,1025,,,,,,,,,,,,,,,,,,,,,15.04454231262207,,3.6416234970092773,,3.7411046028137207,,4.0556840896606445,,3.6061301231384277,,,,,,,,,,,,,,,,,,,,,,,,,,
60,,,,,,,,,,,,1026,,,,,,,,,,,,,,,,,,,,,15.16296672821045,,3.675027847290039,,3.7905385494232178,,4.049388885498047,,3.6480114459991455,,,,,,,,,,,,,,,,,,,,,,,,,,
60,,,,,,,,,,,,1027,,,,,,,,,,,,,,,,,,,,,15.958992958068848,,3.611259698867798,,3.6729421615600586,,5.144963264465332,,3.5298280715942383,,,,,,,,,,,,,,,,,,,,,,,,,,
60,,,,,,,,,,,,1028,,,,,,,,,,,,,,,,,,,,,15.112616539001465,,3.681300163269043,,3.786713123321533,,4.0026750564575195,,3.6419284343719482,,,,,,,,,,,,,,,,,,,,,,,,,,
60,,,,,,,,,,,,1029,,,,,,,,,,,,,,,,,,,,,15.344627380371094,,3.683204174041748,,3.7541117668151855,,4.255473613739014,,3.6518378257751465,,,,,,,,,,,,,,,,,,,,,,,,,,
60,,,,,,,,,,,,1030,,,,,,,,,,,,,,,,,,,,,15.019010543823242,,3.5415329933166504,,3.6784539222717285,,4.30584716796875,,3.4931764602661133,,,,,,,,,,,,,,,,,,,,,,,,,,
60,,,,,,,,,,,,1031,,,,,,,,,,,,,,,,,,,,,14.857194900512695,,3.544290542602539,,3.698472499847412,,4.088506698608398,,3.5259249210357666,,,,,,,,,,,,,,,,,,,,,,,,,,
60,,,,,,,,,,,,1032,,,,,,,,,,,,,,,,,,,,,14.925811767578125,,3.60792875289917,,3.6824679374694824,,4.0862884521484375,,3.549126148223877,,,,,,,,,,,,,,,,,,,,,,,,,,
60,,,,,,,,,,,,1033,,,,,,,,,,,,,,,,,,,,,14.6958589553833,,3.53605318069458,,3.636645555496216,,4.056794166564941,,3.4663658142089844,,,,,,,,,,,,,,,,,,,,,,,,,,
60,,,,,,,,,,,,1034,,,,,,,,,,,,,,,,,,,,,16.312570571899414,,3.656294345855713,,3.747358798980713,,5.3227314949035645,,3.5861856937408447,,,,,,,,,,,,,,,,,,,,,,,,,,
60,,,,,,,,,,,,1035,,,,,,,,,,,,,,,,,,,,,15.398560523986816,,3.4301908016204834,,3.5523924827575684,,5.038355827331543,,3.3776211738586426,,,,,,,,,,,,,,,,,,,,,,,,,,
60,,,,,,,,,,,,1036,,,,,,,,,,,,,,,,,,,,,10.265241622924805,,2.543517827987671,,2.626711368560791,,2.553539276123047,,2.541473388671875,,,,,,,,,,,,,,,,,,,,,,,,,,
,,,,,,,,,,,,60,,,,,,,,,,,,,,,,,,,,,,,,,,,,,,,,,,,,,,,,,,,,,,,,,,,,,,,15.483359336853027
60,,,,,,,,,,,,1036,,,,,,,,,,,,,,,,,,,,,,,,,,,,,,,,,,,,,0.6150000095367432,0.8849999904632568,2.5596370697021484,3.097066879272461,2.9153566360473633,2.7921934127807617,4.119104862213135,0.3149999976158142,0.2199999988079071,0.33000001311302185,0.28999999165534973,0.11500000208616257,0.6800000071525574,0.6100000143051147,0.6449999809265137,0.5849999785423279,0.32499998807907104,15.483359336853027,
60,,,,,,16540.0,,,,,,1036,,,,,,,,,,,,,,,,,,,,15.220928192138672,,3.5743534564971924,,3.687499523162842,,4.428219795227051,,3.530855417251587,,,,0.47726723551750183,0.4643894135951996,0.27240023016929626,0.4808948338031769,0.4670797884464264,,,,,,,,,,,,,,,,,,,
61,,,,,,,,,,,,1037,,,,,,,,,,,,,,,,,,,,,15.657849311828613,,3.4312093257904053,,3.545941114425659,,5.264945983886719,,3.415752410888672,,,,,,,,,,,,,,,,,,,,,,,,,,
61,,,,,,,,,,,,1038,,,,,,,,,,,,,,,,,,,,,15.091939926147461,,3.6807496547698975,,3.738475799560547,,4.032070636749268,,3.64064359664917,,,,,,,,,,,,,,,,,,,,,,,,,,
61,,,,,,,,,,,,1039,,,,,,,,,,,,,,,,,,,,,14.772353172302246,,3.494901180267334,,3.5713682174682617,,4.252617835998535,,3.4534661769866943,,,,,,,,,,,,,,,,,,,,,,,,,,
61,,,,,,,,,,,,1040,,,,,,,,,,,,,,,,,,,,,14.703200340270996,,3.5602076053619385,,3.640108346939087,,3.9973087310791016,,3.5055761337280273,,,,,,,,,,,,,,,,,,,,,,,,,,
61,,,,,,,,,,,,1041,,,,,,,,,,,,,,,,,,,,,14.34811782836914,,3.457282543182373,,3.6070749759674072,,3.8546700477600098,,3.429091215133667,,,,,,,,,,,,,,,,,,,,,,,,,,
61,,,,,,,,,,,,1042,,,,,,,,,,,,,,,,,,,,,14.530009269714355,,3.496340751647949,,3.6110100746154785,,3.989884376525879,,3.4327735900878906,,,,,,,,,,,,,,,,,,,,,,,,,,
61,,,,,,,,,,,,1043,,,,,,,,,,,,,,,,,,,,,14.517090797424316,,3.455502986907959,,3.577836751937866,,4.078203201293945,,3.405548095703125,,,,,,,,,,,,,,,,,,,,,,,,,,
61,,,,,,,,,,,,1044,,,,,,,,,,,,,,,,,,,,,14.628986358642578,,3.5191521644592285,,3.6687893867492676,,3.961679458618164,,3.479365348815918,,,,,,,,,,,,,,,,,,,,,,,,,,
61,,,,,,,,,,,,1045,,,,,,,,,,,,,,,,,,,,,15.887690544128418,,3.503751277923584,,3.632735252380371,,5.27895450592041,,3.4722495079040527,,,,,,,,,,,,,,,,,,,,,,,,,,
61,,,,,,,,,,,,1046,,,,,,,,,,,,,,,,,,,,,14.781207084655762,,3.5607783794403076,,3.685628890991211,,4.023810386657715,,3.5109896659851074,,,,,,,,,,,,,,,,,,,,,,,,,,
61,,,,,,,,,,,,1047,,,,,,,,,,,,,,,,,,,,,14.768597602844238,,3.5675981044769287,,3.658298969268799,,4.026740074157715,,3.515961170196533,,,,,,,,,,,,,,,,,,,,,,,,,,
61,,,,,,,,,,,,1048,,,,,,,,,,,,,,,,,,,,,14.55636978149414,,3.5786592960357666,,3.66280460357666,,3.8040919303894043,,3.5108139514923096,,,,,,,,,,,,,,,,,,,,,,,,,,
61,,,,,,,,,,,,1049,,,,,,,,,,,,,,,,,,,,,16.156497955322266,,3.6478819847106934,,3.786496162414551,,5.123183250427246,,3.598936080932617,,,,,,,,,,,,,,,,,,,,,,,,,,
61,,,,,,,,,,,,1050,,,,,,,,,,,,,,,,,,,,,15.205866813659668,,3.678852081298828,,3.779447555541992,,4.091578483581543,,3.6559886932373047,,,,,,,,,,,,,,,,,,,,,,,,,,
61,,,,,,,,,,,,1051,,,,,,,,,,,,,,,,,,,,,16.913745880126953,,3.845672845840454,,3.8748793601989746,,5.373647212982178,,3.8195457458496094,,,,,,,,,,,,,,,,,,,,,,,,,,
61,,,,,,,,,,,,1052,,,,,,,,,,,,,,,,,,,,,16.171356201171875,,3.6636767387390137,,3.7673118114471436,,5.125855445861816,,3.6145119667053223,,,,,,,,,,,,,,,,,,,,,,,,,,
61,,,,,,,,,,,,1053,,,,,,,,,,,,,,,,,,,,,10.818936347961426,,2.503800868988037,,2.4199328422546387,,3.468872547149658,,2.426330089569092,,,,,,,,,,,,,,,,,,,,,,,,,,
,,,,,,,,,,,,61,,,,,,,,,,,,,,,,,,,,,,,,,,,,,,,,,,,,,,,,,,,,,,,,,,,,,,,15.543054580688477
61,,,,,,,,,,,,1053,,,,,,,,,,,,,,,,,,,,,,,,,,,,,,,,,,,,,0.6000000238418579,0.8999999761581421,2.5603880882263184,3.144900321960449,2.8647425174713135,2.8532285690307617,4.119795322418213,0.28999999165534973,0.2150000035762787,0.30000001192092896,0.25999999046325684,0.11999999731779099,0.6800000071525574,0.574999988079071,0.6349999904632568,0.5849999785423279,0.32499998807907104,15.543054580688477,
61,,,,,,16540.0,,,,,,1053,,,,,,,,,,,,,,,,,,,,15.127158164978027,,3.56131911277771,,3.663670539855957,,4.38374137878418,,3.5184273719787598,,,,0.4775695204734802,0.46556833386421204,0.2770858705043793,0.48134827613830566,0.46662637591362,,,,,,,,,,,,,,,,,,,
62,,,,,,,,,,,,1054,,,,,,,,,,,,,,,,,,,,,14.955986976623535,,3.6285080909729004,,3.688098430633545,,4.042187690734863,,3.5971932411193848,,,,,,,,,,,,,,,,,,,,,,,,,,
62,,,,,,,,,,,,1055,,,,,,,,,,,,,,,,,,,,,15.696915626525879,,3.5491838455200195,,3.6387276649475098,,5.016091346740723,,3.492912769317627,,,,,,,,,,,,,,,,,,,,,,,,,,
62,,,,,,,,,,,,1056,,,,,,,,,,,,,,,,,,,,,14.861591339111328,,3.584296226501465,,3.689697742462158,,4.038146018981934,,3.5494513511657715,,,,,,,,,,,,,,,,,,,,,,,,,,
62,,,,,,,,,,,,1057,,,,,,,,,,,,,,,,,,,,,15.028830528259277,,3.71134877204895,,3.8512637615203857,,3.7810189723968506,,3.6851985454559326,,,,,,,,,,,,,,,,,,,,,,,,,,
62,,,,,,,,,,,,1058,,,,,,,,,,,,,,,,,,,,,14.930662155151367,,3.666207790374756,,3.709360361099243,,3.9670491218566895,,3.588045597076416,,,,,,,,,,,,,,,,,,,,,,,,,,
62,,,,,,,,,,,,1059,,,,,,,,,,,,,,,,,,,,,14.643670082092285,,3.601787805557251,,3.62282133102417,,3.868548631668091,,3.5505125522613525,,,,,,,,,,,,,,,,,,,,,,,,,,
62,,,,,,,,,,,,1060,,,,,,,,,,,,,,,,,,,,,15.779901504516602,,3.5188913345336914,,3.6610376834869385,,5.0978684425354,,3.502103328704834,,,,,,,,,,,,,,,,,,,,,,,,,,
62,,,,,,,,,,,,1061,,,,,,,,,,,,,,,,,,,,,14.311624526977539,,3.4323487281799316,,3.5406064987182617,,3.937865972518921,,3.4008030891418457,,,,,,,,,,,,,,,,,,,,,,,,,,
62,,,,,,,,,,,,1062,,,,,,,,,,,,,,,,,,,,,14.997840881347656,,3.613755464553833,,3.7420670986175537,,4.061605930328369,,3.5804128646850586,,,,,,,,,,,,,,,,,,,,,,,,,,
62,,,,,,,,,,,,1063,,,,,,,,,,,,,,,,,,,,,14.671451568603516,,3.5520308017730713,,3.6575212478637695,,3.9346489906311035,,3.527249813079834,,,,,,,,,,,,,,,,,,,,,,,,,,
62,,,,,,,,,,,,1064,,,,,,,,,,,,,,,,,,,,,14.174112319946289,,3.387721538543701,,3.5405664443969727,,3.887467861175537,,3.3583569526672363,,,,,,,,,,,,,,,,,,,,,,,,,,
62,,,,,,,,,,,,1065,,,,,,,,,,,,,,,,,,,,,14.337057113647461,,3.494149923324585,,3.599705934524536,,3.7683091163635254,,3.4748928546905518,,,,,,,,,,,,,,,,,,,,,,,,,,
62,,,,,,,,,,,,1066,,,,,,,,,,,,,,,,,,,,,14.269346237182617,,3.4817988872528076,,3.562129020690918,,3.804175615310669,,3.421243190765381,,,,,,,,,,,,,,,,,,,,,,,,,,
62,,,,,,,,,,,,1067,,,,,,,,,,,,,,,,,,,,,14.2205810546875,,3.3877062797546387,,3.555204391479492,,3.927680015563965,,3.349990129470825,,,,,,,,,,,,,,,,,,,,,,,,,,
62,,,,,,,,,,,,1068,,,,,,,,,,,,,,,,,,,,,15.142570495605469,,3.7020180225372314,,3.8247451782226562,,3.942443609237671,,3.673363447189331,,,,,,,,,,,,,,,,,,,,,,,,,,
62,,,,,,,,,,,,1069,,,,,,,,,,,,,,,,,,,,,14.579572677612305,,3.538506031036377,,3.6396470069885254,,3.8820762634277344,,3.519343852996826,,,,,,,,,,,,,,,,,,,,,,,,,,
62,,,,,,,,,,,,1070,,,,,,,,,,,,,,,,,,,,,9.985997200012207,,2.237391710281372,,2.234027862548828,,3.2945499420166016,,2.2200279235839844,,,,,,,,,,,,,,,,,,,,,,,,,,
,,,,,,,,,,,,62,,,,,,,,,,,,,,,,,,,,,,,,,,,,,,,,,,,,,,,,,,,,,,,,,,,,,,,15.525886535644531
62,,,,,,,,,,,,1070,,,,,,,,,,,,,,,,,,,,,,,,,,,,,,,,,,,,,0.6100000143051147,0.8899999856948853,2.606921911239624,3.0585527420043945,2.85975980758667,2.880932331085205,4.119720458984375,0.3149999976158142,0.24500000476837158,0.3199999928474426,0.2549999952316284,0.11500000208616257,0.6549999713897705,0.6000000238418579,0.6399999856948853,0.5899999737739563,0.32499998807907104,15.525886535644531,
62,,,,,,16540.0,,,,,,1070,,,,,,,,,,,,,,,,,,,,14.742321014404297,,3.540731430053711,,3.6442723274230957,,4.052606582641602,,3.5047097206115723,,,,0.47971582412719727,0.4680774509906769,0.30338573455810547,0.48198309540748596,0.4694981575012207,,,,,,,,,,,,,,,,,,,
63,,,,,,,,,,,,1071,,,,,,,,,,,,,,,,,,,,,14.747254371643066,,3.583425521850586,,3.6905126571655273,,3.9014670848846436,,3.5718488693237305,,,,,,,,,,,,,,,,,,,,,,,,,,
63,,,,,,,,,,,,1072,,,,,,,,,,,,,,,,,,,,,14.45089054107666,,3.476583480834961,,3.6010522842407227,,3.9486262798309326,,3.424628257751465,,,,,,,,,,,,,,,,,,,,,,,,,,
63,,,,,,,,,,,,1073,,,,,,,,,,,,,,,,,,,,,14.712726593017578,,3.627129554748535,,3.7466607093811035,,3.747344970703125,,3.5915908813476562,,,,,,,,,,,,,,,,,,,,,,,,,,
63,,,,,,,,,,,,1074,,,,,,,,,,,,,,,,,,,,,16.48483657836914,,3.734250068664551,,3.8221325874328613,,5.198616981506348,,3.7298355102539062,,,,,,,,,,,,,,,,,,,,,,,,,,
63,,,,,,,,,,,,1075,,,,,,,,,,,,,,,,,,,,,15.033764839172363,,3.6595938205718994,,3.740529775619507,,4.010990142822266,,3.6226508617401123,,,,,,,,,,,,,,,,,,,,,,,,,,
63,,,,,,,,,,,,1076,,,,,,,,,,,,,,,,,,,,,14.105958938598633,,3.431631565093994,,3.550067901611328,,3.730543375015259,,3.393716335296631,,,,,,,,,,,,,,,,,,,,,,,,,,
63,,,,,,,,,,,,1077,,,,,,,,,,,,,,,,,,,,,14.53506088256836,,3.5294766426086426,,3.639509677886963,,3.8568367958068848,,3.509237289428711,,,,,,,,,,,,,,,,,,,,,,,,,,
63,,,,,,,,,,,,1078,,,,,,,,,,,,,,,,,,,,,14.361488342285156,,3.4825401306152344,,3.5986618995666504,,3.82464599609375,,3.455639600753784,,,,,,,,,,,,,,,,,,,,,,,,,,
63,,,,,,,,,,,,1079,,,,,,,,,,,,,,,,,,,,,14.712749481201172,,3.599376678466797,,3.697005033493042,,3.8570027351379395,,3.5593645572662354,,,,,,,,,,,,,,,,,,,,,,,,,,
63,,,,,,,,,,,,1080,,,,,,,,,,,,,,,,,,,,,14.130582809448242,,3.4253363609313965,,3.522984504699707,,3.7861385345458984,,3.3961236476898193,,,,,,,,,,,,,,,,,,,,,,,,,,
63,,,,,,,,,,,,1081,,,,,,,,,,,,,,,,,,,,,14.606749534606934,,3.542616844177246,,3.660515785217285,,3.888115882873535,,3.515500545501709,,,,,,,,,,,,,,,,,,,,,,,,,,
63,,,,,,,,,,,,1082,,,,,,,,,,,,,,,,,,,,,14.473309516906738,,3.506190776824951,,3.640064239501953,,3.8250911235809326,,3.5019631385803223,,,,,,,,,,,,,,,,,,,,,,,,,,
63,,,,,,,,,,,,1083,,,,,,,,,,,,,,,,,,,,,14.374570846557617,,3.511953353881836,,3.598911762237549,,3.776383876800537,,3.487320899963379,,,,,,,,,,,,,,,,,,,,,,,,,,
63,,,,,,,,,,,,1084,,,,,,,,,,,,,,,,,,,,,13.916122436523438,,3.376633882522583,,3.4785237312316895,,3.719215154647827,,3.3417489528656006,,,,,,,,,,,,,,,,,,,,,,,,,,
63,,,,,,,,,,,,1085,,,,,,,,,,,,,,,,,,,,,14.636826515197754,,3.603788137435913,,3.6750502586364746,,3.782503843307495,,3.575484275817871,,,,,,,,,,,,,,,,,,,,,,,,,,
63,,,,,,,,,,,,1086,,,,,,,,,,,,,,,,,,,,,14.233141899108887,,3.4327821731567383,,3.531242847442627,,3.859227418899536,,3.4098904132843018,,,,,,,,,,,,,,,,,,,,,,,,,,
63,,,,,,,,,,,,1087,,,,,,,,,,,,,,,,,,,,,9.435174942016602,,2.4331088066101074,,2.475801944732666,,2.123816967010498,,2.402446746826172,,,,,,,,,,,,,,,,,,,,,,,,,,
,,,,,,,,,,,,63,,,,,,,,,,,,,,,,,,,,,,,,,,,,,,,,,,,,,,,,,,,,,,,,,,,,,,,15.835233688354492
63,,,,,,,,,,,,1087,,,,,,,,,,,,,,,,,,,,,,,,,,,,,,,,,,,,,0.6050000190734863,0.875,2.595963478088379,3.188664197921753,2.9932639598846436,2.938014030456543,4.119327068328857,0.3149999976158142,0.20499999821186066,0.3050000071525574,0.2849999964237213,0.11500000208616257,0.6650000214576721,0.5350000262260437,0.6399999856948853,0.574999988079071,0.33000001311302185,15.835232734680176,
63,,,,,,16540.0,,,,,,1087,,,,,,,,,,,,,,,,,,,,14.546089172363281,,3.5223357677459717,,3.626136064529419,,3.9026100635528564,,3.4950058460235596,,,,0.47968560457229614,0.4700120687484741,0.32581621408462524,0.4820133149623871,0.4692261517047882,,,,,,,,,,,,,,,,,,,
64,,,,,,,,,,,,1088,,,,,,,,,,,,,,,,,,,,,14.336652755737305,,3.486754894256592,,3.554792881011963,,3.8562331199645996,,3.4388716220855713,,,,,,,,,,,,,,,,,,,,,,,,,,
64,,,,,,,,,,,,1089,,,,,,,,,,,,,,,,,,,,,14.123308181762695,,3.482450485229492,,3.5820870399475098,,3.5717952251434326,,3.4869751930236816,,,,,,,,,,,,,,,,,,,,,,,,,,
64,,,,,,,,,,,,1090,,,,,,,,,,,,,,,,,,,,,15.278182029724121,,3.4264423847198486,,3.5224244594573975,,4.929350852966309,,3.3999643325805664,,,,,,,,,,,,,,,,,,,,,,,,,,
64,,,,,,,,,,,,1091,,,,,,,,,,,,,,,,,,,,,15.369001388549805,,3.4857921600341797,,3.5643038749694824,,4.875217437744141,,3.443687915802002,,,,,,,,,,,,,,,,,,,,,,,,,,
64,,,,,,,,,,,,1092,,,,,,,,,,,,,,,,,,,,,14.741425514221191,,3.6495559215545654,,3.7055060863494873,,3.7494566440582275,,3.636906623840332,,,,,,,,,,,,,,,,,,,,,,,,,,
64,,,,,,,,,,,,1093,,,,,,,,,,,,,,,,,,,,,16.624591827392578,,3.7941935062408447,,3.890702724456787,,5.131326198577881,,3.80836820602417,,,,,,,,,,,,,,,,,,,,,,,,,,
64,,,,,,,,,,,,1094,,,,,,,,,,,,,,,,,,,,,14.09820556640625,,3.455509901046753,,3.5449209213256836,,3.6763806343078613,,3.4213943481445312,,,,,,,,,,,,,,,,,,,,,,,,,,
64,,,,,,,,,,,,1095,,,,,,,,,,,,,,,,,,,,,14.161701202392578,,3.511101245880127,,3.5944929122924805,,3.585649013519287,,3.4704580307006836,,,,,,,,,,,,,,,,,,,,,,,,,,
64,,,,,,,,,,,,1096,,,,,,,,,,,,,,,,,,,,,14.762092590332031,,3.2971315383911133,,3.4390716552734375,,4.780259132385254,,3.2456302642822266,,,,,,,,,,,,,,,,,,,,,,,,,,
64,,,,,,,,,,,,1097,,,,,,,,,,,,,,,,,,,,,14.588866233825684,,3.6007065773010254,,3.7072501182556152,,3.7044267654418945,,3.5764834880828857,,,,,,,,,,,,,,,,,,,,,,,,,,
64,,,,,,,,,,,,1098,,,,,,,,,,,,,,,,,,,,,14.44255256652832,,3.547192096710205,,3.6301279067993164,,3.7330727577209473,,3.5321602821350098,,,,,,,,,,,,,,,,,,,,,,,,,,
64,,,,,,,,,,,,1099,,,,,,,,,,,,,,,,,,,,,14.459896087646484,,3.5206949710845947,,3.6299962997436523,,3.8457374572753906,,3.4634668827056885,,,,,,,,,,,,,,,,,,,,,,,,,,
64,,,,,,,,,,,,1100,,,,,,,,,,,,,,,,,,,,,13.445528030395508,,3.2938709259033203,,3.3987269401550293,,3.4921374320983887,,3.2607927322387695,,,,,,,,,,,,,,,,,,,,,,,,,,
64,,,,,,,,,,,,1101,,,,,,,,,,,,,,,,,,,,,14.428888320922852,,3.571424722671509,,3.637969970703125,,3.6744556427001953,,3.5450377464294434,,,,,,,,,,,,,,,,,,,,,,,,,,
64,,,,,,,,,,,,1102,,,,,,,,,,,,,,,,,,,,,16.125324249267578,,3.6537864208221436,,3.774893283843994,,5.046544075012207,,3.6501007080078125,,,,,,,,,,,,,,,,,,,,,,,,,,
64,,,,,,,,,,,,1103,,,,,,,,,,,,,,,,,,,,,14.521392822265625,,3.5447263717651367,,3.6245203018188477,,3.8223118782043457,,3.5298335552215576,,,,,,,,,,,,,,,,,,,,,,,,,,
64,,,,,,,,,,,,1104,,,,,,,,,,,,,,,,,,,,,10.330526351928711,,2.3983302116394043,,2.354475975036621,,3.2397408485412598,,2.3379788398742676,,,,,,,,,,,,,,,,,,,,,,,,,,
,,,,,,,,,,,,64,,,,,,,,,,,,,,,,,,,,,,,,,,,,,,,,,,,,,,,,,,,,,,,,,,,,,,,15.549144744873047
64,,,,,,,,,,,,1104,,,,,,,,,,,,,,,,,,,,,,,,,,,,,,,,,,,,,0.6050000190734863,0.8849999904632568,2.5577492713928223,3.073281764984131,2.9385929107666016,2.8606057167053223,4.118915557861328,0.3199999928474426,0.23000000417232513,0.3199999928474426,0.29499998688697815,0.11500000208616257,0.6449999809265137,0.5649999976158142,0.6349999904632568,0.5649999976158142,0.32499998807907104,15.549144744873047,
64,,,,,,16540.0,,,,,,1104,,,,,,,,,,,,,,,,,,,,14.67783260345459,,3.5095036029815674,,3.600745439529419,,4.084107875823975,,3.4834766387939453,,,,0.4817109704017639,0.47409310936927795,0.32626962661743164,0.48310157656669617,0.4660218060016632,,,,,,,,,,,,,,,,,,,
65,,,,,,,,,,,,1105,,,,,,,,,,,,,,,,,,,,,15.418905258178711,,3.4822449684143066,,3.583468437194824,,4.898769378662109,,3.4544219970703125,,,,,,,,,,,,,,,,,,,,,,,,,,
65,,,,,,,,,,,,1106,,,,,,,,,,,,,,,,,,,,,15.393311500549316,,3.4907665252685547,,3.594022750854492,,4.822329521179199,,3.486192226409912,,,,,,,,,,,,,,,,,,,,,,,,,,
65,,,,,,,,,,,,1107,,,,,,,,,,,,,,,,,,,,,14.119566917419434,,3.5098977088928223,,3.56709623336792,,3.543982744216919,,3.498591184616089,,,,,,,,,,,,,,,,,,,,,,,,,,
65,,,,,,,,,,,,1108,,,,,,,,,,,,,,,,,,,,,14.20389175415039,,3.5405185222625732,,3.608426570892334,,3.5439352989196777,,3.51101016998291,,,,,,,,,,,,,,,,,,,,,,,,,,
65,,,,,,,,,,,,1109,,,,,,,,,,,,,,,,,,,,,13.899776458740234,,3.411968231201172,,3.524359703063965,,3.5869812965393066,,3.3764681816101074,,,,,,,,,,,,,,,,,,,,,,,,,,
65,,,,,,,,,,,,1110,,,,,,,,,,,,,,,,,,,,,15.196229934692383,,3.4282376766204834,,3.5192339420318604,,4.848794937133789,,3.39996337890625,,,,,,,,,,,,,,,,,,,,,,,,,,
65,,,,,,,,,,,,1111,,,,,,,,,,,,,,,,,,,,,14.23776626586914,,3.486471652984619,,3.5644161701202393,,3.7012038230895996,,3.4856741428375244,,,,,,,,,,,,,,,,,,,,,,,,,,
65,,,,,,,,,,,,1112,,,,,,,,,,,,,,,,,,,,,15.244768142700195,,3.448786497116089,,3.556907892227173,,4.842476844787598,,3.396597146987915,,,,,,,,,,,,,,,,,,,,,,,,,,
65,,,,,,,,,,,,1113,,,,,,,,,,,,,,,,,,,,,15.414649963378906,,3.5006144046783447,,3.592845916748047,,4.85477352142334,,3.4664158821105957,,,,,,,,,,,,,,,,,,,,,,,,,,
65,,,,,,,,,,,,1114,,,,,,,,,,,,,,,,,,,,,14.378828048706055,,3.5140044689178467,,3.613593578338623,,3.775169849395752,,3.476060628890991,,,,,,,,,,,,,,,,,,,,,,,,,,
65,,,,,,,,,,,,1115,,,,,,,,,,,,,,,,,,,,,14.118315696716309,,3.5174686908721924,,3.5910487174987793,,3.5298986434936523,,3.4798998832702637,,,,,,,,,,,,,,,,,,,,,,,,,,
65,,,,,,,,,,,,1116,,,,,,,,,,,,,,,,,,,,,14.07766342163086,,3.504695177078247,,3.5307881832122803,,3.5841708183288574,,3.458008289337158,,,,,,,,,,,,,,,,,,,,,,,,,,
65,,,,,,,,,,,,1117,,,,,,,,,,,,,,,,,,,,,14.874872207641602,,3.6557044982910156,,3.733888626098633,,3.8661093711853027,,3.619169235229492,,,,,,,,,,,,,,,,,,,,,,,,,,
65,,,,,,,,,,,,1118,,,,,,,,,,,,,,,,,,,,,14.489885330200195,,3.550283908843994,,3.6531479358673096,,3.7476439476013184,,3.5388102531433105,,,,,,,,,,,,,,,,,,,,,,,,,,
65,,,,,,,,,,,,1119,,,,,,,,,,,,,,,,,,,,,14.090396881103516,,3.442366123199463,,3.515289306640625,,3.7497482299804688,,3.382993221282959,,,,,,,,,,,,,,,,,,,,,,,,,,
65,,,,,,,,,,,,1120,,,,,,,,,,,,,,,,,,,,,14.62234115600586,,3.5609354972839355,,3.670975685119629,,3.817988395690918,,3.572441577911377,,,,,,,,,,,,,,,,,,,,,,,,,,
65,,,,,,,,,,,,1121,,,,,,,,,,,,,,,,,,,,,11.447439193725586,,2.6724228858947754,,2.5469017028808594,,3.628690719604492,,2.599423408508301,,,,,,,,,,,,,,,,,,,,,,,,,,
,,,,,,,,,,,,65,,,,,,,,,,,,,,,,,,,,,,,,,,,,,,,,,,,,,,,,,,,,,,,,,,,,,,,15.847387313842773
65,,,,,,,,,,,,1121,,,,,,,,,,,,,,,,,,,,,,,,,,,,,,,,,,,,,0.5849999785423279,0.8999999761581421,2.5442233085632324,3.173356294631958,3.2014434337615967,2.8092594146728516,4.119105339050293,0.3149999976158142,0.19499999284744263,0.3050000071525574,0.26499998569488525,0.11999999731779099,0.7250000238418579,0.5699999928474426,0.6349999904632568,0.5849999785423279,0.33000001311302185,15.847387313842773,
65,,,,,,16540.0,,,,,,1121,,,,,,,,,,,,,,,,,,,,14.581482887268066,,3.494978666305542,,3.5788934230804443,,4.040700435638428,,3.466909646987915,,,,0.48110640048980713,0.4767231047153473,0.3331620395183563,0.484129399061203,0.4686819612979889,,,,,,,,,,,,,,,,,,,
66,,,,,,,,,,,,1122,,,,,,,,,,,,,,,,,,,,,14.018218994140625,,3.3930206298828125,,3.5308470726013184,,3.6956753730773926,,3.3986763954162598,,,,,,,,,,,,,,,,,,,,,,,,,,
66,,,,,,,,,,,,1123,,,,,,,,,,,,,,,,,,,,,14.574222564697266,,3.645674705505371,,3.69869065284729,,3.602062225341797,,3.6277952194213867,,,,,,,,,,,,,,,,,,,,,,,,,,
66,,,,,,,,,,,,1124,,,,,,,,,,,,,,,,,,,,,13.831523895263672,,3.4265270233154297,,3.4804587364196777,,3.5854146480560303,,3.3391225337982178,,,,,,,,,,,,,,,,,,,,,,,,,,
66,,,,,,,,,,,,1125,,,,,,,,,,,,,,,,,,,,,15.820068359375,,3.587831974029541,,3.611698865890503,,5.032320499420166,,3.5882163047790527,,,,,,,,,,,,,,,,,,,,,,,,,,
66,,,,,,,,,,,,1126,,,,,,,,,,,,,,,,,,,,,14.274042129516602,,3.5053937435150146,,3.596004009246826,,3.696258783340454,,3.4763855934143066,,,,,,,,,,,,,,,,,,,,,,,,,,
66,,,,,,,,,,,,1127,,,,,,,,,,,,,,,,,,,,,14.213781356811523,,3.5087008476257324,,3.5865464210510254,,3.6349964141845703,,3.4835379123687744,,,,,,,,,,,,,,,,,,,,,,,,,,
66,,,,,,,,,,,,1128,,,,,,,,,,,,,,,,,,,,,15.3981294631958,,3.399585485458374,,3.503918170928955,,5.1021623611450195,,3.3924636840820312,,,,,,,,,,,,,,,,,,,,,,,,,,
66,,,,,,,,,,,,1129,,,,,,,,,,,,,,,,,,,,,14.111202239990234,,3.4920167922973633,,3.5282959938049316,,3.6418566703796387,,3.449032783508301,,,,,,,,,,,,,,,,,,,,,,,,,,
66,,,,,,,,,,,,1130,,,,,,,,,,,,,,,,,,,,,15.613863945007324,,3.549978733062744,,3.616806983947754,,4.907082557678223,,3.5399954319000244,,,,,,,,,,,,,,,,,,,,,,,,,,
66,,,,,,,,,,,,1131,,,,,,,,,,,,,,,,,,,,,15.76598834991455,,3.583071708679199,,3.6244921684265137,,5.002148628234863,,3.5562756061553955,,,,,,,,,,,,,,,,,,,,,,,,,,
66,,,,,,,,,,,,1132,,,,,,,,,,,,,,,,,,,,,13.89579963684082,,3.393237590789795,,3.5138931274414062,,3.6077706813812256,,3.3808979988098145,,,,,,,,,,,,,,,,,,,,,,,,,,
66,,,,,,,,,,,,1133,,,,,,,,,,,,,,,,,,,,,15.272900581359863,,3.428040027618408,,3.5387768745422363,,4.888215065002441,,3.4178686141967773,,,,,,,,,,,,,,,,,,,,,,,,,,
66,,,,,,,,,,,,1134,,,,,,,,,,,,,,,,,,,,,14.244805335998535,,3.4998793601989746,,3.5602807998657227,,3.7551376819610596,,3.4295077323913574,,,,,,,,,,,,,,,,,,,,,,,,,,
66,,,,,,,,,,,,1135,,,,,,,,,,,,,,,,,,,,,14.305046081542969,,3.546424388885498,,3.6032276153564453,,3.6319479942321777,,3.5234458446502686,,,,,,,,,,,,,,,,,,,,,,,,,,
66,,,,,,,,,,,,1136,,,,,,,,,,,,,,,,,,,,,14.553049087524414,,3.624756336212158,,3.6533517837524414,,3.695751428604126,,3.5791893005371094,,,,,,,,,,,,,,,,,,,,,,,,,,
66,,,,,,,,,,,,1137,,,,,,,,,,,,,,,,,,,,,13.885542869567871,,3.42448091506958,,3.4899353981018066,,3.6012392044067383,,3.369887113571167,,,,,,,,,,,,,,,,,,,,,,,,,,
66,,,,,,,,,,,,1138,,,,,,,,,,,,,,,,,,,,,8.649089813232422,,2.2366037368774414,,2.3247594833374023,,1.868882656097412,,2.218844413757324,,,,,,,,,,,,,,,,,,,,,,,,,,
,,,,,,,,,,,,66,,,,,,,,,,,,,,,,,,,,,,,,,,,,,,,,,,,,,,,,,,,,,,,,,,,,,,,15.620678901672363
66,,,,,,,,,,,,1138,,,,,,,,,,,,,,,,,,,,,,,,,,,,,,,,,,,,,0.6100000143051147,0.8899999856948853,2.554647922515869,3.175215244293213,2.939570426940918,2.8317060470581055,4.119539260864258,0.3100000023841858,0.20000000298023224,0.3449999988079071,0.27000001072883606,0.11999999731779099,0.6800000071525574,0.5450000166893005,0.625,0.5849999785423279,0.32499998807907104,15.620678901672363,
66,,,,,,16540.0,,,,,,1138,,,,,,,,,,,,,,,,,,,,14.554905891418457,,3.4886176586151123,,3.559321641921997,,4.046765327453613,,3.4601991176605225,,,,0.48180168867111206,0.47696495056152344,0.3344014585018158,0.4837363660335541,0.4699516296386719,,,,,,,,,,,,,,,,,,,
67,,,,,,,,,,,,1139,,,,,,,,,,,,,,,,,,,,,14.885478973388672,,3.3661415576934814,,3.4361753463745117,,4.758701324462891,,3.324460744857788,,,,,,,,,,,,,,,,,,,,,,,,,,
67,,,,,,,,,,,,1140,,,,,,,,,,,,,,,,,,,,,13.848081588745117,,3.4365458488464355,,3.4894471168518066,,3.4869742393493652,,3.435114622116089,,,,,,,,,,,,,,,,,,,,,,,,,,
67,,,,,,,,,,,,1141,,,,,,,,,,,,,,,,,,,,,14.424957275390625,,3.575802803039551,,3.6185641288757324,,3.6464080810546875,,3.5841827392578125,,,,,,,,,,,,,,,,,,,,,,,,,,
67,,,,,,,,,,,,1142,,,,,,,,,,,,,,,,,,,,,14.807703018188477,,3.6990890502929688,,3.7704062461853027,,3.650874614715576,,3.6873321533203125,,,,,,,,,,,,,,,,,,,,,,,,,,
67,,,,,,,,,,,,1143,,,,,,,,,,,,,,,,,,,,,14.64627456665039,,3.670057773590088,,3.737945556640625,,3.600085496902466,,3.638185977935791,,,,,,,,,,,,,,,,,,,,,,,,,,
67,,,,,,,,,,,,1144,,,,,,,,,,,,,,,,,,,,,14.112393379211426,,3.5008983612060547,,3.5884857177734375,,3.5378124713897705,,3.485196828842163,,,,,,,,,,,,,,,,,,,,,,,,,,
67,,,,,,,,,,,,1145,,,,,,,,,,,,,,,,,,,,,13.769742965698242,,3.383571147918701,,3.4455833435058594,,3.611485481262207,,3.3291027545928955,,,,,,,,,,,,,,,,,,,,,,,,,,
67,,,,,,,,,,,,1146,,,,,,,,,,,,,,,,,,,,,15.081533432006836,,3.4263148307800293,,3.512186050415039,,4.7378435134887695,,3.405189037322998,,,,,,,,,,,,,,,,,,,,,,,,,,
67,,,,,,,,,,,,1147,,,,,,,,,,,,,,,,,,,,,14.541290283203125,,3.590484142303467,,3.6648478507995605,,3.7061972618103027,,3.5797600746154785,,,,,,,,,,,,,,,,,,,,,,,,,,
67,,,,,,,,,,,,1148,,,,,,,,,,,,,,,,,,,,,13.976085662841797,,3.414985418319702,,3.488521099090576,,3.6711010932922363,,3.4014792442321777,,,,,,,,,,,,,,,,,,,,,,,,,,
67,,,,,,,,,,,,1149,,,,,,,,,,,,,,,,,,,,,13.698572158813477,,3.3652219772338867,,3.4385626316070557,,3.5669641494750977,,3.3278238773345947,,,,,,,,,,,,,,,,,,,,,,,,,,
67,,,,,,,,,,,,1150,,,,,,,,,,,,,,,,,,,,,14.497018814086914,,3.6237668991088867,,3.694532871246338,,3.568793296813965,,3.6099257469177246,,,,,,,,,,,,,,,,,,,,,,,,,,
67,,,,,,,,,,,,1151,,,,,,,,,,,,,,,,,,,,,13.682802200317383,,3.387150287628174,,3.480926036834717,,3.419790744781494,,3.3949356079101562,,,,,,,,,,,,,,,,,,,,,,,,,,
67,,,,,,,,,,,,1152,,,,,,,,,,,,,,,,,,,,,14.428352355957031,,3.564962863922119,,3.606227397918701,,3.7216720581054688,,3.535489320755005,,,,,,,,,,,,,,,,,,,,,,,,,,
67,,,,,,,,,,,,1153,,,,,,,,,,,,,,,,,,,,,13.91805362701416,,3.433349132537842,,3.5027503967285156,,3.605679512023926,,3.376274585723877,,,,,,,,,,,,,,,,,,,,,,,,,,
67,,,,,,,,,,,,1154,,,,,,,,,,,,,,,,,,,,,13.417190551757812,,3.287661075592041,,3.3777146339416504,,3.5071332454681396,,3.2446813583374023,,,,,,,,,,,,,,,,,,,,,,,,,,
67,,,,,,,,,,,,1155,,,,,,,,,,,,,,,,,,,,,10.396270751953125,,2.357639789581299,,2.346625804901123,,3.325425148010254,,2.3665807247161865,,,,,,,,,,,,,,,,,,,,,,,,,,
,,,,,,,,,,,,67,,,,,,,,,,,,,,,,,,,,,,,,,,,,,,,,,,,,,,,,,,,,,,,,,,,,,,,15.764219284057617
67,,,,,,,,,,,,1155,,,,,,,,,,,,,,,,,,,,,,,,,,,,,,,,,,,,,0.6050000190734863,0.8899999856948853,2.5714588165283203,3.1366307735443115,3.1361660957336426,2.8014745712280273,4.118488311767578,0.29499998688697815,0.20499999821186066,0.3199999928474426,0.3100000023841858,0.11500000208616257,0.6899999976158142,0.574999988079071,0.6150000095367432,0.6050000190734863,0.32499998807907104,15.7642183303833,
67,,,,,,16540.0,,,,,,1155,,,,,,,,,,,,,,,,,,,,14.197279930114746,,3.4722628593444824,,3.541924238204956,,3.733459711074829,,3.4496333599090576,,,,0.4828295111656189,0.4785066246986389,0.35677146911621094,0.4854292869567871,0.46511489152908325,,,,,,,,,,,,,,,,,,,
68,,,,,,,,,,,,1156,,,,,,,,,,,,,,,,,,,,,14.563257217407227,,3.6691551208496094,,3.733393907546997,,3.5017309188842773,,3.658977746963501,,,,,,,,,,,,,,,,,,,,,,,,,,
68,,,,,,,,,,,,1157,,,,,,,,,,,,,,,,,,,,,15.246036529541016,,3.451653003692627,,3.524142265319824,,4.828955173492432,,3.4412858486175537,,,,,,,,,,,,,,,,,,,,,,,,,,
68,,,,,,,,,,,,1158,,,,,,,,,,,,,,,,,,,,,15.828128814697266,,3.623981475830078,,3.631540060043335,,4.9915971755981445,,3.581010341644287,,,,,,,,,,,,,,,,,,,,,,,,,,
68,,,,,,,,,,,,1159,,,,,,,,,,,,,,,,,,,,,13.680721282958984,,3.3917741775512695,,3.438805341720581,,3.501471519470215,,3.348670482635498,,,,,,,,,,,,,,,,,,,,,,,,,,
68,,,,,,,,,,,,1160,,,,,,,,,,,,,,,,,,,,,15.34867000579834,,3.4758453369140625,,3.602606773376465,,4.813458442687988,,3.4567599296569824,,,,,,,,,,,,,,,,,,,,,,,,,,
68,,,,,,,,,,,,1161,,,,,,,,,,,,,,,,,,,,,13.89744758605957,,3.5039660930633545,,3.5396342277526855,,3.3903307914733887,,3.4635162353515625,,,,,,,,,,,,,,,,,,,,,,,,,,
68,,,,,,,,,,,,1162,,,,,,,,,,,,,,,,,,,,,13.6560640335083,,3.422544240951538,,3.4789209365844727,,3.345083236694336,,3.409515380859375,,,,,,,,,,,,,,,,,,,,,,,,,,
68,,,,,,,,,,,,1163,,,,,,,,,,,,,,,,,,,,,14.012939453125,,3.4929251670837402,,3.5360779762268066,,3.513835906982422,,3.470099925994873,,,,,,,,,,,,,,,,,,,,,,,,,,
68,,,,,,,,,,,,1164,,,,,,,,,,,,,,,,,,,,,13.568217277526855,,3.3822615146636963,,3.4455060958862305,,3.362783432006836,,3.377666473388672,,,,,,,,,,,,,,,,,,,,,,,,,,
68,,,,,,,,,,,,1165,,,,,,,,,,,,,,,,,,,,,13.298263549804688,,3.262533187866211,,3.383749008178711,,3.4063029289245605,,3.2456774711608887,,,,,,,,,,,,,,,,,,,,,,,,,,
68,,,,,,,,,,,,1166,,,,,,,,,,,,,,,,,,,,,13.953797340393066,,3.4760351181030273,,3.5541296005249023,,3.4526662826538086,,3.470966339111328,,,,,,,,,,,,,,,,,,,,,,,,,,
68,,,,,,,,,,,,1167,,,,,,,,,,,,,,,,,,,,,13.516429901123047,,3.329723358154297,,3.4097416400909424,,3.4383902549743652,,3.338573932647705,,,,,,,,,,,,,,,,,,,,,,,,,,
68,,,,,,,,,,,,1168,,,,,,,,,,,,,,,,,,,,,13.780435562133789,,3.405806541442871,,3.447153329849243,,3.5177218914031982,,3.4097533226013184,,,,,,,,,,,,,,,,,,,,,,,,,,
68,,,,,,,,,,,,1169,,,,,,,,,,,,,,,,,,,,,14.400419235229492,,3.666231155395508,,3.699490785598755,,3.4224534034729004,,3.612244129180908,,,,,,,,,,,,,,,,,,,,,,,,,,
68,,,,,,,,,,,,1170,,,,,,,,,,,,,,,,,,,,,15.337882995605469,,3.505218505859375,,3.6067066192626953,,4.7244110107421875,,3.501547336578369,,,,,,,,,,,,,,,,,,,,,,,,,,
68,,,,,,,,,,,,1171,,,,,,,,,,,,,,,,,,,,,13.753517150878906,,3.4334638118743896,,3.4733145236968994,,3.4518754482269287,,3.3948631286621094,,,,,,,,,,,,,,,,,,,,,,,,,,
68,,,,,,,,,,,,1172,,,,,,,,,,,,,,,,,,,,,8.566328048706055,,2.2440948486328125,,2.2388291358947754,,1.8625060319900513,,2.2208974361419678,,,,,,,,,,,,,,,,,,,,,,,,,,
,,,,,,,,,,,,68,,,,,,,,,,,,,,,,,,,,,,,,,,,,,,,,,,,,,,,,,,,,,,,,,,,,,,,16.00556755065918
68,,,,,,,,,,,,1172,,,,,,,,,,,,,,,,,,,,,,,,,,,,,,,,,,,,,0.5799999833106995,0.875,2.6438584327697754,3.2753171920776367,3.1067795753479004,2.8596601486206055,4.119952201843262,0.32499998807907104,0.18000000715255737,0.3199999928474426,0.27000001072883606,0.11500000208616257,0.6650000214576721,0.5450000166893005,0.6399999856948853,0.5699999928474426,0.32499998807907104,16.00556755065918,
68,,,,,,16540.0,,,,,,1172,,,,,,,,,,,,,,,,,,,,14.186625480651855,,3.456773281097412,,3.519364833831787,,3.7732489109039307,,3.437239170074463,,,,0.4853990077972412,0.48210397362709045,0.3733676075935364,0.4863663613796234,0.4714328944683075,,,,,,,,,,,,,,,,,,,
69,,,,,,,,,,,,1173,,,,,,,,,,,,,,,,,,,,,13.520163536071777,,3.4366772174835205,,3.508753776550293,,3.170107841491699,,3.404625177383423,,,,,,,,,,,,,,,,,,,,,,,,,,
69,,,,,,,,,,,,1174,,,,,,,,,,,,,,,,,,,,,14.635170936584473,,3.354034423828125,,3.41831636428833,,4.533814430236816,,3.329005479812622,,,,,,,,,,,,,,,,,,,,,,,,,,
69,,,,,,,,,,,,1175,,,,,,,,,,,,,,,,,,,,,14.33838939666748,,3.5956079959869385,,3.664677381515503,,3.4848241806030273,,3.593280076980591,,,,,,,,,,,,,,,,,,,,,,,,,,
69,,,,,,,,,,,,1176,,,,,,,,,,,,,,,,,,,,,13.745944023132324,,3.4233627319335938,,3.515751361846924,,3.3734123706817627,,3.433417320251465,,,,,,,,,,,,,,,,,,,,,,,,,,
69,,,,,,,,,,,,1177,,,,,,,,,,,,,,,,,,,,,13.412737846374512,,3.3264060020446777,,3.3858652114868164,,3.374569892883301,,3.3258965015411377,,,,,,,,,,,,,,,,,,,,,,,,,,
69,,,,,,,,,,,,1178,,,,,,,,,,,,,,,,,,,,,13.61874008178711,,3.445524215698242,,3.51887845993042,,3.2021570205688477,,3.4521803855895996,,,,,,,,,,,,,,,,,,,,,,,,,,
69,,,,,,,,,,,,1179,,,,,,,,,,,,,,,,,,,,,14.144285202026367,,3.5696792602539062,,3.6261024475097656,,3.4035379886627197,,3.5449657440185547,,,,,,,,,,,,,,,,,,,,,,,,,,
69,,,,,,,,,,,,1180,,,,,,,,,,,,,,,,,,,,,14.868938446044922,,3.390749454498291,,3.462782144546509,,4.64506196975708,,3.3703455924987793,,,,,,,,,,,,,,,,,,,,,,,,,,
69,,,,,,,,,,,,1181,,,,,,,,,,,,,,,,,,,,,15.836736679077148,,3.636181116104126,,3.702407121658325,,4.849997043609619,,3.64815092086792,,,,,,,,,,,,,,,,,,,,,,,,,,
69,,,,,,,,,,,,1182,,,,,,,,,,,,,,,,,,,,,13.690814971923828,,3.4902541637420654,,3.5226073265075684,,3.223376750946045,,3.4545769691467285,,,,,,,,,,,,,,,,,,,,,,,,,,
69,,,,,,,,,,,,1183,,,,,,,,,,,,,,,,,,,,,13.444108009338379,,3.3754050731658936,,3.445446014404297,,3.2970848083496094,,3.326171875,,,,,,,,,,,,,,,,,,,,,,,,,,
69,,,,,,,,,,,,1184,,,,,,,,,,,,,,,,,,,,,13.881229400634766,,3.5008745193481445,,3.5212364196777344,,3.362687587738037,,3.496429920196533,,,,,,,,,,,,,,,,,,,,,,,,,,
69,,,,,,,,,,,,1185,,,,,,,,,,,,,,,,,,,,,13.406163215637207,,3.334895133972168,,3.3647093772888184,,3.3918333053588867,,3.314724922180176,,,,,,,,,,,,,,,,,,,,,,,,,,
69,,,,,,,,,,,,1186,,,,,,,,,,,,,,,,,,,,,14.97704792022705,,3.407956600189209,,3.473118305206299,,4.693472862243652,,3.4024996757507324,,,,,,,,,,,,,,,,,,,,,,,,,,
69,,,,,,,,,,,,1187,,,,,,,,,,,,,,,,,,,,,14.029478073120117,,3.4521727561950684,,3.485321521759033,,3.6675057411193848,,3.424478769302368,,,,,,,,,,,,,,,,,,,,,,,,,,
69,,,,,,,,,,,,1188,,,,,,,,,,,,,,,,,,,,,15.434216499328613,,3.4921875,,3.5824317932128906,,4.872134208679199,,3.4874629974365234,,,,,,,,,,,,,,,,,,,,,,,,,,
69,,,,,,,,,,,,1189,,,,,,,,,,,,,,,,,,,,,9.109264373779297,,2.535008430480957,,2.4173169136047363,,1.704113245010376,,2.4528257846832275,,,,,,,,,,,,,,,,,,,,,,,,,,
,,,,,,,,,,,,69,,,,,,,,,,,,,,,,,,,,,,,,,,,,,,,,,,,,,,,,,,,,,,,,,,,,,,,15.860241889953613
69,,,,,,,,,,,,1189,,,,,,,,,,,,,,,,,,,,,,,,,,,,,,,,,,,,,0.5600000023841858,0.8849999904632568,2.5975522994995117,3.1888632774353027,3.03300404548645,2.920834541320801,4.119987964630127,0.2800000011920929,0.1850000023841858,0.3499999940395355,0.26499998569488525,0.11500000208616257,0.6650000214576721,0.5849999785423279,0.675000011920929,0.6100000143051147,0.32499998807907104,15.860241889953613,
69,,,,,,16540.0,,,,,,1189,,,,,,,,,,,,,,,,,,,,14.138623237609863,,3.4433488845825195,,3.5020716190338135,,3.7644810676574707,,3.4287216663360596,,,,0.4855804443359375,0.4820435345172882,0.38180166482925415,0.4872128367424011,0.4722490906715393,,,,,,,,,,,,,,,,,,,
70,,,,,,,,,,,,1190,,,,,,,,,,,,,,,,,,,,,13.720160484313965,,3.4157261848449707,,3.4834437370300293,,3.4131689071655273,,3.4078209400177,,,,,,,,,,,,,,,,,,,,,,,,,,
70,,,,,,,,,,,,1191,,,,,,,,,,,,,,,,,,,,,13.425335884094238,,3.3464698791503906,,3.386301279067993,,3.355637311935425,,3.3369271755218506,,,,,,,,,,,,,,,,,,,,,,,,,,
70,,,,,,,,,,,,1192,,,,,,,,,,,,,,,,,,,,,13.418277740478516,,3.428818702697754,,3.4571940898895264,,3.1634163856506348,,3.3688483238220215,,,,,,,,,,,,,,,,,,,,,,,,,,
70,,,,,,,,,,,,1193,,,,,,,,,,,,,,,,,,,,,13.745420455932617,,3.448401927947998,,3.485806465148926,,3.3824353218078613,,3.428776741027832,,,,,,,,,,,,,,,,,,,,,,,,,,
70,,,,,,,,,,,,1194,,,,,,,,,,,,,,,,,,,,,14.148183822631836,,3.5470762252807617,,3.5832791328430176,,3.520780563354492,,3.4970481395721436,,,,,,,,,,,,,,,,,,,,,,,,,,
70,,,,,,,,,,,,1195,,,,,,,,,,,,,,,,,,,,,14.037713050842285,,3.4971811771392822,,3.5380969047546387,,3.520829200744629,,3.481605052947998,,,,,,,,,,,,,,,,,,,,,,,,,,
70,,,,,,,,,,,,1196,,,,,,,,,,,,,,,,,,,,,13.33070182800293,,3.3667526245117188,,3.4120805263519287,,3.2150330543518066,,3.336834669113159,,,,,,,,,,,,,,,,,,,,,,,,,,
70,,,,,,,,,,,,1197,,,,,,,,,,,,,,,,,,,,,14.891424179077148,,3.6986496448516846,,3.672424554824829,,3.8587584495544434,,3.661591053009033,,,,,,,,,,,,,,,,,,,,,,,,,,
70,,,,,,,,,,,,1198,,,,,,,,,,,,,,,,,,,,,15.317502975463867,,3.480076313018799,,3.5118894577026367,,4.843344688415527,,3.4821927547454834,,,,,,,,,,,,,,,,,,,,,,,,,,
70,,,,,,,,,,,,1199,,,,,,,,,,,,,,,,,,,,,13.782295227050781,,3.537263870239258,,3.558293581008911,,3.1866135597229004,,3.500123977661133,,,,,,,,,,,,,,,,,,,,,,,,,,
70,,,,,,,,,,,,1200,,,,,,,,,,,,,,,,,,,,,13.965871810913086,,3.529090642929077,,3.5627589225769043,,3.4269449710845947,,3.4470767974853516,,,,,,,,,,,,,,,,,,,,,,,,,,
70,,,,,,,,,,,,1201,,,,,,,,,,,,,,,,,,,,,13.83480167388916,,3.4095406532287598,,3.47774600982666,,3.537703514099121,,3.409811496734619,,,,,,,,,,,,,,,,,,,,,,,,,,
70,,,,,,,,,,,,1202,,,,,,,,,,,,,,,,,,,,,13.837801933288574,,3.4594039916992188,,3.52752685546875,,3.3654062747955322,,3.4854648113250732,,,,,,,,,,,,,,,,,,,,,,,,,,
70,,,,,,,,,,,,1203,,,,,,,,,,,,,,,,,,,,,13.167984008789062,,3.218780994415283,,3.2819650173187256,,3.4689412117004395,,3.1982975006103516,,,,,,,,,,,,,,,,,,,,,,,,,,
70,,,,,,,,,,,,1204,,,,,,,,,,,,,,,,,,,,,13.744644165039062,,3.433056116104126,,3.464590311050415,,3.4634432792663574,,3.383554220199585,,,,,,,,,,,,,,,,,,,,,,,,,,
70,,,,,,,,,,,,1205,,,,,,,,,,,,,,,,,,,,,13.63058853149414,,3.460448980331421,,3.477497100830078,,3.263946056365967,,3.428697109222412,,,,,,,,,,,,,,,,,,,,,,,,,,
70,,,,,,,,,,,,1206,,,,,,,,,,,,,,,,,,,,,8.897784233093262,,2.3300487995147705,,2.3151769638061523,,1.9254262447357178,,2.327132225036621,,,,,,,,,,,,,,,,,,,,,,,,,,
,,,,,,,,,,,,70,,,,,,,,,,,,,,,,,,,,,,,,,,,,,,,,,,,,,,,,,,,,,,,,,,,,,,,16.15469741821289
70,,,,,,,,,,,,1206,,,,,,,,,,,,,,,,,,,,,,,,,,,,,,,,,,,,,0.5699999928474426,0.8999999761581421,2.669698715209961,3.1697874069213867,3.344386100769043,2.8516180515289307,4.11920690536499,0.2750000059604645,0.1850000023841858,0.3050000071525574,0.2750000059604645,0.11500000208616257,0.6549999713897705,0.574999988079071,0.625,0.5899999737739563,0.32499998807907104,16.15469741821289,
70,,,,,,16540.0,,,,,,1206,,,,,,,,,,,,,,,,,,,,13.827975273132324,,3.444188117980957,,3.4814512729644775,,3.4843075275421143,,3.41802978515625,,,,0.48648732900619507,0.4850967526435852,0.4012696444988251,0.4871826171875,0.47200727462768555,,,,,,,,,,,,,,,,,,,
71,,,,,,,,,,,,1207,,,,,,,,,,,,,,,,,,,,,14.023236274719238,,3.4669132232666016,,3.562225341796875,,3.5390594005584717,,3.455038547515869,,,,,,,,,,,,,,,,,,,,,,,,,,
71,,,,,,,,,,,,1208,,,,,,,,,,,,,,,,,,,,,13.207763671875,,3.328066825866699,,3.3856515884399414,,3.2068729400634766,,3.287172794342041,,,,,,,,,,,,,,,,,,,,,,,,,,
71,,,,,,,,,,,,1209,,,,,,,,,,,,,,,,,,,,,13.665926933288574,,3.452003002166748,,3.5212044715881348,,3.226748466491699,,3.465970993041992,,,,,,,,,,,,,,,,,,,,,,,,,,
71,,,,,,,,,,,,1210,,,,,,,,,,,,,,,,,,,,,13.653950691223145,,3.454843282699585,,3.467729091644287,,3.3195488452911377,,3.411830425262451,,,,,,,,,,,,,,,,,,,,,,,,,,
71,,,,,,,,,,,,1211,,,,,,,,,,,,,,,,,,,,,14.0484619140625,,3.526447296142578,,3.576770544052124,,3.4429128170013428,,3.502330780029297,,,,,,,,,,,,,,,,,,,,,,,,,,
71,,,,,,,,,,,,1212,,,,,,,,,,,,,,,,,,,,,13.790958404541016,,3.4550600051879883,,3.5358495712280273,,3.3289008140563965,,3.471147060394287,,,,,,,,,,,,,,,,,,,,,,,,,,
71,,,,,,,,,,,,1213,,,,,,,,,,,,,,,,,,,,,14.144657135009766,,3.6011669635772705,,3.5970072746276855,,3.3449597358703613,,3.6015243530273438,,,,,,,,,,,,,,,,,,,,,,,,,,
71,,,,,,,,,,,,1214,,,,,,,,,,,,,,,,,,,,,13.711609840393066,,3.3953652381896973,,3.4149656295776367,,3.518699884414673,,3.3825795650482178,,,,,,,,,,,,,,,,,,,,,,,,,,
71,,,,,,,,,,,,1215,,,,,,,,,,,,,,,,,,,,,13.832860946655273,,3.4828529357910156,,3.5228400230407715,,3.385143280029297,,3.4420242309570312,,,,,,,,,,,,,,,,,,,,,,,,,,
71,,,,,,,,,,,,1216,,,,,,,,,,,,,,,,,,,,,14.47866439819336,,3.2636656761169434,,3.314300537109375,,4.667579174041748,,3.233119487762451,,,,,,,,,,,,,,,,,,,,,,,,,,
71,,,,,,,,,,,,1217,,,,,,,,,,,,,,,,,,,,,13.628079414367676,,3.39933443069458,,3.494563579559326,,3.320115327835083,,3.4140663146972656,,,,,,,,,,,,,,,,,,,,,,,,,,
71,,,,,,,,,,,,1218,,,,,,,,,,,,,,,,,,,,,13.508475303649902,,3.3650968074798584,,3.384228229522705,,3.4172585010528564,,3.341892719268799,,,,,,,,,,,,,,,,,,,,,,,,,,
71,,,,,,,,,,,,1219,,,,,,,,,,,,,,,,,,,,,15.39996337890625,,3.5012660026550293,,3.538869619369507,,4.849862575531006,,3.5099642276763916,,,,,,,,,,,,,,,,,,,,,,,,,,
71,,,,,,,,,,,,1220,,,,,,,,,,,,,,,,,,,,,14.451685905456543,,3.310379981994629,,3.3630547523498535,,4.472051620483398,,3.306199550628662,,,,,,,,,,,,,,,,,,,,,,,,,,
71,,,,,,,,,,,,1221,,,,,,,,,,,,,,,,,,,,,13.49753475189209,,3.343040943145752,,3.419628620147705,,3.366806745529175,,3.3680577278137207,,,,,,,,,,,,,,,,,,,,,,,,,,
71,,,,,,,,,,,,1222,,,,,,,,,,,,,,,,,,,,,13.923727035522461,,3.5383493900299072,,3.5850062370300293,,3.315187692642212,,3.4851837158203125,,,,,,,,,,,,,,,,,,,,,,,,,,
71,,,,,,,,,,,,1223,,,,,,,,,,,,,,,,,,,,,8.44266128540039,,2.3859171867370605,,2.2726056575775146,,1.3980035781860352,,2.386134624481201,,,,,,,,,,,,,,,,,,,,,,,,,,
,,,,,,,,,,,,71,,,,,,,,,,,,,,,,,,,,,,,,,,,,,,,,,,,,,,,,,,,,,,,,,,,,,,,15.776241302490234
71,,,,,,,,,,,,1223,,,,,,,,,,,,,,,,,,,,,,,,,,,,,,,,,,,,,0.6200000047683716,0.8899999856948853,2.5502495765686035,3.186183452606201,3.0474300384521484,2.8744149208068848,4.1179633140563965,0.32499998807907104,0.20999999344348907,0.36000001430511475,0.2549999952316284,0.11500000208616257,0.7200000286102295,0.5350000262260437,0.6700000166893005,0.5849999785423279,0.32499998807907104,15.776241302490234,
71,,,,,,16540.0,,,,,,1223,,,,,,,,,,,,,,,,,,,,13.88366413116455,,3.4203908443450928,,3.46885347366333,,3.586766481399536,,3.4076550006866455,,,,0.4870012104511261,0.4863663613796234,0.3974304795265198,0.48790809512138367,0.4692261517047882,,,,,,,,,,,,,,,,,,,
72,,,,,,,,,,,,1224,,,,,,,,,,,,,,,,,,,,,15.098094940185547,,3.4520702362060547,,3.503556728363037,,4.675621032714844,,3.4668471813201904,,,,,,,,,,,,,,,,,,,,,,,,,,
72,,,,,,,,,,,,1225,,,,,,,,,,,,,,,,,,,,,13.834733963012695,,3.5682482719421387,,3.5750980377197266,,3.1671388149261475,,3.5242488384246826,,,,,,,,,,,,,,,,,,,,,,,,,,
72,,,,,,,,,,,,1226,,,,,,,,,,,,,,,,,,,,,13.20741081237793,,3.369267702102661,,3.4169907569885254,,3.074553966522217,,3.3465986251831055,,,,,,,,,,,,,,,,,,,,,,,,,,
72,,,,,,,,,,,,1227,,,,,,,,,,,,,,,,,,,,,13.026126861572266,,3.2051563262939453,,3.2871854305267334,,3.345463275909424,,3.188322067260742,,,,,,,,,,,,,,,,,,,,,,,,,,
72,,,,,,,,,,,,1228,,,,,,,,,,,,,,,,,,,,,13.460089683532715,,3.483863353729248,,3.507075786590576,,3.0068464279174805,,3.46230411529541,,,,,,,,,,,,,,,,,,,,,,,,,,
72,,,,,,,,,,,,1229,,,,,,,,,,,,,,,,,,,,,13.792088508605957,,3.5509467124938965,,3.5308725833892822,,3.1723995208740234,,3.537869453430176,,,,,,,,,,,,,,,,,,,,,,,,,,
72,,,,,,,,,,,,1230,,,,,,,,,,,,,,,,,,,,,13.242497444152832,,3.364499568939209,,3.4046285152435303,,3.1336171627044678,,3.3397514820098877,,,,,,,,,,,,,,,,,,,,,,,,,,
72,,,,,,,,,,,,1231,,,,,,,,,,,,,,,,,,,,,13.96037483215332,,3.556540012359619,,3.581855058670044,,3.2605297565460205,,3.561450719833374,,,,,,,,,,,,,,,,,,,,,,,,,,
72,,,,,,,,,,,,1232,,,,,,,,,,,,,,,,,,,,,13.790096282958984,,3.5441675186157227,,3.5467379093170166,,3.1705586910247803,,3.5286316871643066,,,,,,,,,,,,,,,,,,,,,,,,,,
72,,,,,,,,,,,,1233,,,,,,,,,,,,,,,,,,,,,13.692660331726074,,3.479814052581787,,3.554184913635254,,3.1884734630584717,,3.470187187194824,,,,,,,,,,,,,,,,,,,,,,,,,,
72,,,,,,,,,,,,1234,,,,,,,,,,,,,,,,,,,,,13.28518009185791,,3.3665146827697754,,3.408533811569214,,3.149956703186035,,3.3601746559143066,,,,,,,,,,,,,,,,,,,,,,,,,,
72,,,,,,,,,,,,1235,,,,,,,,,,,,,,,,,,,,,13.158773422241211,,3.3564963340759277,,3.40322208404541,,3.074913501739502,,3.3241419792175293,,,,,,,,,,,,,,,,,,,,,,,,,,
72,,,,,,,,,,,,1236,,,,,,,,,,,,,,,,,,,,,14.77874755859375,,3.405470848083496,,3.4533605575561523,,4.542936325073242,,3.3769798278808594,,,,,,,,,,,,,,,,,,,,,,,,,,
72,,,,,,,,,,,,1237,,,,,,,,,,,,,,,,,,,,,14.883478164672852,,3.4428606033325195,,3.476717472076416,,4.528879165649414,,3.435021162033081,,,,,,,,,,,,,,,,,,,,,,,,,,
72,,,,,,,,,,,,1238,,,,,,,,,,,,,,,,,,,,,13.338140487670898,,3.4152867794036865,,3.41379451751709,,3.1163415908813477,,3.3927173614501953,,,,,,,,,,,,,,,,,,,,,,,,,,
72,,,,,,,,,,,,1239,,,,,,,,,,,,,,,,,,,,,13.195164680480957,,3.3319482803344727,,3.4159581661224365,,3.1055688858032227,,3.3416895866394043,,,,,,,,,,,,,,,,,,,,,,,,,,
72,,,,,,,,,,,,1240,,,,,,,,,,,,,,,,,,,,,7.0395188331604,,1.9120336771011353,,1.9003678560256958,,1.346011757850647,,1.8811055421829224,,,,,,,,,,,,,,,,,,,,,,,,,,
,,,,,,,,,,,,72,,,,,,,,,,,,,,,,,,,,,,,,,,,,,,,,,,,,,,,,,,,,,,,,,,,,,,,15.634346961975098
72,,,,,,,,,,,,1240,,,,,,,,,,,,,,,,,,,,,,,,,,,,,,,,,,,,,0.6000000238418579,0.8700000047683716,2.571356773376465,3.2053909301757812,2.903726577758789,2.8349733352661133,4.118899345397949,0.29499998688697815,0.2199999988079071,0.3449999988079071,0.27000001072883606,0.11500000208616257,0.6850000023841858,0.5600000023841858,0.7400000095367432,0.6050000190734863,0.32499998807907104,15.634346961975098,
72,,,,,,16540.0,,,,,,1240,,,,,,,,,,,,,,,,,,,,13.670838356018066,,3.416497230529785,,3.4527056217193604,,3.4000542163848877,,3.401581287384033,,,,0.4865477681159973,0.48642686009407043,0.4256650507450104,0.4886336326599121,0.47179558873176575,,,,,,,,,,,,,,,,,,,
73,,,,,,,,,,,,1241,,,,,,,,,,,,,,,,,,,,,14.645637512207031,,3.357304334640503,,3.3805994987487793,,4.576258182525635,,3.3314762115478516,,,,,,,,,,,,,,,,,,,,,,,,,,
73,,,,,,,,,,,,1242,,,,,,,,,,,,,,,,,,,,,12.92270278930664,,3.3140740394592285,,3.3727898597717285,,2.9197611808776855,,3.31607723236084,,,,,,,,,,,,,,,,,,,,,,,,,,
73,,,,,,,,,,,,1243,,,,,,,,,,,,,,,,,,,,,13.079057693481445,,3.360929489135742,,3.3837671279907227,,2.986060380935669,,3.3483011722564697,,,,,,,,,,,,,,,,,,,,,,,,,,
73,,,,,,,,,,,,1244,,,,,,,,,,,,,,,,,,,,,13.978094100952148,,3.592008352279663,,3.629715919494629,,3.1487865447998047,,3.607583522796631,,,,,,,,,,,,,,,,,,,,,,,,,,
73,,,,,,,,,,,,1245,,,,,,,,,,,,,,,,,,,,,14.805471420288086,,3.4093117713928223,,3.476408004760742,,4.486351490020752,,3.433401107788086,,,,,,,,,,,,,,,,,,,,,,,,,,
73,,,,,,,,,,,,1246,,,,,,,,,,,,,,,,,,,,,13.094489097595215,,3.3725836277008057,,3.3729522228240967,,3.0069780349731445,,3.341974973678589,,,,,,,,,,,,,,,,,,,,,,,,,,
73,,,,,,,,,,,,1247,,,,,,,,,,,,,,,,,,,,,13.690203666687012,,3.540102958679199,,3.553969383239746,,3.058988571166992,,3.537142753601074,,,,,,,,,,,,,,,,,,,,,,,,,,
73,,,,,,,,,,,,1248,,,,,,,,,,,,,,,,,,,,,13.201864242553711,,3.3908143043518066,,3.410616397857666,,3.0262413024902344,,3.374192237854004,,,,,,,,,,,,,,,,,,,,,,,,,,
73,,,,,,,,,,,,1249,,,,,,,,,,,,,,,,,,,,,12.861507415771484,,3.327172040939331,,3.3411357402801514,,2.8558363914489746,,3.3373634815216064,,,,,,,,,,,,,,,,,,,,,,,,,,
73,,,,,,,,,,,,1250,,,,,,,,,,,,,,,,,,,,,13.169835090637207,,3.3386220932006836,,3.3675646781921387,,3.1462242603302,,3.3174242973327637,,,,,,,,,,,,,,,,,,,,,,,,,,
73,,,,,,,,,,,,1251,,,,,,,,,,,,,,,,,,,,,13.142602920532227,,3.3630809783935547,,3.3995931148529053,,3.0430827140808105,,3.336846351623535,,,,,,,,,,,,,,,,,,,,,,,,,,
73,,,,,,,,,,,,1252,,,,,,,,,,,,,,,,,,,,,13.225160598754883,,3.3773434162139893,,3.3935117721557617,,3.0894322395324707,,3.3648734092712402,,,,,,,,,,,,,,,,,,,,,,,,,,
73,,,,,,,,,,,,1253,,,,,,,,,,,,,,,,,,,,,14.330194473266602,,3.3036067485809326,,3.360342025756836,,4.369335174560547,,3.2969107627868652,,,,,,,,,,,,,,,,,,,,,,,,,,
73,,,,,,,,,,,,1254,,,,,,,,,,,,,,,,,,,,,14.011122703552246,,3.6403791904449463,,3.669315814971924,,3.052323341369629,,3.6491048336029053,,,,,,,,,,,,,,,,,,,,,,,,,,
73,,,,,,,,,,,,1255,,,,,,,,,,,,,,,,,,,,,13.414700508117676,,3.4614806175231934,,3.4798941612243652,,3.0287771224975586,,3.444549083709717,,,,,,,,,,,,,,,,,,,,,,,,,,
73,,,,,,,,,,,,1256,,,,,,,,,,,,,,,,,,,,,15.115692138671875,,3.5002551078796387,,3.513193130493164,,4.61016845703125,,3.492074966430664,,,,,,,,,,,,,,,,,,,,,,,,,,
73,,,,,,,,,,,,1257,,,,,,,,,,,,,,,,,,,,,7.128009796142578,,1.8864495754241943,,1.8979551792144775,,1.4175794124603271,,1.926025629043579,,,,,,,,,,,,,,,,,,,,,,,,,,
,,,,,,,,,,,,73,,,,,,,,,,,,,,,,,,,,,,,,,,,,,,,,,,,,,,,,,,,,,,,,,,,,,,,15.870664596557617
73,,,,,,,,,,,,1257,,,,,,,,,,,,,,,,,,,,,,,,,,,,,,,,,,,,,0.6050000190734863,0.8899999856948853,2.6111679077148438,3.155165195465088,3.123986005783081,2.860584020614624,4.1197614669799805,0.28999999165534973,0.2199999988079071,0.3799999952316284,0.2800000011920929,0.11999999731779099,0.675000011920929,0.574999988079071,0.6700000166893005,0.574999988079071,0.32499998807907104,15.8706636428833,
73,,,,,,16540.0,,,,,,1257,,,,,,,,,,,,,,,,,,,,13.606338500976562,,3.4011447429656982,,3.429502487182617,,3.381587505340576,,3.3941023349761963,,,,0.4890870749950409,0.4914449453353882,0.4352780878543854,0.4885731637477875,0.46686822175979614,,,,,,,,,,,,,,,,,,,
74,,,,,,,,,,,,1258,,,,,,,,,,,,,,,,,,,,,12.874935150146484,,3.282130718231201,,3.3360748291015625,,2.9721486568450928,,3.2845802307128906,,,,,,,,,,,,,,,,,,,,,,,,,,
74,,,,,,,,,,,,1259,,,,,,,,,,,,,,,,,,,,,13.167242050170898,,3.441915988922119,,3.427280902862549,,2.8841567039489746,,3.4138875007629395,,,,,,,,,,,,,,,,,,,,,,,,,,
74,,,,,,,,,,,,1260,,,,,,,,,,,,,,,,,,,,,13.506174087524414,,3.5133800506591797,,3.506187915802002,,2.997986316680908,,3.488619327545166,,,,,,,,,,,,,,,,,,,,,,,,,,
74,,,,,,,,,,,,1261,,,,,,,,,,,,,,,,,,,,,14.93901252746582,,3.503589630126953,,3.5126359462738037,,4.430581569671631,,3.4922056198120117,,,,,,,,,,,,,,,,,,,,,,,,,,
74,,,,,,,,,,,,1262,,,,,,,,,,,,,,,,,,,,,14.70461368560791,,3.4166011810302734,,3.4832606315612793,,4.396937370300293,,3.4078145027160645,,,,,,,,,,,,,,,,,,,,,,,,,,
74,,,,,,,,,,,,1263,,,,,,,,,,,,,,,,,,,,,14.202718734741211,,3.3041958808898926,,3.3282830715179443,,4.2630228996276855,,3.3072166442871094,,,,,,,,,,,,,,,,,,,,,,,,,,
74,,,,,,,,,,,,1264,,,,,,,,,,,,,,,,,,,,,14.21881103515625,,3.291416645050049,,3.3192310333251953,,4.305508613586426,,3.302654504776001,,,,,,,,,,,,,,,,,,,,,,,,,,
74,,,,,,,,,,,,1265,,,,,,,,,,,,,,,,,,,,,13.525463104248047,,3.5118842124938965,,3.5155696868896484,,3.0046253204345703,,3.4933838844299316,,,,,,,,,,,,,,,,,,,,,,,,,,
74,,,,,,,,,,,,1266,,,,,,,,,,,,,,,,,,,,,14.228937149047852,,3.3007125854492188,,3.344308376312256,,4.295172214508057,,3.288743495941162,,,,,,,,,,,,,,,,,,,,,,,,,,
74,,,,,,,,,,,,1267,,,,,,,,,,,,,,,,,,,,,14.16115951538086,,3.263136863708496,,3.3246827125549316,,4.304471969604492,,3.2688674926757812,,,,,,,,,,,,,,,,,,,,,,,,,,
74,,,,,,,,,,,,1268,,,,,,,,,,,,,,,,,,,,,14.379809379577637,,3.3190999031066895,,3.4101357460021973,,4.360978126525879,,3.289595127105713,,,,,,,,,,,,,,,,,,,,,,,,,,
74,,,,,,,,,,,,1269,,,,,,,,,,,,,,,,,,,,,14.896676063537598,,3.455362319946289,,3.5064334869384766,,4.4621429443359375,,3.4727370738983154,,,,,,,,,,,,,,,,,,,,,,,,,,
74,,,,,,,,,,,,1270,,,,,,,,,,,,,,,,,,,,,13.105525016784668,,3.356964111328125,,3.360069751739502,,3.0723562240600586,,3.316134214401245,,,,,,,,,,,,,,,,,,,,,,,,,,
74,,,,,,,,,,,,1271,,,,,,,,,,,,,,,,,,,,,13.609373092651367,,3.5530011653900146,,3.5609841346740723,,2.974496841430664,,3.520890235900879,,,,,,,,,,,,,,,,,,,,,,,,,,
74,,,,,,,,,,,,1272,,,,,,,,,,,,,,,,,,,,,13.570704460144043,,3.492117404937744,,3.525716781616211,,3.0684709548950195,,3.48439884185791,,,,,,,,,,,,,,,,,,,,,,,,,,
74,,,,,,,,,,,,1273,,,,,,,,,,,,,,,,,,,,,13.243996620178223,,3.403031826019287,,3.467376232147217,,2.969210386276245,,3.4043774604797363,,,,,,,,,,,,,,,,,,,,,,,,,,
74,,,,,,,,,,,,1274,,,,,,,,,,,,,,,,,,,,,8.369882583618164,,2.394498825073242,,2.2555389404296875,,1.3850116729736328,,2.3348331451416016,,,,,,,,,,,,,,,,,,,,,,,,,,
,,,,,,,,,,,,74,,,,,,,,,,,,,,,,,,,,,,,,,,,,,,,,,,,,,,,,,,,,,,,,,,,,,,,15.785593032836914
74,,,,,,,,,,,,1274,,,,,,,,,,,,,,,,,,,,,,,,,,,,,,,,,,,,,0.6200000047683716,0.8949999809265137,2.5451536178588867,3.183314323425293,3.082644462585449,2.855139970779419,4.119340419769287,0.35499998927116394,0.20999999344348907,0.36000001430511475,0.25,0.11999999731779099,0.6850000023841858,0.5699999928474426,0.6499999761581421,0.5799999833106995,0.33000001311302185,15.785593032836914,
74,,,,,,16540.0,,,,,,1274,,,,,,,,,,,,,,,,,,,,13.843828201293945,,3.391045093536377,,3.4219088554382324,,3.6510655879974365,,3.3798067569732666,,,,0.49014511704444885,0.4884220063686371,0.4207375943660736,0.49084043502807617,0.4622732698917389,,,,,,,,,,,,,,,,,,,
75,,,,,,,,,,,,1275,,,,,,,,,,,,,,,,,,,,,13.152313232421875,,3.4359612464904785,,3.4464263916015625,,2.837614059448242,,3.4323110580444336,,,,,,,,,,,,,,,,,,,,,,,,,,
75,,,,,,,,,,,,1276,,,,,,,,,,,,,,,,,,,,,13.011602401733398,,3.3625593185424805,,3.391441822052002,,2.9030203819274902,,3.354581356048584,,,,,,,,,,,,,,,,,,,,,,,,,,
75,,,,,,,,,,,,1277,,,,,,,,,,,,,,,,,,,,,13.497661590576172,,3.543307065963745,,3.5342445373535156,,2.8941495418548584,,3.5259602069854736,,,,,,,,,,,,,,,,,,,,,,,,,,
75,,,,,,,,,,,,1278,,,,,,,,,,,,,,,,,,,,,12.860077857971191,,3.32666015625,,3.334963083267212,,2.904486894607544,,3.293968439102173,,,,,,,,,,,,,,,,,,,,,,,,,,
75,,,,,,,,,,,,1279,,,,,,,,,,,,,,,,,,,,,12.923995971679688,,3.3027455806732178,,3.333543539047241,,2.9774789810180664,,3.310227870941162,,,,,,,,,,,,,,,,,,,,,,,,,,
75,,,,,,,,,,,,1280,,,,,,,,,,,,,,,,,,,,,14.358116149902344,,3.3386387825012207,,3.356393337249756,,4.362453460693359,,3.300631046295166,,,,,,,,,,,,,,,,,,,,,,,,,,
75,,,,,,,,,,,,1281,,,,,,,,,,,,,,,,,,,,,14.719429969787598,,3.4339921474456787,,3.446045398712158,,4.379677772521973,,3.459714889526367,,,,,,,,,,,,,,,,,,,,,,,,,,
75,,,,,,,,,,,,1282,,,,,,,,,,,,,,,,,,,,,12.922192573547363,,3.33381986618042,,3.372069835662842,,2.902306318283081,,3.3139963150024414,,,,,,,,,,,,,,,,,,,,,,,,,,
75,,,,,,,,,,,,1283,,,,,,,,,,,,,,,,,,,,,13.256988525390625,,3.451215982437134,,3.4196627140045166,,2.9397473335266113,,3.4463624954223633,,,,,,,,,,,,,,,,,,,,,,,,,,
75,,,,,,,,,,,,1284,,,,,,,,,,,,,,,,,,,,,14.964065551757812,,3.515665054321289,,3.5455093383789062,,4.389172554016113,,3.513718843460083,,,,,,,,,,,,,,,,,,,,,,,,,,
75,,,,,,,,,,,,1285,,,,,,,,,,,,,,,,,,,,,13.224105834960938,,3.416212558746338,,3.4613099098205566,,2.940908908843994,,3.4056739807128906,,,,,,,,,,,,,,,,,,,,,,,,,,
75,,,,,,,,,,,,1286,,,,,,,,,,,,,,,,,,,,,14.052515983581543,,3.23970890045166,,3.2799839973449707,,4.277464866638184,,3.2553586959838867,,,,,,,,,,,,,,,,,,,,,,,,,,
75,,,,,,,,,,,,1287,,,,,,,,,,,,,,,,,,,,,13.272528648376465,,3.441340923309326,,3.463198184967041,,2.946579694747925,,3.421410322189331,,,,,,,,,,,,,,,,,,,,,,,,,,
75,,,,,,,,,,,,1288,,,,,,,,,,,,,,,,,,,,,12.602108001708984,,3.27838134765625,,3.3011474609375,,2.778728723526001,,3.2438511848449707,,,,,,,,,,,,,,,,,,,,,,,,,,
75,,,,,,,,,,,,1289,,,,,,,,,,,,,,,,,,,,,15.106884002685547,,3.5525901317596436,,3.565333604812622,,4.464348316192627,,3.524611711502075,,,,,,,,,,,,,,,,,,,,,,,,,,
75,,,,,,,,,,,,1290,,,,,,,,,,,,,,,,,,,,,14.222090721130371,,3.319392204284668,,3.347189426422119,,4.239142417907715,,3.3163673877716064,,,,,,,,,,,,,,,,,,,,,,,,,,
75,,,,,,,,,,,,1291,,,,,,,,,,,,,,,,,,,,,9.138596534729004,,2.14361572265625,,2.0936036109924316,,2.697397232055664,,2.203979969024658,,,,,,,,,,,,,,,,,,,,,,,,,,
,,,,,,,,,,,,75,,,,,,,,,,,,,,,,,,,,,,,,,,,,,,,,,,,,,,,,,,,,,,,,,,,,,,,15.724112510681152
75,,,,,,,,,,,,1291,,,,,,,,,,,,,,,,,,,,,,,,,,,,,,,,,,,,,0.6150000095367432,0.9100000262260437,2.556692123413086,3.1204614639282227,3.0443460941314697,2.8833389282226562,4.119274139404297,0.32499998807907104,0.20000000298023224,0.3499999940395355,0.25999999046325684,0.11999999731779099,0.6949999928474426,0.6000000238418579,0.6650000214576721,0.6000000238418579,0.32499998807907104,15.724112510681152,
75,,,,,,16540.0,,,,,,1291,,,,,,,,,,,,,,,,,,,,13.591767311096191,,3.3814754486083984,,3.399965524673462,,3.439018487930298,,3.3713066577911377,,,,0.4900241792201996,0.493379682302475,0.4394800364971161,0.48935914039611816,0.46683794260025024,,,,,,,,,,,,,,,,,,,
76,,,,,,,,,,,,1292,,,,,,,,,,,,,,,,,,,,,12.393335342407227,,3.234398603439331,,3.2533011436462402,,2.7030396461486816,,3.202596426010132,,,,,,,,,,,,,,,,,,,,,,,,,,
76,,,,,,,,,,,,1293,,,,,,,,,,,,,,,,,,,,,12.87037467956543,,3.3493003845214844,,3.3495540618896484,,2.821737766265869,,3.349782705307007,,,,,,,,,,,,,,,,,,,,,,,,,,
76,,,,,,,,,,,,1294,,,,,,,,,,,,,,,,,,,,,13.129582405090332,,3.3827614784240723,,3.419055461883545,,2.9098596572875977,,3.41790509223938,,,,,,,,,,,,,,,,,,,,,,,,,,
76,,,,,,,,,,,,1295,,,,,,,,,,,,,,,,,,,,,12.862627983093262,,3.323643684387207,,3.3612401485443115,,2.8473472595214844,,3.3303966522216797,,,,,,,,,,,,,,,,,,,,,,,,,,
76,,,,,,,,,,,,1296,,,,,,,,,,,,,,,,,,,,,13.098973274230957,,3.4031569957733154,,3.414407730102539,,2.8486897945404053,,3.4327187538146973,,,,,,,,,,,,,,,,,,,,,,,,,,
76,,,,,,,,,,,,1297,,,,,,,,,,,,,,,,,,,,,12.793907165527344,,3.3186473846435547,,3.3374476432800293,,2.8149566650390625,,3.322854995727539,,,,,,,,,,,,,,,,,,,,,,,,,,
76,,,,,,,,,,,,1298,,,,,,,,,,,,,,,,,,,,,12.719315528869629,,3.284587860107422,,3.2974605560302734,,2.841895341873169,,3.295372486114502,,,,,,,,,,,,,,,,,,,,,,,,,,
76,,,,,,,,,,,,1299,,,,,,,,,,,,,,,,,,,,,14.25082015991211,,3.295325517654419,,3.3382022380828857,,4.334229469299316,,3.283062696456909,,,,,,,,,,,,,,,,,,,,,,,,,,
76,,,,,,,,,,,,1300,,,,,,,,,,,,,,,,,,,,,13.032655715942383,,3.345757007598877,,3.3445887565612793,,2.9981768131256104,,3.3441333770751953,,,,,,,,,,,,,,,,,,,,,,,,,,
76,,,,,,,,,,,,1301,,,,,,,,,,,,,,,,,,,,,13.413755416870117,,3.479670763015747,,3.4545748233795166,,3.02659273147583,,3.4529168605804443,,,,,,,,,,,,,,,,,,,,,,,,,,
76,,,,,,,,,,,,1302,,,,,,,,,,,,,,,,,,,,,12.993684768676758,,3.3399720191955566,,3.364279270172119,,2.9482340812683105,,3.341198682785034,,,,,,,,,,,,,,,,,,,,,,,,,,
76,,,,,,,,,,,,1303,,,,,,,,,,,,,,,,,,,,,13.150030136108398,,3.371704578399658,,3.3923983573913574,,2.983093023300171,,3.402833938598633,,,,,,,,,,,,,,,,,,,,,,,,,,
76,,,,,,,,,,,,1304,,,,,,,,,,,,,,,,,,,,,13.106935501098633,,3.4092533588409424,,3.4249911308288574,,2.850943088531494,,3.421748638153076,,,,,,,,,,,,,,,,,,,,,,,,,,
76,,,,,,,,,,,,1305,,,,,,,,,,,,,,,,,,,,,13.668371200561523,,3.5857739448547363,,3.553499221801758,,2.9712977409362793,,3.557799816131592,,,,,,,,,,,,,,,,,,,,,,,,,,
76,,,,,,,,,,,,1306,,,,,,,,,,,,,,,,,,,,,13.534463882446289,,3.5073885917663574,,3.543609619140625,,2.973670482635498,,3.5097947120666504,,,,,,,,,,,,,,,,,,,,,,,,,,
76,,,,,,,,,,,,1307,,,,,,,,,,,,,,,,,,,,,13.160711288452148,,3.386578321456909,,3.4446449279785156,,2.9239985942840576,,3.405489206314087,,,,,,,,,,,,,,,,,,,,,,,,,,
76,,,,,,,,,,,,1308,,,,,,,,,,,,,,,,,,,,,8.683303833007812,,1.984297275543213,,1.951472520828247,,2.6922478675842285,,2.0552866458892822,,,,,,,,,,,,,,,,,,,,,,,,,,
,,,,,,,,,,,,76,,,,,,,,,,,,,,,,,,,,,,,,,,,,,,,,,,,,,,,,,,,,,,,,,,,,,,,16.09717559814453
76,,,,,,,,,,,,1308,,,,,,,,,,,,,,,,,,,,,,,,,,,,,,,,,,,,,0.6050000190734863,0.8949999809265137,2.607560157775879,3.267092227935791,3.2492339611053467,2.8541159629821777,4.119174003601074,0.3100000023841858,0.20000000298023224,0.32499998807907104,0.25,0.11500000208616257,0.6600000262260437,0.5649999976158142,0.6449999809265137,0.5950000286102295,0.32499998807907104,16.09717559814453,
76,,,,,,16540.0,,,,,,1308,,,,,,,,,,,,,,,,,,,,13.094222068786621,,3.362993001937866,,3.3797292709350586,,2.984577178955078,,3.366924524307251,,,,0.4918379783630371,0.4963119626045227,0.48285973072052,0.490538090467453,0.47140267491340637,,,,,,,,,,,,,,,,,,,
77,,,,,,,,,,,,1309,,,,,,,,,,,,,,,,,,,,,13.06096076965332,,3.418043375015259,,3.408738613128662,,2.8220255374908447,,3.412154197692871,,,,,,,,,,,,,,,,,,,,,,,,,,
77,,,,,,,,,,,,1310,,,,,,,,,,,,,,,,,,,,,12.353211402893066,,3.2471344470977783,,3.2840240001678467,,2.579362154006958,,3.2426910400390625,,,,,,,,,,,,,,,,,,,,,,,,,,
77,,,,,,,,,,,,1311,,,,,,,,,,,,,,,,,,,,,12.930274963378906,,3.349489688873291,,3.3239974975585938,,2.9166550636291504,,3.340132713317871,,,,,,,,,,,,,,,,,,,,,,,,,,
77,,,,,,,,,,,,1312,,,,,,,,,,,,,,,,,,,,,13.377098083496094,,3.47196364402771,,3.4700794219970703,,2.9222187995910645,,3.51283597946167,,,,,,,,,,,,,,,,,,,,,,,,,,
77,,,,,,,,,,,,1313,,,,,,,,,,,,,,,,,,,,,13.093238830566406,,3.4569478034973145,,3.457324504852295,,2.7452359199523926,,3.4337306022644043,,,,,,,,,,,,,,,,,,,,,,,,,,
77,,,,,,,,,,,,1314,,,,,,,,,,,,,,,,,,,,,12.856074333190918,,3.3173980712890625,,3.3421576023101807,,2.867711067199707,,3.328807830810547,,,,,,,,,,,,,,,,,,,,,,,,,,
77,,,,,,,,,,,,1315,,,,,,,,,,,,,,,,,,,,,13.073174476623535,,3.411781072616577,,3.4390666484832764,,2.836794853210449,,3.385531425476074,,,,,,,,,,,,,,,,,,,,,,,,,,
77,,,,,,,,,,,,1316,,,,,,,,,,,,,,,,,,,,,13.994873046875,,3.2249386310577393,,3.329068183898926,,4.206036567687988,,3.234829902648926,,,,,,,,,,,,,,,,,,,,,,,,,,
77,,,,,,,,,,,,1317,,,,,,,,,,,,,,,,,,,,,14.240518569946289,,3.320560932159424,,3.3125462532043457,,4.281064987182617,,3.3263463973999023,,,,,,,,,,,,,,,,,,,,,,,,,,
77,,,,,,,,,,,,1318,,,,,,,,,,,,,,,,,,,,,15.05012035369873,,3.524966239929199,,3.538583755493164,,4.471116065979004,,3.5154542922973633,,,,,,,,,,,,,,,,,,,,,,,,,,
77,,,,,,,,,,,,1319,,,,,,,,,,,,,,,,,,,,,13.997352600097656,,3.268629789352417,,3.2982301712036133,,4.1824541091918945,,3.2480387687683105,,,,,,,,,,,,,,,,,,,,,,,,,,
77,,,,,,,,,,,,1320,,,,,,,,,,,,,,,,,,,,,14.579024314880371,,3.4091241359710693,,3.462061882019043,,4.293661117553711,,3.4141769409179688,,,,,,,,,,,,,,,,,,,,,,,,,,
77,,,,,,,,,,,,1321,,,,,,,,,,,,,,,,,,,,,14.957219123840332,,3.5174081325531006,,3.5133237838745117,,4.393758773803711,,3.5327281951904297,,,,,,,,,,,,,,,,,,,,,,,,,,
77,,,,,,,,,,,,1322,,,,,,,,,,,,,,,,,,,,,12.570300102233887,,3.294456958770752,,3.3162331581115723,,2.685816764831543,,3.2737934589385986,,,,,,,,,,,,,,,,,,,,,,,,,,
77,,,,,,,,,,,,1323,,,,,,,,,,,,,,,,,,,,,13.948187828063965,,3.2510085105895996,,3.3075177669525146,,4.132859230041504,,3.256802558898926,,,,,,,,,,,,,,,,,,,,,,,,,,
77,,,,,,,,,,,,1324,,,,,,,,,,,,,,,,,,,,,12.750571250915527,,3.3366096019744873,,3.3607964515686035,,2.7314212322235107,,3.3217434883117676,,,,,,,,,,,,,,,,,,,,,,,,,,
77,,,,,,,,,,,,1325,,,,,,,,,,,,,,,,,,,,,9.699831008911133,,2.30914568901062,,2.247720241546631,,2.7651681900024414,,2.3777976036071777,,,,,,,,,,,,,,,,,,,,,,,,,,
,,,,,,,,,,,,77,,,,,,,,,,,,,,,,,,,,,,,,,,,,,,,,,,,,,,,,,,,,,,,,,,,,,,,16.01309585571289
77,,,,,,,,,,,,1325,,,,,,,,,,,,,,,,,,,,,,,,,,,,,,,,,,,,,0.5899999737739563,0.8899999856948853,2.630169630050659,3.190988779067993,3.166745185852051,2.9054808616638184,4.119711399078369,0.3149999976158142,0.20499999821186066,0.33000001311302185,0.25,0.11500000208616257,0.6850000023841858,0.5699999928474426,0.6600000262260437,0.574999988079071,0.32499998807907104,16.01309585571289,
77,,,,,,16540.0,,,,,,1325,,,,,,,,,,,,,,,,,,,,13.515677452087402,,3.3538315296173096,,3.3745059967041016,,3.4353809356689453,,3.351961851119995,,,,0.49359130859375,0.4960399568080902,0.44873037934303284,0.49304717779159546,0.4682285487651825,,,,,,,,,,,,,,,,,,,
78,,,,,,,,,,,,1326,,,,,,,,,,,,,,,,,,,,,12.588834762573242,,3.334197521209717,,3.3427281379699707,,2.5657424926757812,,3.346165895462036,,,,,,,,,,,,,,,,,,,,,,,,,,
78,,,,,,,,,,,,1327,,,,,,,,,,,,,,,,,,,,,12.711389541625977,,3.291856527328491,,3.3369736671447754,,2.7758116722106934,,3.3067476749420166,,,,,,,,,,,,,,,,,,,,,,,,,,
78,,,,,,,,,,,,1328,,,,,,,,,,,,,,,,,,,,,13.414511680603027,,3.485133647918701,,3.496208667755127,,2.9321203231811523,,3.5010483264923096,,,,,,,,,,,,,,,,,,,,,,,,,,
78,,,,,,,,,,,,1329,,,,,,,,,,,,,,,,,,,,,14.622129440307617,,3.399322986602783,,3.4233181476593018,,4.3761887550354,,3.4232993125915527,,,,,,,,,,,,,,,,,,,,,,,,,,
78,,,,,,,,,,,,1330,,,,,,,,,,,,,,,,,,,,,12.860496520996094,,3.3611698150634766,,3.377483367919922,,2.774442195892334,,3.3474011421203613,,,,,,,,,,,,,,,,,,,,,,,,,,
78,,,,,,,,,,,,1331,,,,,,,,,,,,,,,,,,,,,12.861966133117676,,3.3647565841674805,,3.324315309524536,,2.794656753540039,,3.3782379627227783,,,,,,,,,,,,,,,,,,,,,,,,,,
78,,,,,,,,,,,,1332,,,,,,,,,,,,,,,,,,,,,12.961542129516602,,3.4457242488861084,,3.413870334625244,,2.6920113563537598,,3.40993595123291,,,,,,,,,,,,,,,,,,,,,,,,,,
78,,,,,,,,,,,,1333,,,,,,,,,,,,,,,,,,,,,12.929247856140137,,3.2964792251586914,,3.288707733154297,,3.037600517272949,,3.306459903717041,,,,,,,,,,,,,,,,,,,,,,,,,,
78,,,,,,,,,,,,1334,,,,,,,,,,,,,,,,,,,,,12.660654067993164,,3.285541534423828,,3.3128366470336914,,2.7925028800964355,,3.26977276802063,,,,,,,,,,,,,,,,,,,,,,,,,,
78,,,,,,,,,,,,1335,,,,,,,,,,,,,,,,,,,,,13.938053131103516,,3.2390060424804688,,3.2709922790527344,,4.177745819091797,,3.250309467315674,,,,,,,,,,,,,,,,,,,,,,,,,,
78,,,,,,,,,,,,1336,,,,,,,,,,,,,,,,,,,,,12.63520336151123,,3.295473098754883,,3.3098325729370117,,2.7544848918914795,,3.2754127979278564,,,,,,,,,,,,,,,,,,,,,,,,,,
78,,,,,,,,,,,,1337,,,,,,,,,,,,,,,,,,,,,12.773792266845703,,3.2777323722839355,,3.317835807800293,,2.8817057609558105,,3.2965188026428223,,,,,,,,,,,,,,,,,,,,,,,,,,
78,,,,,,,,,,,,1338,,,,,,,,,,,,,,,,,,,,,13.085445404052734,,3.424314022064209,,3.4295291900634766,,2.8132212162017822,,3.4183807373046875,,,,,,,,,,,,,,,,,,,,,,,,,,
78,,,,,,,,,,,,1339,,,,,,,,,,,,,,,,,,,,,13.184965133666992,,3.463493824005127,,3.479282855987549,,2.800255298614502,,3.4419336318969727,,,,,,,,,,,,,,,,,,,,,,,,,,
78,,,,,,,,,,,,1340,,,,,,,,,,,,,,,,,,,,,12.829572677612305,,3.330836534500122,,3.3781206607818604,,2.7668356895446777,,3.3537797927856445,,,,,,,,,,,,,,,,,,,,,,,,,,
78,,,,,,,,,,,,1341,,,,,,,,,,,,,,,,,,,,,13.083998680114746,,3.4133148193359375,,3.483720302581787,,2.761246681213379,,3.4257161617279053,,,,,,,,,,,,,,,,,,,,,,,,,,
78,,,,,,,,,,,,1342,,,,,,,,,,,,,,,,,,,,,7.139519214630127,,1.8766019344329834,,2.0268399715423584,,1.3136725425720215,,1.9224045276641846,,,,,,,,,,,,,,,,,,,,,,,,,,
,,,,,,,,,,,,78,,,,,,,,,,,,,,,,,,,,,,,,,,,,,,,,,,,,,,,,,,,,,,,,,,,,,,,16.19733428955078
78,,,,,,,,,,,,1342,,,,,,,,,,,,,,,,,,,,,,,,,,,,,,,,,,,,,0.6100000143051147,0.8849999904632568,2.6636130809783936,3.125555992126465,3.4238545894622803,2.866024971008301,4.118287086486816,0.30000001192092896,0.22499999403953552,0.35499998927116394,0.25999999046325684,0.11999999731779099,0.6600000262260437,0.5699999928474426,0.6549999713897705,0.5699999928474426,0.32499998807907104,16.19733428955078,
78,,,,,,16540.0,,,,,,1342,,,,,,,,,,,,,,,,,,,,13.015416145324707,,3.342811346054077,,3.3614025115966797,,2.9653096199035645,,3.345891237258911,,,,0.49350064992904663,0.4961910843849182,0.4946795701980591,0.4929564893245697,0.4725514054298401,,,,,,,,,,,,,,,,,,,
79,,,,,,,,,,,,1343,,,,,,,,,,,,,,,,,,,,,14.322339057922363,,3.328559160232544,,3.3633041381835938,,4.268444061279297,,3.362031936645508,,,,,,,,,,,,,,,,,,,,,,,,,,
79,,,,,,,,,,,,1344,,,,,,,,,,,,,,,,,,,,,12.063366889953613,,3.1637067794799805,,3.1700501441955566,,2.557790994644165,,3.1718192100524902,,,,,,,,,,,,,,,,,,,,,,,,,,
79,,,,,,,,,,,,1345,,,,,,,,,,,,,,,,,,,,,14.784621238708496,,3.460496187210083,,3.481628894805908,,4.347077369689941,,3.495418071746826,,,,,,,,,,,,,,,,,,,,,,,,,,
79,,,,,,,,,,,,1346,,,,,,,,,,,,,,,,,,,,,13.218460083007812,,3.4593446254730225,,3.48958683013916,,2.772341251373291,,3.497188091278076,,,,,,,,,,,,,,,,,,,,,,,,,,
79,,,,,,,,,,,,1347,,,,,,,,,,,,,,,,,,,,,13.556448936462402,,3.171736717224121,,3.160031795501709,,4.063939094543457,,3.160740852355957,,,,,,,,,,,,,,,,,,,,,,,,,,
79,,,,,,,,,,,,1348,,,,,,,,,,,,,,,,,,,,,12.803847312927246,,3.345507860183716,,3.372575521469116,,2.6836776733398438,,3.402085781097412,,,,,,,,,,,,,,,,,,,,,,,,,,
79,,,,,,,,,,,,1349,,,,,,,,,,,,,,,,,,,,,14.577858924865723,,3.4168567657470703,,3.43847918510437,,4.306545257568359,,3.4159774780273438,,,,,,,,,,,,,,,,,,,,,,,,,,
79,,,,,,,,,,,,1350,,,,,,,,,,,,,,,,,,,,,12.214630126953125,,3.2114624977111816,,3.2184810638427734,,2.560945749282837,,3.223741054534912,,,,,,,,,,,,,,,,,,,,,,,,,,
79,,,,,,,,,,,,1351,,,,,,,,,,,,,,,,,,,,,12.851547241210938,,3.4009485244750977,,3.3421080112457275,,2.7470359802246094,,3.361454963684082,,,,,,,,,,,,,,,,,,,,,,,,,,
79,,,,,,,,,,,,1352,,,,,,,,,,,,,,,,,,,,,12.449371337890625,,3.217719554901123,,3.2570204734802246,,2.725430965423584,,3.249199867248535,,,,,,,,,,,,,,,,,,,,,,,,,,
79,,,,,,,,,,,,1353,,,,,,,,,,,,,,,,,,,,,14.285463333129883,,3.369887113571167,,3.3677971363067627,,4.198896408081055,,3.3488831520080566,,,,,,,,,,,,,,,,,,,,,,,,,,
79,,,,,,,,,,,,1354,,,,,,,,,,,,,,,,,,,,,12.800586700439453,,3.4097886085510254,,3.4338178634643555,,2.5470266342163086,,3.4099533557891846,,,,,,,,,,,,,,,,,,,,,,,,,,
79,,,,,,,,,,,,1355,,,,,,,,,,,,,,,,,,,,,13.038199424743652,,3.4276278018951416,,3.424835681915283,,2.8050851821899414,,3.380650520324707,,,,,,,,,,,,,,,,,,,,,,,,,,
79,,,,,,,,,,,,1356,,,,,,,,,,,,,,,,,,,,,12.601980209350586,,3.308953285217285,,3.3402135372161865,,2.6274943351745605,,3.3253190517425537,,,,,,,,,,,,,,,,,,,,,,,,,,
79,,,,,,,,,,,,1357,,,,,,,,,,,,,,,,,,,,,12.754396438598633,,3.383359670639038,,3.389437437057495,,2.5851657390594482,,3.396433115005493,,,,,,,,,,,,,,,,,,,,,,,,,,
79,,,,,,,,,,,,1358,,,,,,,,,,,,,,,,,,,,,14.404563903808594,,3.414703369140625,,3.383798122406006,,4.2024664878845215,,3.403594732284546,,,,,,,,,,,,,,,,,,,,,,,,,,
79,,,,,,,,,,,,1359,,,,,,,,,,,,,,,,,,,,,8.31016731262207,,2.363750457763672,,2.2894797325134277,,1.3581995964050293,,2.2987380027770996,,,,,,,,,,,,,,,,,,,,,,,,,,
,,,,,,,,,,,,79,,,,,,,,,,,,,,,,,,,,,,,,,,,,,,,,,,,,,,,,,,,,,,,,,,,,,,,16.000219345092773
79,,,,,,,,,,,,1359,,,,,,,,,,,,,,,,,,,,,,,,,,,,,,,,,,,,,0.6150000095367432,0.8899999856948853,2.5819296836853027,3.1798064708709717,3.202273368835449,2.9173431396484375,4.118865966796875,0.33500000834465027,0.1850000023841858,0.35499998927116394,0.2549999952316284,0.11500000208616257,0.6800000071525574,0.550000011920929,0.675000011920929,0.5699999928474426,0.33000001311302185,16.000219345092773,
79,,,,,,16540.0,,,,,,1359,,,,,,,,,,,,,,,,,,,,13.248458862304688,,3.3339285850524902,,3.3420510292053223,,3.2321176528930664,,3.340362787246704,,,,0.4951934814453125,0.49882104992866516,0.4786880314350128,0.49331918358802795,0.4722490906715393,,,,,,,,,,,,,,,,,,,
,,,,,,,,,,,,0,,,,,,,,,,,,,,,,,,,16.000219345092773,,,,,,,,,,,,,,,,,,,,,,,,,,,,,,,,,,,,
80,0.4884605407714844,0.3547569513320923,0.5044845938682556,0.39760252833366394,0.2283458262681961,,0.11866595596075058,0.12822464108467102,4.41425895690918,0.11685475707054138,0.07297392934560776,1360,0.6150000095367432,0.8899999856948853,2.5819296836853027,3.1798064708709717,3.202273368835449,2.9173431396484375,4.118865966796875,0.33500000834465027,0.1850000023841858,0.35499998927116394,0.2549999952316284,0.11500000208616257,0.6800000071525574,0.550000011920929,0.675000011920929,0.5699999928474426,0.33000001311302185,16.000219345092773,,,,,,,,,,,,,,,,,,,,,,,,,,,,,,,,,,,,,
